-- phpMyAdmin SQL Dump
-- version 4.1.9
-- http://www.phpmyadmin.net
--
-- Client :  mysql51-94.bdb
-- Généré le :  Ven 12 Juin 2015 à 23:09
-- Version du serveur :  5.1.73-2+squeeze+build1+1-log
-- Version de PHP :  5.3.8

SET FOREIGN_KEY_CHECKS=0;
SET SQL_MODE = "NO_AUTO_VALUE_ON_ZERO";
SET AUTOCOMMIT = 0;
START TRANSACTION;
SET time_zone = "+00:00";


/*!40101 SET @OLD_CHARACTER_SET_CLIENT=@@CHARACTER_SET_CLIENT */;
/*!40101 SET @OLD_CHARACTER_SET_RESULTS=@@CHARACTER_SET_RESULTS */;
/*!40101 SET @OLD_COLLATION_CONNECTION=@@COLLATION_CONNECTION */;
/*!40101 SET NAMES utf8 */;

--
-- Base de données :  `exitiumrpg`
--

--
-- Contenu de la table `phpbb_acl_groups`
--

INSERT IGNORE INTO `phpbb_acl_groups` (`group_id`, `forum_id`, `auth_option_id`, `auth_role_id`, `auth_setting`) VALUES
(8, 23, 0, 21, 0),
(8, 5, 0, 21, 0),
(8, 22, 0, 21, 0),
(5, 0, 0, 5, 0),
(5, 0, 0, 1, 0),
(2, 0, 86, 0, 1),
(3, 0, 0, 6, 0),
(4, 0, 86, 0, 1),
(4, 0, 0, 10, 0),
(5, 14, 0, 14, 0),
(5, 12, 0, 14, 0),
(5, 13, 0, 14, 0),
(5, 11, 0, 14, 0),
(5, 4, 0, 14, 0),
(5, 10, 0, 14, 0),
(5, 9, 0, 14, 0),
(5, 8, 0, 14, 0),
(5, 7, 0, 14, 0),
(5, 6, 0, 14, 0),
(5, 3, 0, 14, 0),
(7, 0, 0, 23, 0),
(2, 6, 0, 21, 0),
(5, 15, 0, 14, 0),
(4, 0, 110, 0, 1),
(5, 19, 0, 14, 0),
(5, 20, 0, 14, 0),
(5, 21, 0, 14, 0),
(5, 22, 0, 14, 0),
(5, 5, 0, 14, 0),
(5, 23, 0, 14, 0),
(5, 24, 0, 14, 0),
(5, 25, 0, 14, 0),
(2, 3, 0, 21, 0),
(2, 7, 0, 21, 0),
(2, 8, 0, 21, 0),
(2, 9, 0, 21, 0),
(2, 10, 0, 21, 0),
(2, 4, 0, 21, 0),
(2, 11, 0, 21, 0),
(2, 13, 0, 21, 0),
(2, 12, 0, 21, 0),
(2, 14, 0, 21, 0),
(2, 15, 0, 21, 0),
(2, 16, 0, 21, 0),
(2, 17, 0, 21, 0),
(4, 0, 93, 0, 1),
(2, 19, 0, 21, 0),
(2, 20, 0, 21, 0),
(2, 21, 0, 21, 0),
(2, 22, 0, 21, 0),
(2, 5, 0, 21, 0),
(2, 23, 0, 21, 0),
(2, 24, 0, 21, 0),
(2, 25, 0, 21, 0),
(1, 3, 0, 17, 0),
(1, 6, 0, 17, 0),
(1, 7, 0, 17, 0),
(1, 8, 0, 17, 0),
(1, 9, 0, 17, 0),
(1, 10, 0, 17, 0),
(1, 4, 0, 17, 0),
(1, 11, 0, 17, 0),
(1, 13, 0, 17, 0),
(1, 12, 0, 17, 0),
(1, 14, 0, 17, 0),
(1, 15, 0, 17, 0),
(1, 16, 0, 17, 0),
(1, 17, 0, 17, 0),
(4, 0, 88, 0, 1),
(1, 19, 0, 17, 0),
(1, 20, 0, 17, 0),
(1, 21, 0, 17, 0),
(1, 22, 0, 17, 0),
(1, 5, 0, 17, 0),
(1, 23, 0, 17, 0),
(1, 24, 0, 17, 0),
(1, 25, 0, 17, 0),
(5, 26, 0, 14, 0),
(2, 26, 0, 21, 0),
(1, 26, 0, 17, 0),
(5, 27, 0, 14, 0),
(2, 27, 0, 21, 0),
(1, 27, 0, 17, 0),
(5, 28, 0, 14, 0),
(2, 28, 0, 21, 0),
(1, 28, 0, 17, 0),
(2, 0, 88, 0, 1),
(2, 0, 93, 0, 1),
(2, 0, 110, 0, 1),
(2, 0, 115, 0, 1),
(2, 0, 87, 0, 1),
(2, 0, 89, 0, 1),
(2, 0, 92, 0, 1),
(2, 0, 117, 0, 1),
(2, 0, 94, 0, 1),
(2, 0, 111, 0, 1),
(2, 0, 112, 0, 1),
(2, 0, 113, 0, 1),
(2, 0, 96, 0, 1),
(2, 0, 97, 0, 1),
(2, 0, 98, 0, 1),
(2, 0, 99, 0, 1),
(2, 0, 100, 0, 1),
(2, 0, 101, 0, 1),
(2, 0, 102, 0, 1),
(2, 0, 103, 0, 1),
(2, 0, 106, 0, 1),
(2, 0, 107, 0, 1),
(2, 0, 108, 0, 1),
(2, 0, 109, 0, 1),
(2, 0, 114, 0, 1),
(2, 0, 124, 0, 1),
(2, 0, 125, 0, 1),
(2, 0, 126, 0, 1),
(2, 0, 127, 0, 1),
(2, 0, 118, 0, 1),
(2, 0, 119, 0, 1),
(2, 0, 85, 0, 1),
(5, 16, 0, 14, 0),
(5, 17, 2, 0, 1),
(5, 17, 11, 0, 1),
(5, 17, 14, 0, 1),
(5, 17, 17, 0, 1),
(5, 17, 20, 0, 1),
(5, 17, 21, 0, 1),
(5, 17, 26, 0, 1),
(5, 17, 3, 0, 1),
(5, 17, 4, 0, 1),
(5, 17, 7, 0, 1),
(5, 17, 10, 0, 1),
(5, 17, 13, 0, 1),
(5, 17, 24, 0, 1),
(5, 17, 25, 0, 1),
(5, 17, 5, 0, 1),
(5, 17, 6, 0, 1),
(5, 17, 8, 0, 1),
(5, 17, 9, 0, 1),
(5, 17, 19, 0, 1),
(5, 17, 22, 0, 1),
(5, 17, 27, 0, 1),
(5, 17, 28, 0, 1),
(5, 17, 12, 0, 1),
(5, 17, 15, 0, 1),
(5, 17, 18, 0, 1),
(5, 17, 23, 0, 1),
(5, 17, 16, 0, 1),
(5, 17, 29, 0, 1),
(5, 17, 30, 0, 1),
(5, 17, 1, 0, 1),
(4, 0, 115, 0, 1),
(4, 0, 87, 0, 1),
(4, 0, 89, 0, 1),
(4, 0, 92, 0, 1),
(4, 0, 117, 0, 1),
(4, 0, 94, 0, 1),
(4, 0, 95, 0, 1),
(4, 0, 111, 0, 1),
(4, 0, 112, 0, 1),
(4, 0, 113, 0, 1),
(4, 0, 116, 0, 1),
(4, 0, 96, 0, 1),
(4, 0, 97, 0, 1),
(4, 0, 98, 0, 1),
(4, 0, 99, 0, 1),
(4, 0, 100, 0, 1),
(4, 0, 101, 0, 1),
(4, 0, 102, 0, 1),
(4, 0, 103, 0, 1),
(4, 0, 104, 0, 1),
(4, 0, 105, 0, 1),
(4, 0, 106, 0, 1),
(4, 0, 107, 0, 1),
(4, 0, 108, 0, 1),
(4, 0, 109, 0, 1),
(4, 0, 114, 0, 1),
(4, 0, 124, 0, 1),
(4, 0, 125, 0, 1),
(4, 0, 121, 0, 1),
(4, 0, 120, 0, 1),
(4, 0, 123, 0, 1),
(4, 0, 122, 0, 1),
(4, 0, 126, 0, 1),
(4, 0, 127, 0, 1),
(4, 0, 118, 0, 1),
(4, 0, 119, 0, 1),
(4, 0, 85, 0, 1),
(8, 21, 0, 21, 0),
(8, 20, 0, 21, 0),
(8, 19, 0, 21, 0),
(8, 17, 0, 21, 0),
(8, 16, 0, 21, 0),
(8, 15, 0, 21, 0),
(8, 14, 0, 21, 0),
(8, 12, 0, 21, 0),
(8, 13, 0, 21, 0),
(8, 11, 0, 21, 0),
(8, 4, 0, 21, 0),
(8, 10, 0, 21, 0),
(8, 9, 0, 21, 0),
(8, 8, 0, 21, 0),
(8, 7, 0, 21, 0),
(8, 3, 0, 21, 0),
(8, 6, 0, 21, 0),
(8, 0, 86, 0, 1),
(4, 29, 0, 21, 0),
(7, 29, 0, 15, 0),
(2, 29, 0, 21, 0),
(5, 29, 0, 14, 0),
(1, 0, 85, 0, 1),
(1, 0, 111, 0, 1),
(8, 24, 0, 21, 0),
(8, 25, 0, 21, 0),
(8, 26, 0, 21, 0),
(8, 27, 0, 21, 0),
(8, 28, 0, 21, 0),
(8, 0, 88, 0, 1),
(8, 0, 93, 0, 1),
(8, 0, 110, 0, 1),
(8, 0, 115, 0, 1),
(8, 0, 87, 0, 1),
(8, 0, 89, 0, 1),
(8, 0, 92, 0, 1),
(8, 0, 117, 0, 1),
(8, 0, 94, 0, 1),
(8, 0, 111, 0, 1),
(8, 0, 112, 0, 1),
(8, 0, 113, 0, 1),
(8, 0, 96, 0, 1),
(8, 0, 97, 0, 1),
(8, 0, 98, 0, 1),
(8, 0, 99, 0, 1),
(8, 0, 100, 0, 1),
(8, 0, 101, 0, 1),
(8, 0, 102, 0, 1),
(8, 0, 103, 0, 1),
(8, 0, 106, 0, 1),
(8, 0, 107, 0, 1),
(8, 0, 108, 0, 1),
(8, 0, 109, 0, 1),
(8, 0, 114, 0, 1),
(8, 0, 124, 0, 1),
(8, 0, 125, 0, 1),
(8, 0, 126, 0, 1),
(8, 0, 127, 0, 1),
(8, 0, 118, 0, 1),
(8, 0, 119, 0, 1),
(8, 0, 85, 0, 1),
(8, 29, 0, 21, 0),
(9, 0, 86, 0, 1),
(9, 6, 0, 21, 0),
(9, 3, 0, 21, 0),
(9, 7, 0, 21, 0),
(9, 8, 0, 21, 0),
(9, 9, 0, 21, 0),
(9, 10, 0, 21, 0),
(9, 4, 0, 21, 0),
(9, 11, 0, 21, 0),
(9, 13, 0, 21, 0),
(9, 12, 0, 21, 0),
(9, 14, 0, 21, 0),
(9, 15, 0, 21, 0),
(9, 16, 0, 21, 0),
(9, 17, 0, 21, 0),
(9, 19, 0, 21, 0),
(9, 20, 0, 21, 0),
(9, 21, 0, 21, 0),
(9, 22, 0, 21, 0),
(9, 5, 0, 21, 0),
(9, 23, 0, 21, 0),
(9, 24, 0, 21, 0),
(9, 25, 0, 21, 0),
(9, 26, 0, 21, 0),
(9, 27, 0, 21, 0),
(9, 28, 0, 21, 0),
(9, 0, 88, 0, 1),
(9, 0, 93, 0, 1),
(9, 0, 110, 0, 1),
(9, 0, 115, 0, 1),
(9, 0, 87, 0, 1),
(9, 0, 89, 0, 1),
(9, 0, 92, 0, 1),
(9, 0, 117, 0, 1),
(9, 0, 94, 0, 1),
(9, 0, 111, 0, 1),
(9, 0, 112, 0, 1),
(9, 0, 113, 0, 1),
(9, 0, 96, 0, 1),
(9, 0, 97, 0, 1),
(9, 0, 98, 0, 1),
(9, 0, 99, 0, 1),
(9, 0, 100, 0, 1),
(9, 0, 101, 0, 1),
(9, 0, 102, 0, 1),
(9, 0, 103, 0, 1),
(9, 0, 106, 0, 1),
(9, 0, 107, 0, 1),
(9, 0, 108, 0, 1),
(9, 0, 109, 0, 1),
(9, 0, 114, 0, 1),
(9, 0, 124, 0, 1),
(9, 0, 125, 0, 1),
(9, 0, 126, 0, 1),
(9, 0, 127, 0, 1),
(9, 0, 118, 0, 1),
(9, 0, 119, 0, 1),
(9, 0, 85, 0, 1),
(9, 29, 0, 21, 0),
(10, 0, 86, 0, 1),
(10, 6, 0, 21, 0),
(10, 3, 0, 21, 0),
(10, 7, 0, 21, 0),
(10, 8, 0, 21, 0),
(10, 9, 0, 21, 0),
(10, 10, 0, 21, 0),
(10, 4, 0, 21, 0),
(10, 11, 0, 21, 0),
(10, 13, 0, 21, 0),
(10, 12, 0, 21, 0),
(10, 14, 0, 21, 0),
(10, 15, 0, 21, 0),
(10, 16, 0, 21, 0),
(10, 17, 0, 21, 0),
(10, 19, 0, 21, 0),
(10, 20, 0, 21, 0),
(10, 21, 0, 21, 0),
(10, 22, 0, 21, 0),
(10, 5, 0, 21, 0),
(10, 23, 0, 21, 0),
(10, 24, 0, 21, 0),
(10, 25, 0, 21, 0),
(10, 26, 0, 21, 0),
(10, 27, 0, 21, 0),
(10, 28, 0, 21, 0),
(10, 0, 88, 0, 1),
(10, 0, 93, 0, 1),
(10, 0, 110, 0, 1),
(10, 0, 115, 0, 1),
(10, 0, 87, 0, 1),
(10, 0, 89, 0, 1),
(10, 0, 92, 0, 1),
(10, 0, 117, 0, 1),
(10, 0, 94, 0, 1),
(10, 0, 111, 0, 1),
(10, 0, 112, 0, 1),
(10, 0, 113, 0, 1),
(10, 0, 96, 0, 1),
(10, 0, 97, 0, 1),
(10, 0, 98, 0, 1),
(10, 0, 99, 0, 1),
(10, 0, 100, 0, 1),
(10, 0, 101, 0, 1),
(10, 0, 102, 0, 1),
(10, 0, 103, 0, 1),
(10, 0, 106, 0, 1),
(10, 0, 107, 0, 1),
(10, 0, 108, 0, 1),
(10, 0, 109, 0, 1),
(10, 0, 114, 0, 1),
(10, 0, 124, 0, 1),
(10, 0, 125, 0, 1),
(10, 0, 126, 0, 1),
(10, 0, 127, 0, 1),
(10, 0, 118, 0, 1),
(10, 0, 119, 0, 1),
(10, 0, 85, 0, 1),
(10, 29, 0, 21, 0),
(11, 0, 86, 0, 1),
(11, 6, 0, 21, 0),
(11, 3, 0, 21, 0),
(11, 7, 0, 21, 0),
(11, 8, 0, 21, 0),
(11, 9, 0, 21, 0),
(11, 10, 0, 21, 0),
(11, 4, 0, 21, 0),
(11, 11, 0, 21, 0),
(11, 13, 0, 21, 0),
(11, 12, 0, 21, 0),
(11, 14, 0, 21, 0),
(11, 15, 0, 21, 0),
(11, 16, 0, 21, 0),
(11, 17, 0, 21, 0),
(11, 19, 0, 21, 0),
(11, 20, 0, 21, 0),
(11, 21, 0, 21, 0),
(11, 22, 0, 21, 0),
(11, 5, 0, 21, 0),
(11, 23, 0, 21, 0),
(11, 24, 0, 21, 0),
(11, 25, 0, 21, 0),
(11, 26, 0, 21, 0),
(11, 27, 0, 21, 0),
(11, 28, 0, 21, 0),
(11, 0, 88, 0, 1),
(11, 0, 93, 0, 1),
(11, 0, 110, 0, 1),
(11, 0, 115, 0, 1),
(11, 0, 87, 0, 1),
(11, 0, 89, 0, 1),
(11, 0, 92, 0, 1),
(11, 0, 117, 0, 1),
(11, 0, 94, 0, 1),
(11, 0, 111, 0, 1),
(11, 0, 112, 0, 1),
(11, 0, 113, 0, 1),
(11, 0, 96, 0, 1),
(11, 0, 97, 0, 1),
(11, 0, 98, 0, 1),
(11, 0, 99, 0, 1),
(11, 0, 100, 0, 1),
(11, 0, 101, 0, 1),
(11, 0, 102, 0, 1),
(11, 0, 103, 0, 1),
(11, 0, 106, 0, 1),
(11, 0, 107, 0, 1),
(11, 0, 108, 0, 1),
(11, 0, 109, 0, 1),
(11, 0, 114, 0, 1),
(11, 0, 124, 0, 1),
(11, 0, 125, 0, 1),
(11, 0, 126, 0, 1),
(11, 0, 127, 0, 1),
(11, 0, 118, 0, 1),
(11, 0, 119, 0, 1),
(11, 0, 85, 0, 1),
(11, 29, 0, 21, 0),
(12, 0, 86, 0, 1),
(12, 6, 0, 21, 0),
(12, 3, 0, 21, 0),
(12, 7, 0, 21, 0),
(12, 8, 0, 21, 0),
(12, 9, 0, 21, 0),
(12, 10, 0, 21, 0),
(12, 4, 0, 21, 0),
(12, 11, 0, 21, 0),
(12, 13, 0, 21, 0),
(12, 12, 0, 21, 0),
(12, 14, 0, 21, 0),
(12, 15, 0, 21, 0),
(12, 16, 0, 21, 0),
(12, 17, 0, 21, 0),
(12, 19, 0, 21, 0),
(12, 20, 0, 21, 0),
(12, 21, 0, 21, 0),
(12, 22, 0, 21, 0),
(12, 5, 0, 21, 0),
(12, 23, 0, 21, 0),
(12, 24, 0, 21, 0),
(12, 25, 0, 21, 0),
(12, 26, 0, 21, 0),
(12, 27, 0, 21, 0),
(12, 28, 0, 21, 0),
(12, 0, 88, 0, 1),
(12, 0, 93, 0, 1),
(12, 0, 110, 0, 1),
(12, 0, 115, 0, 1),
(12, 0, 87, 0, 1),
(12, 0, 89, 0, 1),
(12, 0, 92, 0, 1),
(12, 0, 117, 0, 1),
(12, 0, 94, 0, 1),
(12, 0, 111, 0, 1),
(12, 0, 112, 0, 1),
(12, 0, 113, 0, 1),
(12, 0, 96, 0, 1),
(12, 0, 97, 0, 1),
(12, 0, 98, 0, 1),
(12, 0, 99, 0, 1),
(12, 0, 100, 0, 1),
(12, 0, 101, 0, 1),
(12, 0, 102, 0, 1),
(12, 0, 103, 0, 1),
(12, 0, 106, 0, 1),
(12, 0, 107, 0, 1),
(12, 0, 108, 0, 1),
(12, 0, 109, 0, 1),
(12, 0, 114, 0, 1),
(12, 0, 124, 0, 1),
(12, 0, 125, 0, 1),
(12, 0, 126, 0, 1),
(12, 0, 127, 0, 1),
(12, 0, 118, 0, 1),
(12, 0, 119, 0, 1),
(12, 0, 85, 0, 1),
(12, 29, 0, 21, 0),
(8, 35, 0, 21, 0),
(5, 35, 0, 14, 0),
(2, 35, 0, 21, 0),
(1, 35, 0, 17, 0),
(9, 35, 0, 21, 0),
(10, 35, 0, 21, 0),
(11, 35, 0, 21, 0),
(12, 35, 0, 21, 0),
(8, 36, 0, 21, 0),
(5, 36, 0, 14, 0),
(2, 36, 0, 21, 0),
(1, 36, 0, 17, 0),
(9, 36, 0, 21, 0),
(10, 36, 0, 21, 0),
(11, 36, 0, 21, 0),
(12, 36, 0, 21, 0),
(5, 37, 0, 14, 0),
(2, 37, 0, 21, 0),
(1, 37, 0, 17, 0),
(8, 37, 0, 21, 0),
(9, 37, 0, 21, 0),
(10, 37, 0, 21, 0),
(11, 37, 0, 21, 0),
(12, 37, 0, 21, 0);

--
-- Contenu de la table `phpbb_acl_options`
--

INSERT IGNORE INTO `phpbb_acl_options` (`auth_option_id`, `auth_option`, `is_global`, `is_local`, `founder_only`) VALUES
(1, 'f_', 0, 1, 0),
(2, 'f_announce', 0, 1, 0),
(3, 'f_attach', 0, 1, 0),
(4, 'f_bbcode', 0, 1, 0),
(5, 'f_bump', 0, 1, 0),
(6, 'f_delete', 0, 1, 0),
(7, 'f_download', 0, 1, 0),
(8, 'f_edit', 0, 1, 0),
(9, 'f_email', 0, 1, 0),
(10, 'f_flash', 0, 1, 0),
(11, 'f_icons', 0, 1, 0),
(12, 'f_ignoreflood', 0, 1, 0),
(13, 'f_img', 0, 1, 0),
(14, 'f_list', 0, 1, 0),
(15, 'f_noapprove', 0, 1, 0),
(16, 'f_poll', 0, 1, 0),
(17, 'f_post', 0, 1, 0),
(18, 'f_postcount', 0, 1, 0),
(19, 'f_print', 0, 1, 0),
(20, 'f_read', 0, 1, 0),
(21, 'f_reply', 0, 1, 0),
(22, 'f_report', 0, 1, 0),
(23, 'f_search', 0, 1, 0),
(24, 'f_sigs', 0, 1, 0),
(25, 'f_smilies', 0, 1, 0),
(26, 'f_sticky', 0, 1, 0),
(27, 'f_subscribe', 0, 1, 0),
(28, 'f_user_lock', 0, 1, 0),
(29, 'f_vote', 0, 1, 0),
(30, 'f_votechg', 0, 1, 0),
(31, 'm_', 1, 1, 0),
(32, 'm_approve', 1, 1, 0),
(33, 'm_chgposter', 1, 1, 0),
(34, 'm_delete', 1, 1, 0),
(35, 'm_edit', 1, 1, 0),
(36, 'm_info', 1, 1, 0),
(37, 'm_lock', 1, 1, 0),
(38, 'm_merge', 1, 1, 0),
(39, 'm_move', 1, 1, 0),
(40, 'm_report', 1, 1, 0),
(41, 'm_split', 1, 1, 0),
(42, 'm_ban', 1, 0, 0),
(43, 'm_warn', 1, 0, 0),
(44, 'a_', 1, 0, 0),
(45, 'a_aauth', 1, 0, 0),
(46, 'a_attach', 1, 0, 0),
(47, 'a_authgroups', 1, 0, 0),
(48, 'a_authusers', 1, 0, 0),
(49, 'a_backup', 1, 0, 0),
(50, 'a_ban', 1, 0, 0),
(51, 'a_bbcode', 1, 0, 0),
(52, 'a_board', 1, 0, 0),
(53, 'a_bots', 1, 0, 0),
(54, 'a_clearlogs', 1, 0, 0),
(55, 'a_email', 1, 0, 0),
(56, 'a_fauth', 1, 0, 0),
(57, 'a_forum', 1, 0, 0),
(58, 'a_forumadd', 1, 0, 0),
(59, 'a_forumdel', 1, 0, 0),
(60, 'a_group', 1, 0, 0),
(61, 'a_groupadd', 1, 0, 0),
(62, 'a_groupdel', 1, 0, 0),
(63, 'a_icons', 1, 0, 0),
(64, 'a_jabber', 1, 0, 0),
(65, 'a_language', 1, 0, 0),
(66, 'a_mauth', 1, 0, 0),
(67, 'a_modules', 1, 0, 0),
(68, 'a_names', 1, 0, 0),
(69, 'a_phpinfo', 1, 0, 0),
(70, 'a_profile', 1, 0, 0),
(71, 'a_prune', 1, 0, 0),
(72, 'a_ranks', 1, 0, 0),
(73, 'a_reasons', 1, 0, 0),
(74, 'a_roles', 1, 0, 0),
(75, 'a_search', 1, 0, 0),
(76, 'a_server', 1, 0, 0),
(77, 'a_styles', 1, 0, 0),
(78, 'a_switchperm', 1, 0, 0),
(79, 'a_uauth', 1, 0, 0),
(80, 'a_user', 1, 0, 0),
(81, 'a_userdel', 1, 0, 0),
(82, 'a_viewauth', 1, 0, 0),
(83, 'a_viewlogs', 1, 0, 0),
(84, 'a_words', 1, 0, 0),
(85, 'u_', 1, 0, 0),
(86, 'u_attach', 1, 0, 0),
(87, 'u_chgavatar', 1, 0, 0),
(88, 'u_chgcensors', 1, 0, 0),
(89, 'u_chgemail', 1, 0, 0),
(90, 'u_chggrp', 1, 0, 0),
(91, 'u_chgname', 1, 0, 0),
(92, 'u_chgpasswd', 1, 0, 0),
(93, 'u_download', 1, 0, 0),
(94, 'u_hideonline', 1, 0, 0),
(95, 'u_ignoreflood', 1, 0, 0),
(96, 'u_masspm', 1, 0, 0),
(97, 'u_masspm_group', 1, 0, 0),
(98, 'u_pm_attach', 1, 0, 0),
(99, 'u_pm_bbcode', 1, 0, 0),
(100, 'u_pm_delete', 1, 0, 0),
(101, 'u_pm_download', 1, 0, 0),
(102, 'u_pm_edit', 1, 0, 0),
(103, 'u_pm_emailpm', 1, 0, 0),
(104, 'u_pm_flash', 1, 0, 0),
(105, 'u_pm_forward', 1, 0, 0),
(106, 'u_pm_img', 1, 0, 0),
(107, 'u_pm_printpm', 1, 0, 0),
(108, 'u_pm_smilies', 1, 0, 0),
(109, 'u_readpm', 1, 0, 0),
(110, 'u_savedrafts', 1, 0, 0),
(111, 'u_search', 1, 0, 0),
(112, 'u_sendemail', 1, 0, 0),
(113, 'u_sendim', 1, 0, 0),
(114, 'u_sendpm', 1, 0, 0),
(115, 'u_sig', 1, 0, 0),
(116, 'u_viewonline', 1, 0, 0),
(117, 'u_viewprofile', 1, 0, 0),
(118, 'u_mchat_use', 1, 0, 0),
(119, 'u_mchat_view', 1, 0, 0),
(120, 'u_mchat_edit', 1, 0, 0),
(121, 'u_mchat_delete', 1, 0, 0),
(122, 'u_mchat_ip', 1, 0, 0),
(123, 'u_mchat_flood_ignore', 1, 0, 0),
(124, 'u_mchat_archive', 1, 0, 0),
(125, 'u_mchat_bbcode', 1, 0, 0),
(126, 'u_mchat_smilies', 1, 0, 0),
(127, 'u_mchat_urls', 1, 0, 0),
(128, 'a_mchat', 1, 0, 0);

--
-- Contenu de la table `phpbb_acl_roles`
--

INSERT IGNORE INTO `phpbb_acl_roles` (`role_id`, `role_name`, `role_description`, `role_type`, `role_order`) VALUES
(1, 'ROLE_ADMIN_STANDARD', 'ROLE_DESCRIPTION_ADMIN_STANDARD', 'a_', 1),
(2, 'ROLE_ADMIN_FORUM', 'ROLE_DESCRIPTION_ADMIN_FORUM', 'a_', 3),
(3, 'ROLE_ADMIN_USERGROUP', 'ROLE_DESCRIPTION_ADMIN_USERGROUP', 'a_', 4),
(4, 'ROLE_ADMIN_FULL', 'ROLE_DESCRIPTION_ADMIN_FULL', 'a_', 2),
(5, 'ROLE_USER_FULL', 'ROLE_DESCRIPTION_USER_FULL', 'u_', 3),
(6, 'ROLE_USER_STANDARD', 'ROLE_DESCRIPTION_USER_STANDARD', 'u_', 1),
(7, 'ROLE_USER_LIMITED', 'ROLE_DESCRIPTION_USER_LIMITED', 'u_', 2),
(8, 'ROLE_USER_NOPM', 'ROLE_DESCRIPTION_USER_NOPM', 'u_', 4),
(9, 'ROLE_USER_NOAVATAR', 'ROLE_DESCRIPTION_USER_NOAVATAR', 'u_', 5),
(10, 'ROLE_MOD_FULL', 'ROLE_DESCRIPTION_MOD_FULL', 'm_', 3),
(11, 'ROLE_MOD_STANDARD', 'ROLE_DESCRIPTION_MOD_STANDARD', 'm_', 1),
(12, 'ROLE_MOD_SIMPLE', 'ROLE_DESCRIPTION_MOD_SIMPLE', 'm_', 2),
(13, 'ROLE_MOD_QUEUE', 'ROLE_DESCRIPTION_MOD_QUEUE', 'm_', 4),
(14, 'ROLE_FORUM_FULL', 'ROLE_DESCRIPTION_FORUM_FULL', 'f_', 7),
(15, 'ROLE_FORUM_STANDARD', 'ROLE_DESCRIPTION_FORUM_STANDARD', 'f_', 5),
(16, 'ROLE_FORUM_NOACCESS', 'ROLE_DESCRIPTION_FORUM_NOACCESS', 'f_', 1),
(17, 'ROLE_FORUM_READONLY', 'ROLE_DESCRIPTION_FORUM_READONLY', 'f_', 2),
(18, 'ROLE_FORUM_LIMITED', 'ROLE_DESCRIPTION_FORUM_LIMITED', 'f_', 3),
(19, 'ROLE_FORUM_BOT', 'ROLE_DESCRIPTION_FORUM_BOT', 'f_', 9),
(20, 'ROLE_FORUM_ONQUEUE', 'ROLE_DESCRIPTION_FORUM_ONQUEUE', 'f_', 8),
(21, 'ROLE_FORUM_POLLS', 'ROLE_DESCRIPTION_FORUM_POLLS', 'f_', 6),
(22, 'ROLE_FORUM_LIMITED_POLLS', 'ROLE_DESCRIPTION_FORUM_LIMITED_POLLS', 'f_', 4),
(23, 'ROLE_USER_NEW_MEMBER', 'ROLE_DESCRIPTION_USER_NEW_MEMBER', 'u_', 6),
(24, 'ROLE_FORUM_NEW_MEMBER', 'ROLE_DESCRIPTION_FORUM_NEW_MEMBER', 'f_', 10);

--
-- Contenu de la table `phpbb_acl_roles_data`
--

INSERT IGNORE INTO `phpbb_acl_roles_data` (`role_id`, `auth_option_id`, `auth_setting`) VALUES
(1, 44, 1),
(1, 46, 1),
(1, 47, 1),
(1, 48, 1),
(1, 50, 1),
(1, 51, 1),
(1, 52, 1),
(1, 56, 1),
(1, 57, 1),
(1, 58, 1),
(1, 59, 1),
(1, 60, 1),
(1, 61, 1),
(1, 62, 1),
(1, 63, 1),
(1, 66, 1),
(1, 68, 1),
(1, 70, 1),
(1, 71, 1),
(1, 72, 1),
(1, 73, 1),
(1, 79, 1),
(1, 80, 1),
(1, 81, 1),
(1, 82, 1),
(1, 83, 1),
(1, 84, 1),
(2, 44, 1),
(2, 47, 1),
(2, 48, 1),
(2, 56, 1),
(2, 57, 1),
(2, 58, 1),
(2, 59, 1),
(2, 66, 1),
(2, 71, 1),
(2, 79, 1),
(2, 82, 1),
(2, 83, 1),
(3, 44, 1),
(3, 47, 1),
(3, 48, 1),
(3, 50, 1),
(3, 60, 1),
(3, 61, 1),
(3, 62, 1),
(3, 72, 1),
(3, 79, 1),
(3, 80, 1),
(3, 82, 1),
(3, 83, 1),
(4, 44, 1),
(4, 45, 1),
(4, 46, 1),
(4, 47, 1),
(4, 48, 1),
(4, 49, 1),
(4, 50, 1),
(4, 51, 1),
(4, 52, 1),
(4, 53, 1),
(4, 54, 1),
(4, 55, 1),
(4, 56, 1),
(4, 57, 1),
(4, 58, 1),
(4, 59, 1),
(4, 60, 1),
(4, 61, 1),
(4, 62, 1),
(4, 63, 1),
(4, 64, 1),
(4, 65, 1),
(4, 66, 1),
(4, 67, 1),
(4, 68, 1),
(4, 69, 1),
(4, 70, 1),
(4, 71, 1),
(4, 72, 1),
(4, 73, 1),
(4, 74, 1),
(4, 75, 1),
(4, 76, 1),
(4, 77, 1),
(4, 78, 1),
(4, 79, 1),
(4, 80, 1),
(4, 81, 1),
(4, 82, 1),
(4, 83, 1),
(4, 84, 1),
(5, 85, 1),
(5, 86, 1),
(5, 87, 1),
(5, 88, 1),
(5, 89, 1),
(5, 90, 1),
(5, 91, 1),
(5, 92, 1),
(5, 93, 1),
(5, 94, 1),
(5, 95, 1),
(5, 96, 1),
(5, 97, 1),
(5, 98, 1),
(5, 99, 1),
(5, 100, 1),
(5, 101, 1),
(5, 102, 1),
(5, 103, 1),
(5, 104, 1),
(5, 105, 1),
(5, 106, 1),
(5, 107, 1),
(5, 108, 1),
(5, 109, 1),
(5, 110, 1),
(5, 111, 1),
(5, 112, 1),
(5, 113, 1),
(5, 114, 1),
(5, 115, 1),
(5, 116, 1),
(5, 117, 1),
(6, 85, 1),
(6, 86, 1),
(6, 87, 1),
(6, 88, 1),
(6, 89, 1),
(6, 92, 1),
(6, 93, 1),
(6, 94, 1),
(6, 96, 1),
(6, 97, 1),
(6, 98, 1),
(6, 99, 1),
(6, 100, 1),
(6, 101, 1),
(6, 102, 1),
(6, 103, 1),
(6, 106, 1),
(6, 107, 1),
(6, 108, 1),
(6, 109, 1),
(6, 110, 1),
(6, 111, 1),
(6, 112, 1),
(6, 113, 1),
(6, 114, 1),
(6, 115, 1),
(6, 117, 1),
(7, 85, 1),
(7, 87, 1),
(7, 88, 1),
(7, 89, 1),
(7, 92, 1),
(7, 93, 1),
(7, 94, 1),
(7, 99, 1),
(7, 100, 1),
(7, 101, 1),
(7, 102, 1),
(7, 105, 1),
(7, 106, 1),
(7, 107, 1),
(7, 108, 1),
(7, 109, 1),
(7, 114, 1),
(7, 115, 1),
(7, 117, 1),
(8, 85, 1),
(8, 87, 1),
(8, 88, 1),
(8, 89, 1),
(8, 92, 1),
(8, 93, 1),
(8, 94, 1),
(8, 115, 1),
(8, 117, 1),
(8, 96, 0),
(8, 97, 0),
(8, 109, 0),
(8, 114, 0),
(9, 85, 1),
(9, 88, 1),
(9, 89, 1),
(9, 92, 1),
(9, 93, 1),
(9, 94, 1),
(9, 99, 1),
(9, 100, 1),
(9, 101, 1),
(9, 102, 1),
(9, 105, 1),
(9, 106, 1),
(9, 107, 1),
(9, 108, 1),
(9, 109, 1),
(9, 114, 1),
(9, 115, 1),
(9, 117, 1),
(9, 87, 0),
(10, 31, 1),
(10, 32, 1),
(10, 42, 1),
(10, 33, 1),
(10, 34, 1),
(10, 35, 1),
(10, 36, 1),
(10, 37, 1),
(10, 38, 1),
(10, 39, 1),
(10, 40, 1),
(10, 41, 1),
(10, 43, 1),
(11, 31, 1),
(11, 32, 1),
(11, 34, 1),
(11, 35, 1),
(11, 36, 1),
(11, 37, 1),
(11, 38, 1),
(11, 39, 1),
(11, 40, 1),
(11, 41, 1),
(11, 43, 1),
(12, 31, 1),
(12, 34, 1),
(12, 35, 1),
(12, 36, 1),
(12, 40, 1),
(13, 31, 1),
(13, 32, 1),
(13, 35, 1),
(14, 1, 1),
(14, 2, 1),
(14, 3, 1),
(14, 4, 1),
(14, 5, 1),
(14, 6, 1),
(14, 7, 1),
(14, 8, 1),
(14, 9, 1),
(14, 10, 1),
(14, 11, 1),
(14, 12, 1),
(14, 13, 1),
(14, 14, 1),
(14, 15, 1),
(14, 16, 1),
(14, 17, 1),
(14, 18, 1),
(14, 19, 1),
(14, 20, 1),
(14, 21, 1),
(14, 22, 1),
(14, 23, 1),
(14, 24, 1),
(14, 25, 1),
(14, 26, 1),
(14, 27, 1),
(14, 28, 1),
(14, 29, 1),
(14, 30, 1),
(15, 1, 1),
(15, 3, 1),
(15, 4, 1),
(15, 5, 1),
(15, 6, 1),
(15, 7, 1),
(15, 8, 1),
(15, 9, 1),
(15, 11, 1),
(15, 13, 1),
(15, 14, 1),
(15, 15, 1),
(15, 17, 1),
(15, 18, 1),
(15, 19, 1),
(15, 20, 1),
(15, 21, 1),
(15, 22, 1),
(15, 23, 1),
(15, 24, 1),
(15, 25, 1),
(15, 27, 1),
(15, 29, 1),
(15, 30, 1),
(16, 1, 0),
(17, 1, 1),
(17, 7, 1),
(17, 14, 1),
(17, 19, 1),
(17, 20, 1),
(17, 23, 1),
(17, 27, 1),
(18, 1, 1),
(18, 4, 1),
(18, 7, 1),
(18, 8, 1),
(18, 9, 1),
(18, 13, 1),
(18, 14, 1),
(18, 15, 1),
(18, 17, 1),
(18, 18, 1),
(18, 19, 1),
(18, 20, 1),
(18, 21, 1),
(18, 22, 1),
(18, 23, 1),
(18, 24, 1),
(18, 25, 1),
(18, 27, 1),
(18, 29, 1),
(19, 1, 1),
(19, 7, 1),
(19, 14, 1),
(19, 19, 1),
(19, 20, 1),
(20, 1, 1),
(20, 3, 1),
(20, 4, 1),
(20, 7, 1),
(20, 8, 1),
(20, 9, 1),
(20, 13, 1),
(20, 14, 1),
(20, 17, 1),
(20, 18, 1),
(20, 19, 1),
(20, 20, 1),
(20, 21, 1),
(20, 22, 1),
(20, 23, 1),
(20, 24, 1),
(20, 25, 1),
(20, 27, 1),
(20, 29, 1),
(20, 15, 0),
(21, 1, 1),
(21, 3, 1),
(21, 4, 1),
(21, 5, 1),
(21, 6, 1),
(21, 7, 1),
(21, 8, 1),
(21, 9, 1),
(21, 11, 1),
(21, 13, 1),
(21, 14, 1),
(21, 15, 1),
(21, 16, 1),
(21, 17, 1),
(21, 18, 1),
(21, 19, 1),
(21, 20, 1),
(21, 21, 1),
(21, 22, 1),
(21, 23, 1),
(21, 24, 1),
(21, 25, 1),
(21, 27, 1),
(21, 29, 1),
(21, 30, 1),
(22, 1, 1),
(22, 4, 1),
(22, 7, 1),
(22, 8, 1),
(22, 9, 1),
(22, 13, 1),
(22, 14, 1),
(22, 15, 1),
(22, 16, 1),
(22, 17, 1),
(22, 18, 1),
(22, 19, 1),
(22, 20, 1),
(22, 21, 1),
(22, 22, 1),
(22, 23, 1),
(22, 24, 1),
(22, 25, 1),
(22, 27, 1),
(22, 29, 1),
(23, 96, 0),
(23, 97, 0),
(23, 114, 0),
(24, 15, 0),
(5, 118, 1),
(5, 119, 1),
(5, 120, 1),
(5, 121, 1),
(5, 122, 1),
(5, 123, 1),
(5, 124, 1),
(5, 125, 1),
(5, 126, 1),
(5, 127, 1);

--
-- Contenu de la table `phpbb_acl_users`
--

INSERT IGNORE INTO `phpbb_acl_users` (`user_id`, `forum_id`, `auth_option_id`, `auth_role_id`, `auth_setting`) VALUES
(2, 0, 0, 5, 0),
(55, 0, 0, 4, 0),
(56, 0, 0, 4, 0),
(56, 0, 0, 5, 0),
(59, 0, 0, 6, 0),
(84, 0, 32, 0, 1),
(84, 0, 34, 0, 1),
(84, 0, 35, 0, 1),
(84, 0, 40, 0, 1),
(84, 0, 42, 0, 1),
(84, 0, 36, 0, 1),
(84, 0, 43, 0, 1),
(84, 0, 37, 0, 1),
(84, 0, 38, 0, 1),
(84, 0, 39, 0, 1),
(84, 0, 41, 0, 1),
(84, 0, 31, 0, 1);

--
-- Contenu de la table `phpbb_bbcodes`
--

INSERT IGNORE INTO `phpbb_bbcodes` (`bbcode_id`, `bbcode_tag`, `bbcode_helpline`, `display_on_posting`, `bbcode_match`, `bbcode_tpl`, `first_pass_match`, `first_pass_replace`, `second_pass_match`, `second_pass_replace`) VALUES
(13, 'align=', '[align=left ou center ou right]TEXTE[/align] Aligner du texte', 1, '[align={TEXT1}]{TEXT2}[/align]', '<div style="text-align: {TEXT1};">{TEXT2}</div>', '!\\[align\\=(.*?)\\](.*?)\\[/align\\]!ies', '''[align=''.str_replace(array("\\r\\n", ''\\"'', ''\\'''', ''('', '')''), array("\\n", ''"'', ''&#39;'', ''&#40;'', ''&#41;''), trim(''${1}'')).'':$uid]''.str_replace(array("\\r\\n", ''\\"'', ''\\'''', ''('', '')''), array("\\n", ''"'', ''&#39;'', ''&#40;'', ''&#41;''), trim(''${2}'')).''[/align:$uid]''', '!\\[align\\=(.*?):$uid\\](.*?)\\[/align:$uid\\]!s', '<div style="text-align: ${1};">${2}</div>'),
(14, 'spoiler', '[spoiler]Texte à cacher[/spoiler]', 1, '[spoiler]{TEXT}[/spoiler]', '<div style="margin:20px;margin-top:5px"><div class="quotetitle"><input type="button" value="Afficher" style="width:60px;font-size:10px;margin:0px;padding:0px;" onclick="if(this.parentNode.parentNode.getElementsByTagName(''div'')[1].getElementsByTagName(''div'')[0].style.display!=''''){this.parentNode.parentNode.getElementsByTagName(''div'')[1].getElementsByTagName(''div'')[0].style.display='''';this.innerText='''';this.value=''Masquer'';}else{this.parentNode.parentNode.getElementsByTagName(''div'')[1].getElementsByTagName(''div'')[0].style.display=''none'';this.innerText='''';this.value=''Afficher'';}" /></div><div class="quotecontent"><div style="display:none;">{TEXT}</div></div></div>', '!\\[spoiler\\](.*?)\\[/spoiler\\]!ies', '''[spoiler:$uid]''.str_replace(array("\\r\\n", ''\\"'', ''\\'''', ''('', '')''), array("\\n", ''"'', ''&#39;'', ''&#40;'', ''&#41;''), trim(''${1}'')).''[/spoiler:$uid]''', '!\\[spoiler:$uid\\](.*?)\\[/spoiler:$uid\\]!s', '<div style="margin:20px;margin-top:5px"><div class="quotetitle"><input type="button" value="Afficher" style="width:60px;font-size:10px;margin:0px;padding:0px;" onclick="if(this.parentNode.parentNode.getElementsByTagName(''div'')[1].getElementsByTagName(''div'')[0].style.display!=''''){this.parentNode.parentNode.getElementsByTagName(''div'')[1].getElementsByTagName(''div'')[0].style.display='''';this.innerText='''';this.value=''Masquer'';}else{this.parentNode.parentNode.getElementsByTagName(''div'')[1].getElementsByTagName(''div'')[0].style.display=''none'';this.innerText='''';this.value=''Afficher'';}" /></div><div class="quotecontent"><div style="display:none;">${1}</div></div></div>'),
(15, 'barre', 'Texte barré', 1, '[barre]{TEXT}[/barre]', '<span style="text-decoration:line-through;">{TEXT}</span>', '!\\[barre\\](.*?)\\[/barre\\]!ies', '''[barre:$uid]''.str_replace(array("\\r\\n", ''\\"'', ''\\'''', ''('', '')''), array("\\n", ''"'', ''&#39;'', ''&#40;'', ''&#41;''), trim(''${1}'')).''[/barre:$uid]''', '!\\[barre:$uid\\](.*?)\\[/barre:$uid\\]!s', '<span style="text-decoration:line-through;">${1}</span>'),
(16, 'clignote', 'Texte qui clignote', 1, '[clignote]{TEXT}[/clignote]', '<script type="text/javascript">\n/*\nSCRIPT DE L''EDITEUR JAVASCRIPT\nhttp://www.editeurjavascript.com\n*/\ngo_visibility = new Array;\n\nfunction goblink()\n   {\n   if(document.getElementById && document.all)\n      {\n      blink_tab = document.getElementsByTagName(''blink'');\n      for(a=0;a<blink_tab.length;a++)\n         {\n         if(go_visibility[a] != "visible")\n            go_visibility[a] = "visible";\n         else\n            go_visibility[a] = "hidden";\n         blink_tab[a].style.visibility=go_visibility[a];\n         }\n      }\n   setTimeout("goblink()", 500);\n   }\n\nwindow.onload = goblink;\n</script>\n<blink>{TEXT}</blink>', '!\\[clignote\\](.*?)\\[/clignote\\]!ies', '''[clignote:$uid]''.str_replace(array("\\r\\n", ''\\"'', ''\\'''', ''('', '')''), array("\\n", ''"'', ''&#39;'', ''&#40;'', ''&#41;''), trim(''${1}'')).''[/clignote:$uid]''', '!\\[clignote:$uid\\](.*?)\\[/clignote:$uid\\]!s', '<script type="text/javascript">\n/*\nSCRIPT DE L''EDITEUR JAVASCRIPT\nhttp://www.editeurjavascript.com\n*/\ngo_visibility = new Array;\n\nfunction goblink()\n   {\n   if(document.getElementById && document.all)\n      {\n      blink_tab = document.getElementsByTagName(''blink'');\n      for(a=0;a<blink_tab.length;a++)\n         {\n         if(go_visibility[a] != "visible")\n            go_visibility[a] = "visible";\n         else\n            go_visibility[a] = "hidden";\n         blink_tab[a].style.visibility=go_visibility[a];\n         }\n      }\n   setTimeout("goblink()", 500);\n   }\n\nwindow.onload = goblink;\n</script>\n<blink>${1}</blink>'),
(17, 'defil', 'Faire défiler du texte', 1, '[defil]{TEXT}[/defil]', '<marquee>{TEXT}</marquee>', '!\\[defil\\](.*?)\\[/defil\\]!ies', '''[defil:$uid]''.str_replace(array("\\r\\n", ''\\"'', ''\\'''', ''('', '')''), array("\\n", ''"'', ''&#39;'', ''&#40;'', ''&#41;''), trim(''${1}'')).''[/defil:$uid]''', '!\\[defil:$uid\\](.*?)\\[/defil:$uid\\]!s', '<marquee>${1}</marquee>'),
(18, 'defilement=', '[defilement={vitesse},{left ou right}]{le texte à faire défiler}[/defilement]', 1, '[defilement={NUMBER},{TEXT}]{TEXT1}[/defilement]', '<MARQUEE SCROLLAMOUNT="{NUMBER}" DIRECTION="{TEXT}" BGCOLOR="#e1ebf2" TEXT="black">\n{TEXT1}\n</MARQUEE>', '!\\[defilement\\=([0-9]+),(.*?)\\](.*?)\\[/defilement\\]!ies', '''[defilement=${1},''.str_replace(array("\\r\\n", ''\\"'', ''\\'''', ''('', '')''), array("\\n", ''"'', ''&#39;'', ''&#40;'', ''&#41;''), trim(''${2}'')).'':$uid]''.str_replace(array("\\r\\n", ''\\"'', ''\\'''', ''('', '')''), array("\\n", ''"'', ''&#39;'', ''&#40;'', ''&#41;''), trim(''${3}'')).''[/defilement:$uid]''', '!\\[defilement\\=([0-9]+),(.*?):$uid\\](.*?)\\[/defilement:$uid\\]!s', '<MARQUEE SCROLLAMOUNT="${1}" DIRECTION="${2}" BGCOLOR="#e1ebf2" TEXT="black">\n${3}\n</MARQUEE>'),
(19, 'exposant', 'Texte en exposant', 1, '[exposant]{TEXT}[/exposant]', '<sup>{TEXT}</sup>', '!\\[exposant\\](.*?)\\[/exposant\\]!ies', '''[exposant:$uid]''.str_replace(array("\\r\\n", ''\\"'', ''\\'''', ''('', '')''), array("\\n", ''"'', ''&#39;'', ''&#40;'', ''&#41;''), trim(''${1}'')).''[/exposant:$uid]''', '!\\[exposant:$uid\\](.*?)\\[/exposant:$uid\\]!s', '<sup>${1}</sup>'),
(20, 'indice', 'Texte en indice', 1, '[indice]{TEXT}[/indice]', '<sub>{TEXT}</sub>', '!\\[indice\\](.*?)\\[/indice\\]!ies', '''[indice:$uid]''.str_replace(array("\\r\\n", ''\\"'', ''\\'''', ''('', '')''), array("\\n", ''"'', ''&#39;'', ''&#40;'', ''&#41;''), trim(''${1}'')).''[/indice:$uid]''', '!\\[indice:$uid\\](.*?)\\[/indice:$uid\\]!s', '<sub>${1}</sub>'),
(21, 'spoiler2', '[spoiler2]Texte visible | Texte visible seulement si on clique sur la partie visible[/spoiler2]', 1, '[spoiler2]{TEXT1}|{TEXT2}[/spoiler2]', '<dl class="codebox" style="padding-bottom: 0px !important;"><span onclick="var elementmode = this.getElementsByTagName(''span'');for(var i=0;i<elementmode.length;i++){if(elementmode[i].title == ''hereitis''){elementmode[i].style.display=(!elementmode[i].style.display)?''none'':'''';}}"><dt style="margin-bottom: 0px !important;">{TEXT1}</dt><span title="hereitis" style="display:none;padding-left:20px;padding-bottom: 3px">{TEXT2}</span></span></dl>', '!\\[spoiler2\\](.*?)\\|(.*?)\\[/spoiler2\\]!ies', '''[spoiler2:$uid]''.str_replace(array("\\r\\n", ''\\"'', ''\\'''', ''('', '')''), array("\\n", ''"'', ''&#39;'', ''&#40;'', ''&#41;''), trim(''${1}'')).''|''.str_replace(array("\\r\\n", ''\\"'', ''\\'''', ''('', '')''), array("\\n", ''"'', ''&#39;'', ''&#40;'', ''&#41;''), trim(''${2}'')).''[/spoiler2:$uid]''', '!\\[spoiler2:$uid\\](.*?)\\|(.*?)\\[/spoiler2:$uid\\]!s', '<dl class="codebox" style="padding-bottom: 0px !important;"><span onclick="var elementmode = this.getElementsByTagName(''span'');for(var i=0;i<elementmode.length;i++){if(elementmode[i].title == ''hereitis''){elementmode[i].style.display=(!elementmode[i].style.display)?''none'':'''';}}"><dt style="margin-bottom: 0px !important;">${1}</dt><span title="hereitis" style="display:none;padding-left:20px;padding-bottom: 3px">${2}</span></span></dl>'),
(22, 'surlignement=', '[surlignement={code couleur}]{message}[/surlignement]', 1, '[surlignement={IDENTIFIER}]{TEXT}[/surlignement]', '<span style="background-color:#{IDENTIFIER}; cursor: default">{TEXT}</span>', '!\\[surlignement\\=([a-zA-Z0-9-_]+)\\](.*?)\\[/surlignement\\]!ies', '''[surlignement=${1}:$uid]''.str_replace(array("\\r\\n", ''\\"'', ''\\'''', ''('', '')''), array("\\n", ''"'', ''&#39;'', ''&#40;'', ''&#41;''), trim(''${2}'')).''[/surlignement:$uid]''', '!\\[surlignement\\=([a-zA-Z0-9-_]+):$uid\\](.*?)\\[/surlignement:$uid\\]!s', '<span style="background-color:#${1}; cursor: default">${2}</span>'),
(23, 'infobulle=', '[infobulle=explication du mot]le mot à expliquer[/infobulle]', 1, '[infobulle={SIMPLETEXT}]{TEXT}[/infobulle]', '<a href="#" title="{SIMPLETEXT}">{TEXT}</a>', '!\\[infobulle\\=([a-zA-Z0-9-+.,_ ]+)\\](.*?)\\[/infobulle\\]!ies', '''[infobulle=${1}:$uid]''.str_replace(array("\\r\\n", ''\\"'', ''\\'''', ''('', '')''), array("\\n", ''"'', ''&#39;'', ''&#40;'', ''&#41;''), trim(''${2}'')).''[/infobulle:$uid]''', '!\\[infobulle\\=([a-zA-Z0-9-+.,_ ]+):$uid\\](.*?)\\[/infobulle:$uid\\]!s', '<a href="#" title="${1}">${2}</a>'),
(24, 'imageacote=', 'Aligner l''image : [imageacote=LEFT/RIGHT]ADRESSE DE L''IMAGE[/imageacote]', 1, '[imageacote={TEXT}]{URL}[/imageacote]', '<img src="{URL}" alt="{URL}" style="float:{TEXT}; padding: 0 4px;" >', '!\\[imageacote\\=(.*?)\\](?:([a-z][a-z\\d+\\-.]*:/{2}(?:(?:[a-z0-9\\-._~\\!$&''()*+,;=:@|]+|%[\\dA-F]{2})+|[0-9.]+|\\[[a-z0-9.]+:[a-z0-9.]+:[a-z0-9.:]+\\])(?::\\d*)?(?:/(?:[a-z0-9\\-._~\\!$&''()*+,;=:@|]+|%[\\dA-F]{2})*)*(?:\\?(?:[a-z0-9\\-._~\\!$&''()*+,;=:@/?|]+|%[\\dA-F]{2})*)?(?:#(?:[a-z0-9\\-._~\\!$&''()*+,;=:@/?|]+|%[\\dA-F]{2})*)?)|(www\\.(?:[a-z0-9\\-._~\\!$&''()*+,;=:@|]+|%[\\dA-F]{2})+(?::\\d*)?(?:/(?:[a-z0-9\\-._~\\!$&''()*+,;=:@|]+|%[\\dA-F]{2})*)*(?:\\?(?:[a-z0-9\\-._~\\!$&''()*+,;=:@/?|]+|%[\\dA-F]{2})*)?(?:#(?:[a-z0-9\\-._~\\!$&''()*+,;=:@/?|]+|%[\\dA-F]{2})*)?))\\[/imageacote\\]!ies', '''[imageacote=''.str_replace(array("\\r\\n", ''\\"'', ''\\'''', ''('', '')''), array("\\n", ''"'', ''&#39;'', ''&#40;'', ''&#41;''), trim(''${1}'')).'':$uid]''.$this->bbcode_specialchars((''${2}'') ? ''${2}'' : ''http://${3}'').''[/imageacote:$uid]''', '!\\[imageacote\\=(.*?):$uid\\](?i)((?:[a-z][a-z\\d+\\-.]*:/{2}(?:(?:[a-z0-9\\-._~\\!$&''()*+,;=:@|]+|%[\\dA-F]{2})+|[0-9.]+|\\[[a-z0-9.]+:[a-z0-9.]+:[a-z0-9.:]+\\])(?::\\d*)?(?:/(?:[a-z0-9\\-._~\\!$&''()*+,;=:@|]+|%[\\dA-F]{2})*)*(?:\\?(?:[a-z0-9\\-._~\\!$&''()*+,;=:@/?|]+|%[\\dA-F]{2})*)?(?:#(?:[a-z0-9\\-._~\\!$&''()*+,;=:@/?|]+|%[\\dA-F]{2})*)?)|(?:www\\.(?:[a-z0-9\\-._~\\!$&''()*+,;=:@|]+|%[\\dA-F]{2})+(?::\\d*)?(?:/(?:[a-z0-9\\-._~\\!$&''()*+,;=:@|]+|%[\\dA-F]{2})*)*(?:\\?(?:[a-z0-9\\-._~\\!$&''()*+,;=:@/?|]+|%[\\dA-F]{2})*)?(?:#(?:[a-z0-9\\-._~\\!$&''()*+,;=:@/?|]+|%[\\dA-F]{2})*)?))(?-i)\\[/imageacote:$uid\\]!s', '<img src="${2}" alt="${2}" style="float:${1}; padding: 0 4px;" >'),
(25, 'ancre=', '[ancre= nom de l''ancre]nom du lien[/ancre]', 1, '[ancre={TEXT}]{TEXT1}[/ancre]', '<a name="{TEXT}">{TEXT1}</a>', '!\\[ancre\\=(.*?)\\](.*?)\\[/ancre\\]!ies', '''[ancre=''.str_replace(array("\\r\\n", ''\\"'', ''\\'''', ''('', '')''), array("\\n", ''"'', ''&#39;'', ''&#40;'', ''&#41;''), trim(''${1}'')).'':$uid]''.str_replace(array("\\r\\n", ''\\"'', ''\\'''', ''('', '')''), array("\\n", ''"'', ''&#39;'', ''&#40;'', ''&#41;''), trim(''${2}'')).''[/ancre:$uid]''', '!\\[ancre\\=(.*?):$uid\\](.*?)\\[/ancre:$uid\\]!s', '<a name="${1}">${2}</a>'),
(26, 'aller=', '[aller=nom de l''ancre]texte affiché[/aller]', 1, '[aller={TEXT}]{TEXT1}[/aller]', '<a href="#{TEXT}">{TEXT1}</a>', '!\\[aller\\=(.*?)\\](.*?)\\[/aller\\]!ies', '''[aller=''.str_replace(array("\\r\\n", ''\\"'', ''\\'''', ''('', '')''), array("\\n", ''"'', ''&#39;'', ''&#40;'', ''&#41;''), trim(''${1}'')).'':$uid]''.str_replace(array("\\r\\n", ''\\"'', ''\\'''', ''('', '')''), array("\\n", ''"'', ''&#39;'', ''&#40;'', ''&#41;''), trim(''${2}'')).''[/aller:$uid]''', '!\\[aller\\=(.*?):$uid\\](.*?)\\[/aller:$uid\\]!s', '<a href="#${1}">${2}</a>'),
(27, 'pvp', 'Utilisé pour les liens PVP', 0, '[pvp]{SIMPLETEXT}[/pvp]', '<a href="javascript:open_battle_window(''./startbattle.php?mode=pvp&amp;t={SIMPLETEXT}'')">Démarrer le combat</a>', '!\\[pvp\\]([a-zA-Z0-9-+.,_ ]+)\\[/pvp\\]!i', '[pvp:$uid]${1}[/pvp:$uid]', '!\\[pvp:$uid\\]([a-zA-Z0-9-+.,_ ]+)\\[/pvp:$uid\\]!s', '<a href="javascript:open_battle_window(''./startbattle.php?mode=pvp&amp;t=${1}'')">Démarrer le combat</a>'),
(28, 'cancelpvp', 'Refus de combat PVP', 0, '[cancelpvp]{SIMPLETEXT}[/cancelpvp]', '<a href="javascript:open_pvp_request_window(''./startbattle.php?mode=delete_pvp&t={SIMPLETEXT}'')">Refuser le combat</a>', '!\\[cancelpvp\\]([a-zA-Z0-9-+.,_ ]+)\\[/cancelpvp\\]!i', '[cancelpvp:$uid]${1}[/cancelpvp:$uid]', '!\\[cancelpvp:$uid\\]([a-zA-Z0-9-+.,_ ]+)\\[/cancelpvp:$uid\\]!s', '<a href="javascript:open_pvp_request_window(''./startbattle.php?mode=delete_pvp&t=${1}'')">Refuser le combat</a>'),
(29, 'imgbloc=', '[imgbloc=URL|LARGEUR|HAUTEUR]TEXTE[/imgbloc] Défini un bloc avec une image de fond.', 1, '[imgbloc={TEXT1}|{SIMPLETEXT1}|{SIMPLETEXT2}]{TEXT2}[/imgbloc]', '<div style="background-image:url(''{TEXT1}'');width:{SIMPLETEXT1}px;height:{SIMPLETEXT2}px;display:inline-block;">{TEXT2}</div>', '!\\[imgbloc\\=(.*?)\\|([a-zA-Z0-9-+.,_ ]+)\\|([a-zA-Z0-9-+.,_ ]+)\\](.*?)\\[/imgbloc\\]!ies', '''[imgbloc=''.str_replace(array("\\r\\n", ''\\"'', ''\\'''', ''('', '')''), array("\\n", ''"'', ''&#39;'', ''&#40;'', ''&#41;''), trim(''${1}'')).''|${2}|${3}:$uid]''.str_replace(array("\\r\\n", ''\\"'', ''\\'''', ''('', '')''), array("\\n", ''"'', ''&#39;'', ''&#40;'', ''&#41;''), trim(''${4}'')).''[/imgbloc:$uid]''', '!\\[imgbloc\\=(.*?)\\|([a-zA-Z0-9-+.,_ ]+)\\|([a-zA-Z0-9-+.,_ ]+):$uid\\](.*?)\\[/imgbloc:$uid\\]!s', '<div style="background-image:url(''${1}'');width:${2}px;height:${3}px;display:inline-block;">${4}</div>'),
(30, 'par=', '[par=MARGIN|PADDING]TEXTE[/par] Défini un paragraphe.', 1, '[par={SIMPLETEXT1}|{SIMPLETEXT2}]{TEXT}[/par]', '<p style="margin:{SIMPLETEXT1};padding:{SIMPLETEXT2};">{TEXT}</p>', '!\\[par\\=([a-zA-Z0-9-+.,_ ]+)\\|([a-zA-Z0-9-+.,_ ]+)\\](.*?)\\[/par\\]!ies', '''[par=${1}|${2}:$uid]''.str_replace(array("\\r\\n", ''\\"'', ''\\'''', ''('', '')''), array("\\n", ''"'', ''&#39;'', ''&#40;'', ''&#41;''), trim(''${3}'')).''[/par:$uid]''', '!\\[par\\=([a-zA-Z0-9-+.,_ ]+)\\|([a-zA-Z0-9-+.,_ ]+):$uid\\](.*?)\\[/par:$uid\\]!s', '<p style="margin:${1};padding:${2};">${3}</p>'),
(31, 'espace=', 'Permet de faire un espace vertical d''un nombre défini de pixels.', 1, '[espace={INTTEXT}][/espace]', '<div style="width:1px;height:{INTTEXT}px"></div>', '!\\[espace\\=([\\p{L}\\p{N}\\-+,_. ]+)\\]\\[/espace\\]!iu', '[espace=${1}:$uid][/espace:$uid]', '!\\[espace\\=([\\p{L}\\p{N}\\-+,_. ]+):$uid\\]\\[/espace:$uid\\]!su', '<div style="width:1px;height:${1}px"></div>'),
(32, 'mvtext=', '[mvtext=MARGIN|PADDING]TEXTE[/mvtext] Permet de définir les propriétés margin et padding sur un texte.', 1, '[mvtext={SIMPLETEXT1}|{SIMPLETEXT2}]{TEXT}[/mvtext]', '<span style="margin:{SIMPLETEXT1};padding:{SIMPLETEXT2};">{TEXT}</span>', '!\\[mvtext\\=([a-zA-Z0-9-+.,_ ]+)\\|([a-zA-Z0-9-+.,_ ]+)\\](.*?)\\[/mvtext\\]!ies', '''[mvtext=${1}|${2}:$uid]''.str_replace(array("\\r\\n", ''\\"'', ''\\'''', ''('', '')''), array("\\n", ''"'', ''&#39;'', ''&#40;'', ''&#41;''), trim(''${3}'')).''[/mvtext:$uid]''', '!\\[mvtext\\=([a-zA-Z0-9-+.,_ ]+)\\|([a-zA-Z0-9-+.,_ ]+):$uid\\](.*?)\\[/mvtext:$uid\\]!s', '<span style="margin:${1};padding:${2};">${3}</span>'),
(37, 'registerquest', 'pour les inscriptions de quête', 0, '[registerquest]{SIMPLETEXT}[/registerquest]', '<a href="javascript:open_register_quest_window({SIMPLETEXT})">S''inscrire à la quête</a>', '!\\[registerquest\\]([a-zA-Z0-9-+.,_ ]+)\\[/registerquest\\]!i', '[registerquest:$uid]${1}[/registerquest:$uid]', '!\\[registerquest:$uid\\]([a-zA-Z0-9-+.,_ ]+)\\[/registerquest:$uid\\]!s', '<a href="javascript:open_register_quest_window(${1})">S''inscrire à la quête</a>'),
(34, 'shadow=', '[shadow=VALEURCSS]TEXTE[/shadow] Permet de définir une ombre sur un texte. (Propriété CSS text-shadow)', 1, '[shadow={TEXT1}]{TEXT2}[/shadow]', '<span style="text-shadow:{TEXT1}">{TEXT2}</span>', '!\\[shadow\\=(.*?)\\](.*?)\\[/shadow\\]!ies', '''[shadow=''.str_replace(array("\\r\\n", ''\\"'', ''\\'''', ''('', '')''), array("\\n", ''"'', ''&#39;'', ''&#40;'', ''&#41;''), trim(''${1}'')).'':$uid]''.str_replace(array("\\r\\n", ''\\"'', ''\\'''', ''('', '')''), array("\\n", ''"'', ''&#39;'', ''&#40;'', ''&#41;''), trim(''${2}'')).''[/shadow:$uid]''', '!\\[shadow\\=(.*?):$uid\\](.*?)\\[/shadow:$uid\\]!s', '<span style="text-shadow:${1}">${2}</span>'),
(35, 'event', 'Utilisé pour les liens events.', 0, '[event]{SIMPLETEXT}[/event]', '<a href="javascript:open_battle_window(''./startbattle.php?mode=event&amp;t={SIMPLETEXT}'')">Démarrer le combat</a>', '!\\[event\\]([a-zA-Z0-9-+.,_ ]+)\\[/event\\]!i', '[event:$uid]${1}[/event:$uid]', '!\\[event:$uid\\]([a-zA-Z0-9-+.,_ ]+)\\[/event:$uid\\]!s', '<a href="javascript:open_battle_window(''./startbattle.php?mode=event&amp;t=${1}'')">Démarrer le combat</a>'),
(36, 'registerevent', 'Pour les inscriptions en event', 0, '[registerevent]{SIMPLETEXT}[/registerevent]', '<a href="javascript:open_event_register_window(''./registertoevent.php?t={SIMPLETEXT}'')">S''inscrire à l''event</a>', '!\\[registerevent\\]([a-zA-Z0-9-+.,_ ]+)\\[/registerevent\\]!i', '[registerevent:$uid]${1}[/registerevent:$uid]', '!\\[registerevent:$uid\\]([a-zA-Z0-9-+.,_ ]+)\\[/registerevent:$uid\\]!s', '<a href="javascript:open_event_register_window(''./registertoevent.php?t=${1}'')">S''inscrire à l''event</a>'),
(38, 'closequest', 'pour clôturer les inscriptions de quête', 0, '[closequest]{SIMPLETEXT}[/closequest]', '<a href="javascript:open_close_quest_window({SIMPLETEXT})">Clôturer les inscriptions de la quête</a>', '!\\[closequest\\]([a-zA-Z0-9-+.,_ ]+)\\[/closequest\\]!i', '[closequest:$uid]${1}[/closequest:$uid]', '!\\[closequest:$uid\\]([a-zA-Z0-9-+.,_ ]+)\\[/closequest:$uid\\]!s', '<a href="javascript:open_close_quest_window(${1})">Clôturer les inscriptions de la quête</a>'),
(39, 'quest=', 'pour lancer une quête', 0, '[quest={NUMBER}]{TEXT}[/quest]', '<a href="javascript:open_quest_window({NUMBER})">{TEXT}</a>', '!\\[quest\\=([0-9]+)\\](.*?)\\[/quest\\]!ies', '''[quest=${1}:$uid]''.str_replace(array("\\r\\n", ''\\"'', ''\\'''', ''('', '')''), array("\\n", ''"'', ''&#39;'', ''&#40;'', ''&#41;''), trim(''${2}'')).''[/quest:$uid]''', '!\\[quest\\=([0-9]+):$uid\\](.*?)\\[/quest:$uid\\]!s', '<a href="javascript:open_quest_window(${1})">${2}</a>'),
(40, 'questbattle', 'pour lancer un combat de quête', 0, '[questbattle]{SIMPLETEXT}[/questbattle]', '<a href="javascript:open_battle_window(''./startbattle.php?mode=quest&amp;t={SIMPLETEXT}'')">Démarrer le combat</a>', '!\\[questbattle\\]([a-zA-Z0-9-+.,_ ]+)\\[/questbattle\\]!i', '[questbattle:$uid]${1}[/questbattle:$uid]', '!\\[questbattle:$uid\\]([a-zA-Z0-9-+.,_ ]+)\\[/questbattle:$uid\\]!s', '<a href="javascript:open_battle_window(''./startbattle.php?mode=quest&amp;t=${1}'')">Démarrer le combat</a>'),
(41, 'riddle', 'pour les énigmes', 0, '[riddle]{NUMBER}[/riddle]', '<a href="javascript:open_riddle_window({NUMBER})">Répondre à l''énigme</a>', '!\\[riddle\\]([0-9]+)\\[/riddle\\]!i', '[riddle:$uid]${1}[/riddle:$uid]', '!\\[riddle:$uid\\]([0-9]+)\\[/riddle:$uid\\]!s', '<a href="javascript:open_riddle_window(${1})">Répondre à l''énigme</a>');

--
-- Contenu de la table `phpbb_bots`
--

INSERT IGNORE INTO `phpbb_bots` (`bot_id`, `bot_active`, `bot_name`, `user_id`, `bot_agent`, `bot_ip`) VALUES
(1, 1, 'AdsBot [Google]', 3, 'AdsBot-Google', ''),
(2, 1, 'Alexa [Bot]', 4, 'ia_archiver', ''),
(3, 1, 'Alta Vista [Bot]', 5, 'Scooter/', ''),
(4, 1, 'Ask Jeeves [Bot]', 6, 'Ask Jeeves', ''),
(5, 1, 'Baidu [Spider]', 7, 'Baiduspider+(', ''),
(6, 1, 'Bing [Bot]', 8, 'bingbot/', ''),
(7, 1, 'Exabot [Bot]', 9, 'Exabot/', ''),
(8, 1, 'FAST Enterprise [Crawler]', 10, 'FAST Enterprise Crawler', ''),
(9, 1, 'FAST WebCrawler [Crawler]', 11, 'FAST-WebCrawler/', ''),
(10, 1, 'Francis [Bot]', 12, 'http://www.neomo.de/', ''),
(11, 1, 'Gigabot [Bot]', 13, 'Gigabot/', ''),
(12, 1, 'Google Adsense [Bot]', 14, 'Mediapartners-Google', ''),
(13, 1, 'Google Desktop', 15, 'Google Desktop', ''),
(14, 1, 'Google Feedfetcher', 16, 'Feedfetcher-Google', ''),
(15, 1, 'Google [Bot]', 17, 'Googlebot', ''),
(16, 1, 'Heise IT-Markt [Crawler]', 18, 'heise-IT-Markt-Crawler', ''),
(17, 1, 'Heritrix [Crawler]', 19, 'heritrix/1.', ''),
(18, 1, 'IBM Research [Bot]', 20, 'ibm.com/cs/crawler', ''),
(19, 1, 'ICCrawler - ICjobs', 21, 'ICCrawler - ICjobs', ''),
(20, 1, 'ichiro [Crawler]', 22, 'ichiro/', ''),
(21, 1, 'Majestic-12 [Bot]', 23, 'MJ12bot/', ''),
(22, 1, 'Metager [Bot]', 24, 'MetagerBot/', ''),
(23, 1, 'MSN NewsBlogs', 25, 'msnbot-NewsBlogs/', ''),
(24, 1, 'MSN [Bot]', 26, 'msnbot/', ''),
(25, 1, 'MSNbot Media', 27, 'msnbot-media/', ''),
(26, 1, 'NG-Search [Bot]', 28, 'NG-Search/', ''),
(27, 1, 'Nutch [Bot]', 29, 'http://lucene.apache.org/nutch/', ''),
(28, 1, 'Nutch/CVS [Bot]', 30, 'NutchCVS/', ''),
(29, 1, 'OmniExplorer [Bot]', 31, 'OmniExplorer_Bot/', ''),
(30, 1, 'Online link [Validator]', 32, 'online link validator', ''),
(31, 1, 'psbot [Picsearch]', 33, 'psbot/0', ''),
(32, 1, 'Seekport [Bot]', 34, 'Seekbot/', ''),
(33, 1, 'Sensis [Crawler]', 35, 'Sensis Web Crawler', ''),
(34, 1, 'SEO Crawler', 36, 'SEO search Crawler/', ''),
(35, 1, 'Seoma [Crawler]', 37, 'Seoma [SEO Crawler]', ''),
(36, 1, 'SEOSearch [Crawler]', 38, 'SEOsearch/', ''),
(37, 1, 'Snappy [Bot]', 39, 'Snappy/1.1 ( http://www.urltrends.com/ )', ''),
(38, 1, 'Steeler [Crawler]', 40, 'http://www.tkl.iis.u-tokyo.ac.jp/~crawler/', ''),
(39, 1, 'Synoo [Bot]', 41, 'SynooBot/', ''),
(40, 1, 'Telekom [Bot]', 42, 'crawleradmin.t-info@telekom.de', ''),
(41, 1, 'TurnitinBot [Bot]', 43, 'TurnitinBot/', ''),
(42, 1, 'Voyager [Bot]', 44, 'voyager/1.0', ''),
(43, 1, 'W3 [Sitesearch]', 45, 'W3 SiteSearch Crawler', ''),
(44, 1, 'W3C [Linkcheck]', 46, 'W3C-checklink/', ''),
(45, 1, 'W3C [Validator]', 47, 'W3C_*Validator', ''),
(46, 1, 'WiseNut [Bot]', 48, 'http://www.WISEnutbot.com', ''),
(47, 1, 'YaCy [Bot]', 49, 'yacybot', ''),
(48, 1, 'Yahoo MMCrawler [Bot]', 50, 'Yahoo-MMCrawler/', ''),
(49, 1, 'Yahoo Slurp [Bot]', 51, 'Yahoo! DE Slurp', ''),
(50, 1, 'Yahoo [Bot]', 52, 'Yahoo! Slurp', ''),
(51, 1, 'YahooSeeker [Bot]', 53, 'YahooSeeker/', '');

--
-- Contenu de la table `phpbb_config`
--

INSERT IGNORE INTO `phpbb_config` (`config_name`, `config_value`, `is_dynamic`) VALUES
('active_sessions', '0', 0),
('allow_attachments', '1', 0),
('allow_autologin', '1', 0),
('allow_avatar', '1', 0),
('allow_avatar_local', '0', 0),
('allow_avatar_remote', '0', 0),
('allow_avatar_upload', '1', 0),
('allow_avatar_remote_upload', '0', 0),
('allow_bbcode', '1', 0),
('allow_birthdays', '1', 0),
('allow_bookmarks', '1', 0),
('allow_emailreuse', '0', 0),
('allow_forum_notify', '1', 0),
('allow_mass_pm', '1', 0),
('allow_name_chars', 'USERNAME_CHARS_ANY', 0),
('allow_namechange', '0', 0),
('allow_nocensors', '1', 0),
('allow_pm_attach', '1', 0),
('allow_pm_report', '1', 0),
('allow_post_flash', '1', 0),
('allow_post_links', '1', 0),
('allow_privmsg', '1', 0),
('allow_quick_reply', '1', 0),
('allow_sig', '1', 0),
('allow_sig_bbcode', '1', 0),
('allow_sig_flash', '0', 0),
('allow_sig_img', '1', 0),
('allow_sig_links', '1', 0),
('allow_sig_pm', '1', 0),
('allow_sig_smilies', '1', 0),
('allow_smilies', '1', 0),
('allow_topic_notify', '1', 0),
('attachment_quota', '52428800', 0),
('auth_bbcode_pm', '1', 0),
('auth_flash_pm', '0', 0),
('auth_img_pm', '1', 0),
('auth_method', 'db', 0),
('auth_smilies_pm', '1', 0),
('avatar_filesize', '500000', 0),
('avatar_gallery_path', 'images/avatars/gallery', 0),
('avatar_max_height', '300', 0),
('avatar_max_width', '200', 0),
('avatar_min_height', '20', 0),
('avatar_min_width', '20', 0),
('avatar_path', 'images/avatars/upload', 0),
('avatar_salt', 'd39832e4f3b0513a6a11d3a8dc8c39bd', 0),
('board_contact', 'exitium.rpg@gmail.com', 0),
('board_disable', '0', 0),
('board_disable_msg', '', 0),
('board_dst', '0', 0),
('board_email', 'exitium.rpg@gmail.com', 0),
('board_email_form', '0', 0),
('board_email_sig', 'Merci de l''attention que vous portez à Exitium-RPG !', 0),
('board_hide_emails', '1', 0),
('board_timezone', '1', 0),
('browser_check', '1', 0),
('bump_interval', '2', 0),
('bump_type', 'd', 0),
('cache_gc', '7200', 0),
('captcha_plugin', 'phpbb_captcha_gd', 0),
('captcha_gd', '1', 0),
('captcha_gd_foreground_noise', '0', 0),
('captcha_gd_x_grid', '25', 0),
('captcha_gd_y_grid', '25', 0),
('captcha_gd_wave', '0', 0),
('captcha_gd_3d_noise', '1', 0),
('captcha_gd_fonts', '1', 0),
('confirm_refresh', '1', 0),
('check_attachment_content', '1', 0),
('check_dnsbl', '0', 0),
('chg_passforce', '0', 0),
('cookie_domain', 'exitium-rpg.com', 0),
('cookie_name', 'phpbb3_3fd4a', 0),
('cookie_path', '/', 0),
('cookie_secure', '0', 0),
('coppa_enable', '0', 0),
('coppa_fax', '', 0),
('coppa_mail', '', 0),
('database_gc', '604800', 0),
('dbms_version', '5.1.61', 0),
('default_dateformat', 'D M d, Y g:i a', 0),
('default_style', '3', 0),
('display_last_edited', '0', 0),
('display_order', '0', 0),
('edit_time', '0', 0),
('delete_time', '0', 0),
('email_check_mx', '1', 0),
('email_enable', '1', 0),
('email_function_name', 'mail', 0),
('email_max_chunk_size', '50', 0),
('email_package_size', '20', 0),
('enable_confirm', '1', 0),
('enable_pm_icons', '1', 0),
('enable_post_confirm', '1', 0),
('feed_enable', '1', 0),
('feed_http_auth', '0', 0),
('feed_limit_post', '15', 0),
('feed_limit_topic', '10', 0),
('feed_overall_forums', '0', 0),
('feed_overall', '1', 0),
('feed_forum', '1', 0),
('feed_topic', '1', 0),
('feed_topics_new', '1', 0),
('feed_topics_active', '0', 0),
('feed_item_statistics', '1', 0),
('flood_interval', '30', 0),
('force_server_vars', '0', 0),
('form_token_lifetime', '7200', 0),
('form_token_mintime', '0', 0),
('form_token_sid_guests', '1', 0),
('forward_pm', '1', 0),
('forwarded_for_check', '0', 0),
('full_folder_action', '2', 0),
('fulltext_mysql_max_word_len', '254', 0),
('fulltext_mysql_min_word_len', '4', 0),
('fulltext_native_common_thres', '5', 0),
('fulltext_native_load_upd', '1', 0),
('fulltext_native_max_chars', '14', 0),
('fulltext_native_min_chars', '3', 0),
('gzip_compress', '0', 0),
('hot_threshold', '20', 0),
('icons_path', 'images/icons', 0),
('img_create_thumbnail', '0', 0),
('img_display_inlined', '1', 0),
('img_imagick', '', 0),
('img_link_height', '0', 0),
('img_link_width', '0', 0),
('img_max_height', '1500', 0),
('img_max_thumb_width', '400', 0),
('img_max_width', '730', 0),
('img_min_thumb_filesize', '12000', 0),
('ip_check', '3', 0),
('ip_login_limit_max', '50', 0),
('ip_login_limit_time', '21600', 0),
('ip_login_limit_use_forwarded', '0', 0),
('jab_enable', '0', 0),
('jab_host', '', 0),
('jab_password', '', 0),
('jab_package_size', '20', 0),
('jab_port', '5222', 0),
('jab_use_ssl', '0', 0),
('jab_username', '', 0),
('ldap_base_dn', '', 0),
('ldap_email', '', 0),
('ldap_password', '', 0),
('ldap_port', '', 0),
('ldap_server', '', 0),
('ldap_uid', '', 0),
('ldap_user', '', 0),
('ldap_user_filter', '', 0),
('limit_load', '0', 0),
('limit_search_load', '0', 0),
('load_anon_lastread', '0', 0),
('load_birthdays', '1', 0),
('load_cpf_memberlist', '1', 0),
('load_cpf_viewprofile', '1', 0),
('load_cpf_viewtopic', '1', 0),
('load_db_lastread', '1', 0),
('load_db_track', '1', 0),
('load_jumpbox', '1', 0),
('load_moderators', '1', 0),
('load_online', '1', 0),
('load_online_guests', '1', 0),
('load_online_time', '5', 0),
('load_onlinetrack', '1', 0),
('load_search', '1', 0),
('load_tplcompile', '0', 0),
('load_unreads_search', '1', 0),
('load_user_activity', '1', 0),
('max_attachments', '3', 0),
('max_attachments_pm', '1', 0),
('max_autologin_time', '0', 0),
('max_filesize', '262144', 0),
('max_filesize_pm', '262144', 0),
('max_login_attempts', '3', 0),
('max_name_chars', '20', 0),
('max_num_search_keywords', '10', 0),
('max_pass_chars', '100', 0),
('max_poll_options', '10', 0),
('max_post_chars', '0', 0),
('max_post_font_size', '200', 0),
('max_post_img_height', '1500', 0),
('max_post_img_width', '1000', 0),
('max_post_smilies', '0', 0),
('max_post_urls', '0', 0),
('max_quote_depth', '3', 0),
('max_reg_attempts', '5', 0),
('max_sig_chars', '255', 0),
('max_sig_font_size', '200', 0),
('max_sig_img_height', '0', 0),
('max_sig_img_width', '0', 0),
('max_sig_smilies', '0', 0),
('max_sig_urls', '5', 0),
('min_name_chars', '3', 0),
('min_pass_chars', '6', 0),
('min_post_chars', '1', 0),
('min_search_author_chars', '3', 0),
('mime_triggers', 'body|head|html|img|plaintext|a href|pre|script|table|title', 0),
('new_member_post_limit', '0', 0),
('new_member_group_default', '0', 0),
('override_user_style', '1', 0),
('pass_complex', 'PASS_TYPE_ANY', 0),
('pm_edit_time', '0', 0),
('pm_max_boxes', '4', 0),
('pm_max_msgs', '100', 0),
('pm_max_recipients', '0', 0),
('posts_per_page', '10', 0),
('print_pm', '1', 0),
('queue_interval', '60', 0),
('ranks_path', 'images/ranks', 0),
('require_activation', '1', 0),
('referer_validation', '1', 0),
('script_path', '/', 0),
('search_block_size', '250', 0),
('search_gc', '7200', 0),
('search_interval', '0', 0),
('search_anonymous_interval', '0', 0),
('search_type', 'fulltext_native', 0),
('search_store_results', '1800', 0),
('secure_allow_deny', '1', 0),
('secure_allow_empty_referer', '1', 0),
('secure_downloads', '0', 0),
('server_name', 'exitium-rpg.com', 0),
('server_port', '80', 0),
('server_protocol', 'http://', 0),
('session_gc', '3600', 0),
('session_length', '3600', 0),
('site_desc', 'Forum RP avec composante RPG dans un univers futuriste.', 0),
('sitename', 'Exitium', 0),
('smilies_path', 'images/smilies', 0),
('smilies_per_page', '50', 0),
('smtp_auth_method', 'PLAIN', 0),
('smtp_delivery', '0', 0),
('smtp_host', '', 0),
('smtp_password', '', 0),
('smtp_port', '25', 0),
('smtp_username', '', 0),
('topics_per_page', '20', 0),
('tpl_allow_php', '0', 0),
('upload_icons_path', 'images/upload_icons', 0),
('upload_path', 'files', 0),
('version', '3.0.11', 0),
('warnings_expire_days', '0', 0),
('warnings_gc', '14400', 0),
('cache_last_gc', '1434142209', 1),
('cron_lock', '0', 1),
('database_last_gc', '1434142224', 1),
('last_queue_run', '1433113665', 1),
('newest_user_colour', '', 1),
('newest_user_id', '95', 1),
('newest_username', 'Kovu', 1),
('num_files', '2', 1),
('num_posts', '756', 1),
('num_topics', '105', 1),
('num_users', '34', 1),
('rand_seed', '19636a11e7470dda6269edb41c72b634', 1),
('rand_seed_last_update', '1434143003', 1),
('record_online_date', '1376077846', 1),
('record_online_users', '12', 1),
('search_indexing_state', '', 1),
('search_last_gc', '1434142241', 1),
('session_last_gc', '1434143003', 1),
('upload_dir_size', '212879', 1),
('warnings_last_gc', '1371323670', 1),
('board_startdate', '1365960936', 0),
('default_lang', 'fr', 0),
('mchat_enable', '1', 0),
('mchat_on_index', '1', 0),
('mchat_new_posts', '0', 0),
('mchat_stats_index', '1', 0),
('mchat_version', '1.3.5', 0),
('questionnaire_unique_id', 'ae247629fd7cda0d', 0);

--
-- Contenu de la table `phpbb_extensions`
--

INSERT IGNORE INTO `phpbb_extensions` (`extension_id`, `group_id`, `extension`) VALUES
(1, 1, 'gif'),
(2, 1, 'png'),
(3, 1, 'jpeg'),
(4, 1, 'jpg'),
(5, 1, 'tif'),
(6, 1, 'tiff'),
(7, 1, 'tga'),
(8, 2, 'gtar'),
(9, 2, 'gz'),
(10, 2, 'tar'),
(11, 2, 'zip'),
(12, 2, 'rar'),
(13, 2, 'ace'),
(14, 2, 'torrent'),
(15, 2, 'tgz'),
(16, 2, 'bz2'),
(17, 2, '7z'),
(18, 3, 'txt'),
(19, 3, 'c'),
(20, 3, 'h'),
(21, 3, 'cpp'),
(22, 3, 'hpp'),
(23, 3, 'diz'),
(24, 3, 'csv'),
(25, 3, 'ini'),
(26, 3, 'log'),
(27, 3, 'js'),
(28, 3, 'xml'),
(29, 4, 'xls'),
(30, 4, 'xlsx'),
(31, 4, 'xlsm'),
(32, 4, 'xlsb'),
(33, 4, 'doc'),
(34, 4, 'docx'),
(35, 4, 'docm'),
(36, 4, 'dot'),
(37, 4, 'dotx'),
(38, 4, 'dotm'),
(39, 4, 'pdf'),
(40, 4, 'ai'),
(41, 4, 'ps'),
(42, 4, 'ppt'),
(43, 4, 'pptx'),
(44, 4, 'pptm'),
(45, 4, 'odg'),
(46, 4, 'odp'),
(47, 4, 'ods'),
(48, 4, 'odt'),
(49, 4, 'rtf'),
(50, 5, 'rm'),
(51, 5, 'ram'),
(52, 6, 'wma'),
(53, 6, 'wmv'),
(54, 7, 'swf'),
(55, 8, 'mov'),
(56, 8, 'm4v'),
(57, 8, 'm4a'),
(58, 8, 'mp4'),
(59, 8, '3gp'),
(60, 8, '3g2'),
(61, 8, 'qt'),
(62, 9, 'mpeg'),
(63, 9, 'mpg'),
(64, 9, 'mp3'),
(65, 9, 'ogg'),
(66, 9, 'ogm');

--
-- Contenu de la table `phpbb_extension_groups`
--

INSERT IGNORE INTO `phpbb_extension_groups` (`group_id`, `group_name`, `cat_id`, `allow_group`, `download_mode`, `upload_icon`, `max_filesize`, `allowed_forums`, `allow_in_pm`) VALUES
(1, 'IMAGES', 1, 1, 1, '', 0, '', 0),
(2, 'ARCHIVES', 0, 1, 1, '', 0, '', 0),
(3, 'PLAIN_TEXT', 0, 0, 1, '', 0, '', 0),
(4, 'DOCUMENTS', 0, 0, 1, '', 0, '', 0),
(5, 'REAL_MEDIA', 3, 0, 1, '', 0, '', 0),
(6, 'WINDOWS_MEDIA', 2, 0, 1, '', 0, '', 0),
(7, 'FLASH_FILES', 5, 0, 1, '', 0, '', 0),
(8, 'QUICKTIME_MEDIA', 6, 0, 1, '', 0, '', 0),
(9, 'DOWNLOADABLE_FILES', 0, 0, 1, '', 0, '', 0);

--
-- Contenu de la table `phpbb_forums`
--

INSERT IGNORE INTO `phpbb_forums` (`forum_id`, `parent_id`, `left_id`, `right_id`, `forum_parents`, `forum_name`, `forum_desc`, `forum_desc_bitfield`, `forum_desc_options`, `forum_desc_uid`, `forum_link`, `forum_password`, `forum_style`, `forum_image`, `forum_rules`, `forum_rules_link`, `forum_rules_bitfield`, `forum_rules_options`, `forum_rules_uid`, `forum_topics_per_page`, `forum_type`, `forum_status`, `forum_posts`, `forum_topics`, `forum_topics_real`, `forum_last_post_id`, `forum_last_poster_id`, `forum_last_post_subject`, `forum_last_post_time`, `forum_last_poster_name`, `forum_last_poster_colour`, `forum_flags`, `forum_options`, `display_subforum_list`, `display_on_index`, `enable_indexing`, `enable_icons`, `enable_prune`, `prune_next`, `prune_days`, `prune_viewed`, `prune_freq`) VALUES
(3, 0, 1, 14, '', 'Administration', '', '', 7, '', '', '', 0, '', '', '', '', 7, '', 0, 0, 0, 0, 0, 0, 0, 0, '', 0, '', '', 112, 0, 1, 0, 1, 0, 0, 0, 7, 7, 1),
(4, 0, 15, 44, '', 'Role Play', '', '', 7, '', '', '', 0, '', '', '', '', 7, '', 0, 0, 0, 0, 0, 0, 0, 0, '', 0, '', '', 112, 0, 1, 0, 1, 0, 0, 0, 7, 7, 1),
(5, 0, 45, 58, '', 'Hors Sujet', '', '', 7, '', '', '', 0, '', '', '', '', 7, '', 0, 0, 0, 0, 0, 0, 0, 0, '', 0, '', '', 112, 0, 1, 0, 1, 0, 0, 0, 7, 7, 1),
(6, 3, 2, 3, 'a:1:{i:3;a:2:{i:0;s:14:"Administration";i:1;i:0;}}', 'Règlements', '', '', 7, '', '', '', 0, '', '', '', '', 7, '', 0, 1, 0, 2, 2, 2, 68, 59, 'Règlement global du forum et du chat', 1375731641, 'Destinée', '', 112, 0, 1, 0, 1, 1, 0, 0, 7, 7, 1),
(7, 3, 4, 5, 'a:1:{i:3;a:2:{i:0;s:14:"Administration";i:1;i:0;}}', 'Histoire', '', '', 7, '', '', '', 0, '', '', '', '', 7, '', 0, 1, 0, 8, 3, 3, 1036, 59, 'Re: Bibliothèque : Le Flux', 1415608317, 'Destinée', '', 112, 0, 1, 0, 1, 0, 0, 0, 7, 7, 1),
(8, 3, 6, 7, 'a:1:{i:3;a:2:{i:0;s:14:"Administration";i:1;i:0;}}', 'Présentations', '', '', 7, '', '', '', 0, '', '', '', '', 7, '', 0, 1, 0, 203, 34, 34, 1074, 84, 'Re: [OK] Le monstre des landes...', 1418241447, 'Angelina Wyn', '00CC66', 112, 0, 1, 0, 1, 0, 0, 0, 7, 7, 1),
(9, 3, 8, 9, 'a:1:{i:3;a:2:{i:0;s:14:"Administration";i:1;i:0;}}', 'Système et MAJ', '', '', 7, '', '', '', 0, '', '', '', '', 7, '', 0, 1, 0, 11, 5, 5, 1065, 56, 'Re: Re: Statut du forum : Bêta fermée', 1417882899, 'Lord Zanshi', 'CC66FF', 112, 0, 1, 0, 1, 0, 0, 0, 7, 7, 1),
(10, 5, 54, 55, 'a:1:{i:5;a:2:{i:0;s:10:"Hors Sujet";i:1;i:0;}}', 'Assistance', '', '', 7, '', '', '', 0, '', '', '', '', 7, '', 0, 1, 0, 0, 0, 0, 0, 0, '', 0, '', '', 112, 0, 1, 0, 1, 0, 0, 0, 7, 7, 1),
(11, 4, 16, 17, 'a:1:{i:4;a:2:{i:0;s:9:"Role Play";i:1;i:0;}}', 'Le Château Impérial [EMPIRE]', '[img:3qlpojt3]http&#58;//exitium-rpg&#46;com/images/chateau_imperial&#46;png[/img:3qlpojt3]', 'CA==', 7, '3qlpojt3', '', '', 0, '', '', '', '', 7, '', 0, 1, 0, 102, 5, 5, 1125, 91, 'Re: [Cuisine] Les enfants de la nuit', 1430757643, 'Sven Ewon', 'CC66FF', 112, 0, 1, 0, 1, 0, 0, 0, 7, 7, 1),
(12, 4, 20, 21, 'a:1:{i:4;a:2:{i:0;s:9:"Role Play";i:1;i:0;}}', 'La Cité Judiciaire [CONSEIL]', '[img:tnazpmdh]http&#58;//exitium-rpg&#46;com/images/cite_judiciaire&#46;png[/img:tnazpmdh]', 'CA==', 7, 'tnazpmdh', '', '', 0, '', '', '', '', 7, '', 0, 1, 0, 120, 4, 4, 1089, 59, 'Re: [Event N.O] Pour l''audimat !', 1420661923, 'Destinée', '', 112, 0, 1, 0, 1, 0, 0, 0, 7, 7, 1),
(13, 4, 18, 19, 'a:1:{i:4;a:2:{i:0;s:9:"Role Play";i:1;i:0;}}', 'La Forêt d''Hyrès [EMPIRE]', '[img:cl391wsf]http&#58;//exitium-rpg&#46;com/images/foret_hyres&#46;png[/img:cl391wsf]', 'CA==', 7, 'cl391wsf', '', '', 0, '', '', '', '', 7, '', 0, 1, 0, 2, 1, 1, 80, 59, 'Re: La Forêt d''Hyrès', 1375732421, 'Destinée', '', 112, 0, 1, 0, 1, 0, 0, 0, 7, 7, 1),
(14, 4, 22, 23, 'a:1:{i:4;a:2:{i:0;s:9:"Role Play";i:1;i:0;}}', 'Le Désert Aride [EMPIRE]', '[img:wz4ku0zt]http&#58;//exitium-rpg&#46;com/images/desert_aride&#46;png[/img:wz4ku0zt]', 'CA==', 7, 'wz4ku0zt', '', '', 0, '', '', '', '', 7, '', 0, 1, 0, 34, 2, 2, 382, 59, 'Fin du RP', 1376490190, 'Destinée', '', 112, 0, 1, 0, 1, 0, 0, 0, 7, 7, 1),
(15, 4, 24, 25, 'a:1:{i:4;a:2:{i:0;s:9:"Role Play";i:1;i:0;}}', 'Le Désert Blanc [EMPIRE]', '[img:1rjpu4vj]http&#58;//exitium-rpg&#46;com/images/desert_blanc&#46;png[/img:1rjpu4vj]', 'CA==', 7, '1rjpu4vj', '', '', 0, '', '', '', '', 7, '', 0, 1, 0, 2, 1, 1, 86, 59, 'Re: Le Désert Blanc', 1375732598, 'Destinée', '', 112, 0, 1, 0, 1, 0, 0, 0, 7, 7, 1),
(16, 4, 26, 27, 'a:1:{i:4;a:2:{i:0;s:9:"Role Play";i:1;i:0;}}', 'Les Côtes de la Mer de l''Est [EMPIRE]', '[img:924bozjx]http&#58;//exitium-rpg&#46;com/images/cotes_mers_est&#46;png[/img:924bozjx]', 'CA==', 7, '924bozjx', '', '', 0, '', '', '', '', 7, '', 0, 1, 0, 2, 1, 1, 88, 59, 'Re: Les Côtes de la Mer de l''Est', 1375732645, 'Destinée', '', 112, 0, 1, 0, 1, 0, 0, 0, 7, 7, 1),
(17, 4, 28, 29, 'a:1:{i:4;a:2:{i:0;s:9:"Role Play";i:1;i:0;}}', 'Esperia [REVOLUTIONNAIRES]', '[img:3qeimv1k]http&#58;//exitium-rpg&#46;com/images/esperia&#46;png[/img:3qeimv1k]', 'CA==', 7, '3qeimv1k', '', '', 0, '', '', '', '', 7, '', 0, 1, 0, 2, 1, 1, 90, 59, 'Re: Esperia', 1375732694, 'Destinée', '', 112, 0, 1, 0, 1, 0, 0, 0, 7, 7, 1),
(19, 4, 34, 35, 'a:1:{i:4;a:2:{i:0;s:9:"Role Play";i:1;i:0;}}', 'Litoreus [ECLYPSE]', '[img:4v2t9ooa]http&#58;//exitium-rpg&#46;com/images/litoreus&#46;png[/img:4v2t9ooa]', 'CA==', 7, '4v2t9ooa', '', '', 0, '', '', '', '', 7, '', 0, 1, 0, 2, 1, 1, 96, 59, 'Re: Litoreus', 1375732890, 'Destinée', '', 112, 0, 1, 0, 1, 0, 0, 0, 7, 7, 1),
(20, 4, 38, 39, 'a:1:{i:4;a:2:{i:0;s:9:"Role Play";i:1;i:0;}}', 'Les Mines de Termorr', '[img:3qp77sm8]http&#58;//exitium-rpg&#46;com/images/mines_termorr&#46;png[/img:3qp77sm8]', 'CA==', 7, '3qp77sm8', '', '', 0, '', '', '', '', 7, '', 0, 1, 0, 2, 1, 1, 98, 59, 'Re: Les Mines de Termorr', 1375732950, 'Destinée', '', 112, 0, 1, 0, 1, 0, 0, 0, 7, 7, 1),
(21, 4, 42, 43, 'a:1:{i:4;a:2:{i:0;s:9:"Role Play";i:1;i:0;}}', 'Le Plan Onirique', '[img:22sfw6y0]http&#58;//exitium-rpg&#46;com/images/plan_onirique&#46;png[/img:22sfw6y0]', 'CA==', 7, '22sfw6y0', '', '', 0, '', '', '', '', 7, '', 0, 1, 0, 24, 6, 6, 1023, 56, 'Re: Le paradoxe à un nouveau nom... Zanshi.', 1415150710, 'Lord Zanshi', 'CC66FF', 112, 0, 1, 0, 1, 0, 0, 0, 7, 7, 1),
(22, 4, 40, 41, 'a:1:{i:4;a:2:{i:0;s:9:"Role Play";i:1;i:0;}}', 'Autres villages', '[img:ynm2jzlm]http&#58;//exitium-rpg&#46;com/images/autre_villages&#46;png[/img:ynm2jzlm]', 'CA==', 7, 'ynm2jzlm', '', '', 0, '', '', '', '', 7, '', 0, 1, 0, 23, 2, 2, 790, 56, 'Re: [hidelsteinn]Ne pas juger...[Vincent,Zanshi, Veis]', 1398549935, 'Lord Zanshi', 'CC66FF', 112, 0, 1, 0, 1, 0, 0, 0, 7, 7, 1),
(23, 5, 46, 47, 'a:1:{i:5;a:2:{i:0;s:10:"Hors Sujet";i:1;i:0;}}', 'Blabla', '', '', 7, '', '', '', 0, '', '', '', '', 7, '', 0, 1, 0, 40, 5, 5, 1071, 91, 'Re: Strips Exitium', 1418070104, 'Sven Ewon', 'CC66FF', 112, 0, 1, 0, 1, 0, 0, 0, 7, 7, 1),
(24, 5, 50, 51, 'a:1:{i:5;a:2:{i:0;s:10:"Hors Sujet";i:1;i:0;}}', 'Suggestions', '', '', 7, '', '', '', 0, '', '', '', '', 7, '', 0, 1, 0, 41, 10, 10, 795, 2, 'Re: Faire de la pub pour Exitium', 1399834933, 'Yuki Kazuki', 'FFFFFF', 112, 0, 1, 0, 1, 0, 0, 0, 7, 7, 1),
(25, 5, 52, 53, 'a:1:{i:5;a:2:{i:0;s:10:"Hors Sujet";i:1;i:0;}}', 'Publicités - Partenariats', '', '', 7, '', '', '', 0, '', '', '', '', 7, '', 0, 1, 0, 1, 1, 1, 994, 90, 'Astue - Forum RP Fantastique', 1411239622, 'Laurent Walder', 'CC66FF', 112, 0, 1, 0, 1, 0, 0, 0, 7, 7, 1),
(26, 4, 32, 33, 'a:1:{i:4;a:2:{i:0;s:9:"Role Play";i:1;i:0;}}', 'Les Montagnes Minaï [REVOLUTIONNAIRES]', '[img:198zu0zh]http&#58;//exitium-rpg&#46;com/images/montagnes_minai&#46;png[/img:198zu0zh]', 'CA==', 7, '198zu0zh', '', '', 0, '', '', '', '', 7, '', 0, 1, 0, 58, 2, 2, 684, 55, 'Re: [Event officiel] Visitons ces montagnes...', 1385657887, 'Vincent BlackWood', 'CC66FF', 112, 0, 1, 0, 1, 0, 0, 0, 7, 7, 1),
(27, 4, 36, 37, 'a:1:{i:4;a:2:{i:0;s:9:"Role Play";i:1;i:0;}}', 'Le Siège [ECLYPSE]', '[img:2912064r]http&#58;//exitium-rpg&#46;com/images/siege&#46;png[/img:2912064r]', 'CA==', 7, '2912064r', '', '', 0, '', '', '', '', 7, '', 0, 1, 0, 0, 0, 0, 0, 0, '', 0, '', '', 112, 0, 1, 0, 1, 0, 0, 0, 7, 7, 1),
(28, 4, 30, 31, 'a:1:{i:4;a:2:{i:0;s:9:"Role Play";i:1;i:0;}}', 'Le Quartier Général [REVOLUTIONNAIRES]', '[img:1338yryr]http&#58;//exitium-rpg&#46;com/images/quartier_general&#46;png[/img:1338yryr]', 'CA==', 7, '1338yryr', '', '', 0, '', '', '', '', 7, '', 0, 1, 0, 2, 1, 1, 92, 59, 'Re: Le Quartier Général', 1375732777, 'Destinée', '', 112, 0, 1, 0, 1, 0, 0, 0, 7, 7, 1),
(29, 3, 10, 11, 'a:1:{i:3;a:2:{i:0;s:14:"Administration";i:1;i:0;}}', 'Demandes de RP', '', '', 7, '', '', '', 0, '', '', '', '', 7, '', 0, 1, 0, 17, 5, 5, 928, 90, 'Re: Viens jouer avec moi !', 1408700915, 'Laurent Walder', 'CC66FF', 112, 0, 1, 1, 1, 1, 0, 0, 7, 7, 1),
(35, 5, 48, 49, 'a:1:{i:5;a:2:{i:0;s:10:"Hors Sujet";i:1;i:0;}}', 'Tutoriels', '', '', 7, '', '', '', 0, '', '', '', '', 7, '', 0, 1, 0, 30, 6, 6, 425, 55, 'Re: Bestiaire d''Exitium', 1376832694, 'Vincent BlackWood', 'CC66FF', 48, 0, 1, 0, 1, 0, 0, 0, 7, 7, 1),
(36, 5, 56, 57, 'a:1:{i:5;a:2:{i:0;s:10:"Hors Sujet";i:1;i:0;}}', 'Absences', '', '', 7, '', '', '', 0, '', '', '', '', 7, '', 0, 1, 0, 5, 2, 2, 856, 84, 'Re: Le général s''en va au GN', 1405941702, 'Angelina Wyn', '00CC66', 48, 0, 1, 0, 1, 0, 0, 0, 7, 7, 1),
(37, 3, 12, 13, 'a:1:{i:3;a:2:{i:0;s:14:"Administration";i:1;i:0;}}', 'Ventes, échanges et dons', '', '', 7, '', '', '', 0, '', '', '', '', 7, '', 0, 1, 0, 1, 1, 1, 604, 56, 'Règlement de la VED', 1380845729, 'Lord Zanshi', 'CC66FF', 112, 0, 1, 0, 1, 1, 0, 0, 7, 7, 1);

--
-- Contenu de la table `phpbb_groups`
--

INSERT IGNORE INTO `phpbb_groups` (`group_id`, `group_type`, `group_founder_manage`, `group_skip_auth`, `group_name`, `group_desc`, `group_desc_bitfield`, `group_desc_options`, `group_desc_uid`, `group_display`, `group_avatar`, `group_avatar_type`, `group_avatar_width`, `group_avatar_height`, `group_rank`, `group_colour`, `group_sig_chars`, `group_receive_pm`, `group_message_limit`, `group_max_recipients`, `group_legend`) VALUES
(1, 3, 0, 0, 'GUESTS', '', '', 7, '', 0, '', 0, 0, 0, 0, '', 0, 0, 0, 5, 0),
(2, 3, 0, 0, 'REGISTERED', '', '', 7, '', 0, '', 0, 0, 0, 0, '', 0, 0, 0, 5, 0),
(3, 3, 0, 0, 'REGISTERED_COPPA', '', '', 7, '', 0, '', 0, 0, 0, 0, '', 0, 0, 0, 5, 0),
(4, 3, 0, 0, 'GLOBAL_MODERATORS', '', '', 7, '', 0, '', 0, 0, 0, 0, '00AA00', 0, 0, 0, 0, 0),
(5, 3, 1, 0, 'ADMINISTRATORS', '', '', 7, '', 0, '', 0, 0, 0, 0, 'AA0000', 0, 0, 0, 0, 0),
(6, 3, 0, 0, 'BOTS', '', '', 7, '', 0, '', 0, 0, 0, 0, '9E8DA7', 0, 0, 0, 5, 0),
(7, 3, 0, 0, 'NEWLY_REGISTERED', '', '', 7, '', 0, '', 0, 0, 0, 0, '', 0, 0, 0, 5, 0),
(8, 1, 1, 0, 'Empire', 'Contient les membres de l''Empire.', '', 7, '', 0, '', 0, 0, 0, 0, 'CC66FF', 0, 0, 0, 0, 1),
(9, 1, 1, 0, 'Révolutionnaires', 'Contient les révolutionnaires.', '', 7, '', 0, '', 0, 0, 0, 0, '00CC66', 0, 0, 0, 0, 1),
(10, 1, 1, 0, 'Conseil', 'Contient les membres du Conseil.', '', 7, '', 0, '', 0, 0, 0, 0, 'FF9900', 0, 0, 0, 0, 1),
(11, 1, 1, 0, 'Eclypse', 'Contient les membres d''Eclypse', '', 7, '', 0, '', 0, 0, 0, 0, '00CCFF', 0, 0, 0, 0, 1),
(12, 1, 1, 0, 'Citoyen', 'Contient les citoyens.', '', 7, '', 0, '', 0, 0, 0, 0, 'FFFFFF', 0, 0, 0, 0, 1);

--
-- Contenu de la table `phpbb_icons`
--

INSERT IGNORE INTO `phpbb_icons` (`icons_id`, `icons_url`, `icons_width`, `icons_height`, `icons_order`, `display_on_posting`) VALUES
(1, 'misc/fire.gif', 16, 16, 1, 1),
(2, 'smile/redface.gif', 16, 16, 9, 1),
(3, 'smile/mrgreen.gif', 16, 16, 10, 1),
(4, 'misc/heart.gif', 16, 16, 4, 1),
(5, 'misc/star.gif', 16, 16, 2, 1),
(6, 'misc/radioactive.gif', 16, 16, 3, 1),
(7, 'misc/thinking.gif', 16, 16, 5, 1),
(8, 'smile/info.gif', 16, 16, 8, 1),
(9, 'smile/question.gif', 16, 16, 6, 1),
(10, 'smile/alert.gif', 16, 16, 7, 1);

--
-- Contenu de la table `phpbb_lang`
--

INSERT IGNORE INTO `phpbb_lang` (`lang_id`, `lang_iso`, `lang_dir`, `lang_english_name`, `lang_local_name`, `lang_author`) VALUES
(1, 'en', 'en', 'British English', 'British English', 'phpBB Group'),
(2, 'fr', 'fr', 'French', 'Français', 'PHPbb.fr');

--
-- Contenu de la table `phpbb_mchat_config`
--

INSERT IGNORE INTO `phpbb_mchat_config` (`config_name`, `config_value`) VALUES
('refresh', '5'),
('message_limit', '10'),
('archive_limit', '50'),
('flood_time', '5'),
('max_message_lngth', '500'),
('static_message', ''),
('custom_page', '1'),
('date', 'D M d, Y g:i a'),
('whois', '1'),
('bbcode_disallowed', ''),
('prune_enable', '0'),
('prune_num', '0'),
('location', '1'),
('whois_refresh', '30'),
('index_height', '400'),
('custom_height', '500'),
('override_min_post_chars', '0'),
('timeout', '0'),
('override_smilie_limit', '0'),
('pause_on_input', '0'),
('rules', ''),
('avatars', '1');

--
-- Contenu de la table `phpbb_modules`
--

INSERT IGNORE INTO `phpbb_modules` (`module_id`, `module_enabled`, `module_display`, `module_basename`, `module_class`, `parent_id`, `left_id`, `right_id`, `module_langname`, `module_mode`, `module_auth`) VALUES
(1, 1, 1, '', 'acp', 0, 1, 64, 'ACP_CAT_GENERAL', '', ''),
(2, 1, 1, '', 'acp', 1, 4, 17, 'ACP_QUICK_ACCESS', '', ''),
(3, 1, 1, '', 'acp', 1, 18, 41, 'ACP_BOARD_CONFIGURATION', '', ''),
(4, 1, 1, '', 'acp', 1, 42, 49, 'ACP_CLIENT_COMMUNICATION', '', ''),
(5, 1, 1, '', 'acp', 1, 50, 63, 'ACP_SERVER_CONFIGURATION', '', ''),
(6, 1, 1, '', 'acp', 0, 65, 84, 'ACP_CAT_FORUMS', '', ''),
(7, 1, 1, '', 'acp', 6, 66, 71, 'ACP_MANAGE_FORUMS', '', ''),
(8, 1, 1, '', 'acp', 6, 72, 83, 'ACP_FORUM_BASED_PERMISSIONS', '', ''),
(9, 1, 1, '', 'acp', 0, 85, 110, 'ACP_CAT_POSTING', '', ''),
(10, 1, 1, '', 'acp', 9, 86, 99, 'ACP_MESSAGES', '', ''),
(11, 1, 1, '', 'acp', 9, 100, 109, 'ACP_ATTACHMENTS', '', ''),
(12, 1, 1, '', 'acp', 0, 111, 168, 'ACP_CAT_USERGROUP', '', ''),
(13, 1, 1, '', 'acp', 12, 112, 147, 'ACP_CAT_USERS', '', ''),
(14, 1, 1, '', 'acp', 12, 148, 155, 'ACP_GROUPS', '', ''),
(15, 1, 1, '', 'acp', 12, 156, 167, 'ACP_USER_SECURITY', '', ''),
(16, 1, 1, '', 'acp', 0, 169, 218, 'ACP_CAT_PERMISSIONS', '', ''),
(17, 1, 1, '', 'acp', 16, 172, 181, 'ACP_GLOBAL_PERMISSIONS', '', ''),
(18, 1, 1, '', 'acp', 16, 182, 193, 'ACP_FORUM_BASED_PERMISSIONS', '', ''),
(19, 1, 1, '', 'acp', 16, 194, 203, 'ACP_PERMISSION_ROLES', '', ''),
(20, 1, 1, '', 'acp', 16, 204, 217, 'ACP_PERMISSION_MASKS', '', ''),
(21, 1, 1, '', 'acp', 0, 219, 232, 'ACP_CAT_STYLES', '', ''),
(22, 1, 1, '', 'acp', 21, 220, 223, 'ACP_STYLE_MANAGEMENT', '', ''),
(23, 1, 1, '', 'acp', 21, 224, 231, 'ACP_STYLE_COMPONENTS', '', ''),
(24, 1, 1, '', 'acp', 0, 233, 252, 'ACP_CAT_MAINTENANCE', '', ''),
(25, 1, 1, '', 'acp', 24, 234, 243, 'ACP_FORUM_LOGS', '', ''),
(26, 1, 1, '', 'acp', 24, 244, 251, 'ACP_CAT_DATABASE', '', ''),
(27, 1, 1, '', 'acp', 0, 253, 278, 'ACP_CAT_SYSTEM', '', ''),
(28, 1, 1, '', 'acp', 27, 254, 257, 'ACP_AUTOMATION', '', ''),
(29, 1, 1, '', 'acp', 27, 258, 269, 'ACP_GENERAL_TASKS', '', ''),
(30, 1, 1, '', 'acp', 27, 270, 277, 'ACP_MODULE_MANAGEMENT', '', ''),
(31, 1, 1, '', 'acp', 0, 279, 284, 'ACP_CAT_DOT_MODS', '', ''),
(32, 1, 1, 'attachments', 'acp', 3, 19, 20, 'ACP_ATTACHMENT_SETTINGS', 'attach', 'acl_a_attach'),
(33, 1, 1, 'attachments', 'acp', 11, 101, 102, 'ACP_ATTACHMENT_SETTINGS', 'attach', 'acl_a_attach'),
(34, 1, 1, 'attachments', 'acp', 11, 103, 104, 'ACP_MANAGE_EXTENSIONS', 'extensions', 'acl_a_attach'),
(35, 1, 1, 'attachments', 'acp', 11, 105, 106, 'ACP_EXTENSION_GROUPS', 'ext_groups', 'acl_a_attach'),
(36, 1, 1, 'attachments', 'acp', 11, 107, 108, 'ACP_ORPHAN_ATTACHMENTS', 'orphan', 'acl_a_attach'),
(37, 1, 1, 'ban', 'acp', 15, 157, 158, 'ACP_BAN_EMAILS', 'email', 'acl_a_ban'),
(38, 1, 1, 'ban', 'acp', 15, 159, 160, 'ACP_BAN_IPS', 'ip', 'acl_a_ban'),
(39, 1, 1, 'ban', 'acp', 15, 161, 162, 'ACP_BAN_USERNAMES', 'user', 'acl_a_ban'),
(40, 1, 1, 'bbcodes', 'acp', 10, 87, 88, 'ACP_BBCODES', 'bbcodes', 'acl_a_bbcode'),
(41, 1, 1, 'board', 'acp', 3, 21, 22, 'ACP_BOARD_SETTINGS', 'settings', 'acl_a_board'),
(42, 1, 1, 'board', 'acp', 3, 23, 24, 'ACP_BOARD_FEATURES', 'features', 'acl_a_board'),
(43, 1, 1, 'board', 'acp', 3, 25, 26, 'ACP_AVATAR_SETTINGS', 'avatar', 'acl_a_board'),
(44, 1, 1, 'board', 'acp', 3, 27, 28, 'ACP_MESSAGE_SETTINGS', 'message', 'acl_a_board'),
(45, 1, 1, 'board', 'acp', 10, 89, 90, 'ACP_MESSAGE_SETTINGS', 'message', 'acl_a_board'),
(46, 1, 1, 'board', 'acp', 3, 29, 30, 'ACP_POST_SETTINGS', 'post', 'acl_a_board'),
(47, 1, 1, 'board', 'acp', 10, 91, 92, 'ACP_POST_SETTINGS', 'post', 'acl_a_board'),
(48, 1, 1, 'board', 'acp', 3, 31, 32, 'ACP_SIGNATURE_SETTINGS', 'signature', 'acl_a_board'),
(49, 1, 1, 'board', 'acp', 3, 33, 34, 'ACP_FEED_SETTINGS', 'feed', 'acl_a_board'),
(50, 1, 1, 'board', 'acp', 3, 35, 36, 'ACP_REGISTER_SETTINGS', 'registration', 'acl_a_board'),
(51, 1, 1, 'board', 'acp', 4, 43, 44, 'ACP_AUTH_SETTINGS', 'auth', 'acl_a_server'),
(52, 1, 1, 'board', 'acp', 4, 45, 46, 'ACP_EMAIL_SETTINGS', 'email', 'acl_a_server'),
(53, 1, 1, 'board', 'acp', 5, 51, 52, 'ACP_COOKIE_SETTINGS', 'cookie', 'acl_a_server'),
(54, 1, 1, 'board', 'acp', 5, 53, 54, 'ACP_SERVER_SETTINGS', 'server', 'acl_a_server'),
(55, 1, 1, 'board', 'acp', 5, 55, 56, 'ACP_SECURITY_SETTINGS', 'security', 'acl_a_server'),
(56, 1, 1, 'board', 'acp', 5, 57, 58, 'ACP_LOAD_SETTINGS', 'load', 'acl_a_server'),
(57, 1, 1, 'bots', 'acp', 29, 259, 260, 'ACP_BOTS', 'bots', 'acl_a_bots'),
(58, 1, 1, 'captcha', 'acp', 3, 37, 38, 'ACP_VC_SETTINGS', 'visual', 'acl_a_board'),
(59, 1, 0, 'captcha', 'acp', 3, 39, 40, 'ACP_VC_CAPTCHA_DISPLAY', 'img', 'acl_a_board'),
(60, 1, 1, 'database', 'acp', 26, 245, 246, 'ACP_BACKUP', 'backup', 'acl_a_backup'),
(61, 1, 1, 'database', 'acp', 26, 247, 248, 'ACP_RESTORE', 'restore', 'acl_a_backup'),
(62, 1, 1, 'disallow', 'acp', 15, 163, 164, 'ACP_DISALLOW_USERNAMES', 'usernames', 'acl_a_names'),
(63, 1, 1, 'email', 'acp', 29, 261, 262, 'ACP_MASS_EMAIL', 'email', 'acl_a_email && cfg_email_enable'),
(64, 1, 1, 'forums', 'acp', 7, 67, 68, 'ACP_MANAGE_FORUMS', 'manage', 'acl_a_forum'),
(65, 1, 1, 'groups', 'acp', 14, 149, 150, 'ACP_GROUPS_MANAGE', 'manage', 'acl_a_group'),
(66, 1, 1, 'icons', 'acp', 10, 93, 94, 'ACP_ICONS', 'icons', 'acl_a_icons'),
(67, 1, 1, 'icons', 'acp', 10, 95, 96, 'ACP_SMILIES', 'smilies', 'acl_a_icons'),
(68, 1, 1, 'inactive', 'acp', 13, 115, 116, 'ACP_INACTIVE_USERS', 'list', 'acl_a_user'),
(69, 1, 1, 'jabber', 'acp', 4, 47, 48, 'ACP_JABBER_SETTINGS', 'settings', 'acl_a_jabber'),
(70, 1, 1, 'language', 'acp', 29, 263, 264, 'ACP_LANGUAGE_PACKS', 'lang_packs', 'acl_a_language'),
(71, 1, 1, 'logs', 'acp', 25, 235, 236, 'ACP_ADMIN_LOGS', 'admin', 'acl_a_viewlogs'),
(72, 1, 1, 'logs', 'acp', 25, 237, 238, 'ACP_MOD_LOGS', 'mod', 'acl_a_viewlogs'),
(73, 1, 1, 'logs', 'acp', 25, 239, 240, 'ACP_USERS_LOGS', 'users', 'acl_a_viewlogs'),
(74, 1, 1, 'logs', 'acp', 25, 241, 242, 'ACP_CRITICAL_LOGS', 'critical', 'acl_a_viewlogs'),
(75, 1, 1, 'main', 'acp', 1, 2, 3, 'ACP_INDEX', 'main', ''),
(76, 1, 1, 'modules', 'acp', 30, 271, 272, 'ACP', 'acp', 'acl_a_modules'),
(77, 1, 1, 'modules', 'acp', 30, 273, 274, 'UCP', 'ucp', 'acl_a_modules'),
(78, 1, 1, 'modules', 'acp', 30, 275, 276, 'MCP', 'mcp', 'acl_a_modules'),
(79, 1, 1, 'permission_roles', 'acp', 19, 195, 196, 'ACP_ADMIN_ROLES', 'admin_roles', 'acl_a_roles && acl_a_aauth'),
(80, 1, 1, 'permission_roles', 'acp', 19, 197, 198, 'ACP_USER_ROLES', 'user_roles', 'acl_a_roles && acl_a_uauth'),
(81, 1, 1, 'permission_roles', 'acp', 19, 199, 200, 'ACP_MOD_ROLES', 'mod_roles', 'acl_a_roles && acl_a_mauth'),
(82, 1, 1, 'permission_roles', 'acp', 19, 201, 202, 'ACP_FORUM_ROLES', 'forum_roles', 'acl_a_roles && acl_a_fauth'),
(83, 1, 1, 'permissions', 'acp', 16, 170, 171, 'ACP_PERMISSIONS', 'intro', 'acl_a_authusers || acl_a_authgroups || acl_a_viewauth'),
(84, 1, 0, 'permissions', 'acp', 20, 205, 206, 'ACP_PERMISSION_TRACE', 'trace', 'acl_a_viewauth'),
(85, 1, 1, 'permissions', 'acp', 18, 183, 184, 'ACP_FORUM_PERMISSIONS', 'setting_forum_local', 'acl_a_fauth && (acl_a_authusers || acl_a_authgroups)'),
(86, 1, 1, 'permissions', 'acp', 18, 185, 186, 'ACP_FORUM_PERMISSIONS_COPY', 'setting_forum_copy', 'acl_a_fauth && acl_a_authusers && acl_a_authgroups && acl_a_mauth'),
(87, 1, 1, 'permissions', 'acp', 18, 187, 188, 'ACP_FORUM_MODERATORS', 'setting_mod_local', 'acl_a_mauth && (acl_a_authusers || acl_a_authgroups)'),
(88, 1, 1, 'permissions', 'acp', 17, 173, 174, 'ACP_USERS_PERMISSIONS', 'setting_user_global', 'acl_a_authusers && (acl_a_aauth || acl_a_mauth || acl_a_uauth)'),
(89, 1, 1, 'permissions', 'acp', 13, 117, 118, 'ACP_USERS_PERMISSIONS', 'setting_user_global', 'acl_a_authusers && (acl_a_aauth || acl_a_mauth || acl_a_uauth)'),
(90, 1, 1, 'permissions', 'acp', 18, 189, 190, 'ACP_USERS_FORUM_PERMISSIONS', 'setting_user_local', 'acl_a_authusers && (acl_a_mauth || acl_a_fauth)'),
(91, 1, 1, 'permissions', 'acp', 13, 119, 120, 'ACP_USERS_FORUM_PERMISSIONS', 'setting_user_local', 'acl_a_authusers && (acl_a_mauth || acl_a_fauth)'),
(92, 1, 1, 'permissions', 'acp', 17, 175, 176, 'ACP_GROUPS_PERMISSIONS', 'setting_group_global', 'acl_a_authgroups && (acl_a_aauth || acl_a_mauth || acl_a_uauth)'),
(93, 1, 1, 'permissions', 'acp', 14, 151, 152, 'ACP_GROUPS_PERMISSIONS', 'setting_group_global', 'acl_a_authgroups && (acl_a_aauth || acl_a_mauth || acl_a_uauth)'),
(94, 1, 1, 'permissions', 'acp', 18, 191, 192, 'ACP_GROUPS_FORUM_PERMISSIONS', 'setting_group_local', 'acl_a_authgroups && (acl_a_mauth || acl_a_fauth)'),
(95, 1, 1, 'permissions', 'acp', 14, 153, 154, 'ACP_GROUPS_FORUM_PERMISSIONS', 'setting_group_local', 'acl_a_authgroups && (acl_a_mauth || acl_a_fauth)'),
(96, 1, 1, 'permissions', 'acp', 17, 177, 178, 'ACP_ADMINISTRATORS', 'setting_admin_global', 'acl_a_aauth && (acl_a_authusers || acl_a_authgroups)'),
(97, 1, 1, 'permissions', 'acp', 17, 179, 180, 'ACP_GLOBAL_MODERATORS', 'setting_mod_global', 'acl_a_mauth && (acl_a_authusers || acl_a_authgroups)'),
(98, 1, 1, 'permissions', 'acp', 20, 207, 208, 'ACP_VIEW_ADMIN_PERMISSIONS', 'view_admin_global', 'acl_a_viewauth'),
(99, 1, 1, 'permissions', 'acp', 20, 209, 210, 'ACP_VIEW_USER_PERMISSIONS', 'view_user_global', 'acl_a_viewauth'),
(100, 1, 1, 'permissions', 'acp', 20, 211, 212, 'ACP_VIEW_GLOBAL_MOD_PERMISSIONS', 'view_mod_global', 'acl_a_viewauth'),
(101, 1, 1, 'permissions', 'acp', 20, 213, 214, 'ACP_VIEW_FORUM_MOD_PERMISSIONS', 'view_mod_local', 'acl_a_viewauth'),
(102, 1, 1, 'permissions', 'acp', 20, 215, 216, 'ACP_VIEW_FORUM_PERMISSIONS', 'view_forum_local', 'acl_a_viewauth'),
(103, 1, 1, 'php_info', 'acp', 29, 265, 266, 'ACP_PHP_INFO', 'info', 'acl_a_phpinfo'),
(104, 1, 1, 'profile', 'acp', 13, 121, 122, 'ACP_CUSTOM_PROFILE_FIELDS', 'profile', 'acl_a_profile'),
(105, 1, 1, 'prune', 'acp', 7, 69, 70, 'ACP_PRUNE_FORUMS', 'forums', 'acl_a_prune'),
(106, 1, 1, 'prune', 'acp', 15, 165, 166, 'ACP_PRUNE_USERS', 'users', 'acl_a_userdel'),
(107, 1, 1, 'ranks', 'acp', 13, 123, 124, 'ACP_MANAGE_RANKS', 'ranks', 'acl_a_ranks'),
(108, 1, 1, 'reasons', 'acp', 29, 267, 268, 'ACP_MANAGE_REASONS', 'main', 'acl_a_reasons'),
(109, 1, 1, 'search', 'acp', 5, 59, 60, 'ACP_SEARCH_SETTINGS', 'settings', 'acl_a_search'),
(110, 1, 1, 'search', 'acp', 26, 249, 250, 'ACP_SEARCH_INDEX', 'index', 'acl_a_search'),
(111, 1, 1, 'send_statistics', 'acp', 5, 61, 62, 'ACP_SEND_STATISTICS', 'send_statistics', 'acl_a_server'),
(112, 1, 1, 'styles', 'acp', 22, 221, 222, 'ACP_STYLES', 'style', 'acl_a_styles'),
(113, 1, 1, 'styles', 'acp', 23, 225, 226, 'ACP_TEMPLATES', 'template', 'acl_a_styles'),
(114, 1, 1, 'styles', 'acp', 23, 227, 228, 'ACP_THEMES', 'theme', 'acl_a_styles'),
(115, 1, 1, 'styles', 'acp', 23, 229, 230, 'ACP_IMAGESETS', 'imageset', 'acl_a_styles'),
(116, 1, 1, 'update', 'acp', 28, 255, 256, 'ACP_VERSION_CHECK', 'version_check', 'acl_a_board'),
(117, 1, 1, 'users', 'acp', 13, 113, 114, 'ACP_MANAGE_USERS', 'overview', 'acl_a_user'),
(118, 1, 0, 'users', 'acp', 13, 125, 126, 'ACP_USER_FEEDBACK', 'feedback', 'acl_a_user'),
(119, 1, 0, 'users', 'acp', 13, 127, 128, 'ACP_USER_WARNINGS', 'warnings', 'acl_a_user'),
(120, 1, 0, 'users', 'acp', 13, 129, 130, 'ACP_USER_PROFILE', 'profile', 'acl_a_user'),
(121, 1, 0, 'users', 'acp', 13, 131, 132, 'ACP_USER_PREFS', 'prefs', 'acl_a_user'),
(122, 1, 0, 'users', 'acp', 13, 133, 134, 'ACP_USER_AVATAR', 'avatar', 'acl_a_user'),
(123, 1, 0, 'users', 'acp', 13, 135, 136, 'ACP_USER_RANK', 'rank', 'acl_a_user'),
(124, 1, 0, 'users', 'acp', 13, 137, 138, 'ACP_USER_SIG', 'sig', 'acl_a_user'),
(125, 1, 0, 'users', 'acp', 13, 139, 140, 'ACP_USER_GROUPS', 'groups', 'acl_a_user && acl_a_group'),
(126, 1, 0, 'users', 'acp', 13, 141, 142, 'ACP_USER_PERM', 'perm', 'acl_a_user && acl_a_viewauth'),
(127, 1, 0, 'users', 'acp', 13, 143, 144, 'ACP_USER_ATTACH', 'attach', 'acl_a_user'),
(128, 1, 1, 'words', 'acp', 10, 97, 98, 'ACP_WORDS', 'words', 'acl_a_words'),
(129, 1, 1, 'users', 'acp', 2, 5, 6, 'ACP_MANAGE_USERS', 'overview', 'acl_a_user'),
(130, 1, 1, 'groups', 'acp', 2, 7, 8, 'ACP_GROUPS_MANAGE', 'manage', 'acl_a_group'),
(131, 1, 1, 'forums', 'acp', 2, 9, 10, 'ACP_MANAGE_FORUMS', 'manage', 'acl_a_forum'),
(132, 1, 1, 'logs', 'acp', 2, 11, 12, 'ACP_MOD_LOGS', 'mod', 'acl_a_viewlogs'),
(133, 1, 1, 'bots', 'acp', 2, 13, 14, 'ACP_BOTS', 'bots', 'acl_a_bots'),
(134, 1, 1, 'php_info', 'acp', 2, 15, 16, 'ACP_PHP_INFO', 'info', 'acl_a_phpinfo'),
(135, 1, 1, 'permissions', 'acp', 8, 73, 74, 'ACP_FORUM_PERMISSIONS', 'setting_forum_local', 'acl_a_fauth && (acl_a_authusers || acl_a_authgroups)'),
(136, 1, 1, 'permissions', 'acp', 8, 75, 76, 'ACP_FORUM_PERMISSIONS_COPY', 'setting_forum_copy', 'acl_a_fauth && acl_a_authusers && acl_a_authgroups && acl_a_mauth'),
(137, 1, 1, 'permissions', 'acp', 8, 77, 78, 'ACP_FORUM_MODERATORS', 'setting_mod_local', 'acl_a_mauth && (acl_a_authusers || acl_a_authgroups)'),
(138, 1, 1, 'permissions', 'acp', 8, 79, 80, 'ACP_USERS_FORUM_PERMISSIONS', 'setting_user_local', 'acl_a_authusers && (acl_a_mauth || acl_a_fauth)'),
(139, 1, 1, 'permissions', 'acp', 8, 81, 82, 'ACP_GROUPS_FORUM_PERMISSIONS', 'setting_group_local', 'acl_a_authgroups && (acl_a_mauth || acl_a_fauth)'),
(140, 1, 1, '', 'mcp', 0, 1, 10, 'MCP_MAIN', '', ''),
(141, 1, 1, '', 'mcp', 0, 11, 18, 'MCP_QUEUE', '', ''),
(142, 1, 1, '', 'mcp', 0, 19, 32, 'MCP_REPORTS', '', ''),
(143, 1, 1, '', 'mcp', 0, 33, 38, 'MCP_NOTES', '', ''),
(144, 1, 1, '', 'mcp', 0, 39, 48, 'MCP_WARN', '', ''),
(145, 1, 1, '', 'mcp', 0, 49, 56, 'MCP_LOGS', '', ''),
(146, 1, 1, '', 'mcp', 0, 57, 64, 'MCP_BAN', '', ''),
(147, 1, 1, 'ban', 'mcp', 146, 58, 59, 'MCP_BAN_USERNAMES', 'user', 'acl_m_ban'),
(148, 1, 1, 'ban', 'mcp', 146, 60, 61, 'MCP_BAN_IPS', 'ip', 'acl_m_ban'),
(149, 1, 1, 'ban', 'mcp', 146, 62, 63, 'MCP_BAN_EMAILS', 'email', 'acl_m_ban'),
(150, 1, 1, 'logs', 'mcp', 145, 50, 51, 'MCP_LOGS_FRONT', 'front', 'acl_m_ || aclf_m_'),
(151, 1, 1, 'logs', 'mcp', 145, 52, 53, 'MCP_LOGS_FORUM_VIEW', 'forum_logs', 'acl_m_,$id'),
(152, 1, 1, 'logs', 'mcp', 145, 54, 55, 'MCP_LOGS_TOPIC_VIEW', 'topic_logs', 'acl_m_,$id'),
(153, 1, 1, 'main', 'mcp', 140, 2, 3, 'MCP_MAIN_FRONT', 'front', ''),
(154, 1, 1, 'main', 'mcp', 140, 4, 5, 'MCP_MAIN_FORUM_VIEW', 'forum_view', 'acl_m_,$id'),
(155, 1, 1, 'main', 'mcp', 140, 6, 7, 'MCP_MAIN_TOPIC_VIEW', 'topic_view', 'acl_m_,$id'),
(156, 1, 1, 'main', 'mcp', 140, 8, 9, 'MCP_MAIN_POST_DETAILS', 'post_details', 'acl_m_,$id || (!$id && aclf_m_)'),
(157, 1, 1, 'notes', 'mcp', 143, 34, 35, 'MCP_NOTES_FRONT', 'front', ''),
(158, 1, 1, 'notes', 'mcp', 143, 36, 37, 'MCP_NOTES_USER', 'user_notes', ''),
(159, 1, 1, 'pm_reports', 'mcp', 142, 20, 21, 'MCP_PM_REPORTS_OPEN', 'pm_reports', 'aclf_m_report'),
(160, 1, 1, 'pm_reports', 'mcp', 142, 22, 23, 'MCP_PM_REPORTS_CLOSED', 'pm_reports_closed', 'aclf_m_report'),
(161, 1, 1, 'pm_reports', 'mcp', 142, 24, 25, 'MCP_PM_REPORT_DETAILS', 'pm_report_details', 'aclf_m_report'),
(162, 1, 1, 'queue', 'mcp', 141, 12, 13, 'MCP_QUEUE_UNAPPROVED_TOPICS', 'unapproved_topics', 'aclf_m_approve'),
(163, 1, 1, 'queue', 'mcp', 141, 14, 15, 'MCP_QUEUE_UNAPPROVED_POSTS', 'unapproved_posts', 'aclf_m_approve'),
(164, 1, 1, 'queue', 'mcp', 141, 16, 17, 'MCP_QUEUE_APPROVE_DETAILS', 'approve_details', 'acl_m_approve,$id || (!$id && aclf_m_approve)'),
(165, 1, 1, 'reports', 'mcp', 142, 26, 27, 'MCP_REPORTS_OPEN', 'reports', 'aclf_m_report'),
(166, 1, 1, 'reports', 'mcp', 142, 28, 29, 'MCP_REPORTS_CLOSED', 'reports_closed', 'aclf_m_report'),
(167, 1, 1, 'reports', 'mcp', 142, 30, 31, 'MCP_REPORT_DETAILS', 'report_details', 'acl_m_report,$id || (!$id && aclf_m_report)'),
(168, 1, 1, 'warn', 'mcp', 144, 40, 41, 'MCP_WARN_FRONT', 'front', 'aclf_m_warn'),
(169, 1, 1, 'warn', 'mcp', 144, 42, 43, 'MCP_WARN_LIST', 'list', 'aclf_m_warn'),
(170, 1, 1, 'warn', 'mcp', 144, 44, 45, 'MCP_WARN_USER', 'warn_user', 'aclf_m_warn'),
(171, 1, 1, 'warn', 'mcp', 144, 46, 47, 'MCP_WARN_POST', 'warn_post', 'acl_m_warn && acl_f_read,$id'),
(172, 1, 1, '', 'ucp', 0, 1, 12, 'UCP_MAIN', '', ''),
(173, 1, 1, '', 'ucp', 0, 13, 22, 'UCP_PROFILE', '', ''),
(174, 1, 1, '', 'ucp', 0, 23, 30, 'UCP_PREFS', '', ''),
(175, 1, 1, '', 'ucp', 0, 31, 42, 'UCP_PM', '', ''),
(176, 1, 1, '', 'ucp', 0, 43, 48, 'UCP_USERGROUPS', '', ''),
(177, 1, 1, '', 'ucp', 0, 49, 54, 'UCP_ZEBRA', '', ''),
(178, 1, 1, 'attachments', 'ucp', 172, 10, 11, 'UCP_MAIN_ATTACHMENTS', 'attachments', 'acl_u_attach'),
(179, 1, 1, 'groups', 'ucp', 176, 44, 45, 'UCP_USERGROUPS_MEMBER', 'membership', ''),
(180, 1, 1, 'groups', 'ucp', 176, 46, 47, 'UCP_USERGROUPS_MANAGE', 'manage', ''),
(181, 1, 1, 'main', 'ucp', 172, 2, 3, 'UCP_MAIN_FRONT', 'front', ''),
(182, 1, 1, 'main', 'ucp', 172, 4, 5, 'UCP_MAIN_SUBSCRIBED', 'subscribed', ''),
(183, 1, 1, 'main', 'ucp', 172, 6, 7, 'UCP_MAIN_BOOKMARKS', 'bookmarks', 'cfg_allow_bookmarks'),
(184, 1, 1, 'main', 'ucp', 172, 8, 9, 'UCP_MAIN_DRAFTS', 'drafts', ''),
(185, 1, 0, 'pm', 'ucp', 175, 32, 33, 'UCP_PM_VIEW', 'view', 'cfg_allow_privmsg'),
(186, 1, 1, 'pm', 'ucp', 175, 34, 35, 'UCP_PM_COMPOSE', 'compose', 'cfg_allow_privmsg'),
(187, 1, 1, 'pm', 'ucp', 175, 36, 37, 'UCP_PM_DRAFTS', 'drafts', 'cfg_allow_privmsg'),
(188, 1, 1, 'pm', 'ucp', 175, 38, 39, 'UCP_PM_OPTIONS', 'options', 'cfg_allow_privmsg'),
(189, 1, 0, 'pm', 'ucp', 175, 40, 41, 'UCP_PM_POPUP_TITLE', 'popup', 'cfg_allow_privmsg'),
(190, 1, 1, 'prefs', 'ucp', 174, 24, 25, 'UCP_PREFS_PERSONAL', 'personal', ''),
(191, 1, 1, 'prefs', 'ucp', 174, 26, 27, 'UCP_PREFS_POST', 'post', ''),
(192, 1, 1, 'prefs', 'ucp', 174, 28, 29, 'UCP_PREFS_VIEW', 'view', ''),
(193, 1, 1, 'profile', 'ucp', 173, 14, 15, 'UCP_PROFILE_PROFILE_INFO', 'profile_info', ''),
(194, 1, 1, 'profile', 'ucp', 173, 16, 17, 'UCP_PROFILE_SIGNATURE', 'signature', ''),
(195, 1, 1, 'profile', 'ucp', 173, 18, 19, 'UCP_PROFILE_AVATAR', 'avatar', 'cfg_allow_avatar && (cfg_allow_avatar_local || cfg_allow_avatar_remote || cfg_allow_avatar_upload || cfg_allow_avatar_remote_upload)'),
(196, 1, 1, 'profile', 'ucp', 173, 20, 21, 'UCP_PROFILE_REG_DETAILS', 'reg_details', ''),
(197, 1, 1, 'zebra', 'ucp', 177, 50, 51, 'UCP_ZEBRA_FRIENDS', 'friends', ''),
(198, 1, 1, 'zebra', 'ucp', 177, 52, 53, 'UCP_ZEBRA_FOES', 'foes', ''),
(199, 1, 1, '', 'acp', 31, 280, 283, 'ACP_CAT_MCHAT', '', ''),
(200, 1, 1, 'mchat', 'acp', 199, 281, 282, 'ACP_MCHAT_CONFIG', 'configuration', 'acl_a_mchat'),
(201, 1, 0, 'users', 'acp', 13, 145, 146, 'ACP_USER_MCHAT', 'mchat', 'acl_a_user'),
(202, 1, 1, '', 'ucp', 0, 55, 58, 'UCP_CAT_MCHAT', '', ''),
(203, 1, 1, 'mchat', 'ucp', 202, 56, 57, 'UCP_MCHAT_CONFIG', 'configuration', 'acl_u_mchat_use');

--
-- Contenu de la table `phpbb_ranks`
--

INSERT IGNORE INTO `phpbb_ranks` (`rank_id`, `rank_title`, `rank_min`, `rank_special`, `rank_image`) VALUES
(1, 'Site Admin', 0, 1, ''),
(2, 'Général de l''Ouest', 0, 1, ''),
(3, 'Général de l''Est', 0, 1, ''),
(4, 'Général du Nord', 0, 1, ''),
(5, 'Général du Sud', 0, 1, ''),
(6, '3e Empereur', 0, 1, ''),
(7, 'Soldat Impérial', 0, 1, ''),
(8, 'Esclave', 0, 1, ''),
(9, 'Intendant', 0, 1, ''),
(10, 'Dirigeante', 0, 1, ''),
(11, 'Leader de l''Ouest', 0, 1, ''),
(12, 'Leader de l''Est', 0, 1, ''),
(13, 'Leader du Nord', 0, 1, ''),
(14, 'Leader du Sud', 0, 1, ''),
(15, 'Rebelle', 0, 1, ''),
(16, 'Libertin', 0, 1, ''),
(17, 'Conseiller', 0, 1, ''),
(18, 'Suprême', 0, 1, ''),
(19, 'Traqueur', 0, 1, ''),
(20, 'Soldat Exitian', 0, 1, ''),
(21, 'Haut Traqueur', 0, 1, ''),
(22, 'Chef', 0, 1, ''),
(23, 'Associé n°1', 0, 1, ''),
(24, 'Sbire', 0, 1, ''),
(25, 'Citoyen', 0, 1, ''),
(26, 'Déesse Temporelle', 0, 1, ''),
(27, 'Bras Droit', 0, 1, ''),
(28, 'Esclave de l''Empereur', 0, 1, ''),
(29, 'La Demoiselle', 0, 1, ''),
(30, 'Associé n°2', 0, 1, ''),
(31, 'Associé n°3', 0, 1, ''),
(32, 'Associé n°4', 0, 1, ''),
(33, 'Personnel', 0, 1, ''),
(34, 'Personnel', 0, 1, ''),
(35, 'Associé n°4', 0, 1, ''),
(36, 'Associé n°3', 0, 1, ''),
(37, 'Associé n°2', 0, 1, ''),
(38, '2e Dirigeante', 0, 1, ''),
(39, 'Vil Présentateur', 0, 1, ''),
(40, 'Chancelier Impérial', 0, 1, '');

--
-- Contenu de la table `phpbb_reports_reasons`
--

INSERT IGNORE INTO `phpbb_reports_reasons` (`reason_id`, `reason_title`, `reason_description`, `reason_order`) VALUES
(1, 'warez', 'The post contains links to illegal or pirated software.', 1),
(2, 'spam', 'The reported post has the only purpose to advertise for a website or another product.', 2),
(3, 'off_topic', 'The reported post is off topic.', 3),
(4, 'other', 'The reported post does not fit into any other category, please use the further information field.', 4);

--
-- Contenu de la table `phpbb_smilies`
--

INSERT IGNORE INTO `phpbb_smilies` (`smiley_id`, `code`, `emotion`, `smiley_url`, `smiley_width`, `smiley_height`, `smiley_order`, `display_on_posting`) VALUES
(1, ':D', 'Very Happy', 'icon_e_biggrin.gif', 15, 17, 1, 1),
(2, ':-D', 'Very Happy', 'icon_e_biggrin.gif', 15, 17, 2, 1),
(3, ':grin:', 'Very Happy', 'icon_e_biggrin.gif', 15, 17, 3, 1),
(4, ':)', 'Smile', 'icon_e_smile.gif', 15, 17, 4, 1),
(5, ':-)', 'Smile', 'icon_e_smile.gif', 15, 17, 5, 1),
(6, ':smile:', 'Smile', 'icon_e_smile.gif', 15, 17, 6, 1),
(7, ';)', 'Wink', 'icon_e_wink.gif', 15, 17, 7, 1),
(8, ';-)', 'Wink', 'icon_e_wink.gif', 15, 17, 8, 1),
(9, ':wink:', 'Wink', 'icon_e_wink.gif', 15, 17, 9, 1),
(10, ':(', 'Sad', 'icon_e_sad.gif', 15, 17, 10, 1),
(11, ':-(', 'Sad', 'icon_e_sad.gif', 15, 17, 11, 1),
(12, ':sad:', 'Sad', 'icon_e_sad.gif', 15, 17, 12, 1),
(13, ':o', 'Surprised', 'icon_e_surprised.gif', 15, 17, 13, 1),
(14, ':-o', 'Surprised', 'icon_e_surprised.gif', 15, 17, 14, 1),
(15, ':eek:', 'Surprised', 'icon_e_surprised.gif', 15, 17, 15, 1),
(16, ':shock:', 'Shocked', 'icon_eek.gif', 15, 17, 16, 1),
(17, ':?', 'Confused', 'icon_e_confused.gif', 15, 17, 17, 1),
(18, ':-?', 'Confused', 'icon_e_confused.gif', 15, 17, 18, 1),
(19, ':???:', 'Confused', 'icon_e_confused.gif', 15, 17, 19, 1),
(20, '8-)', 'Cool', 'icon_cool.gif', 15, 17, 20, 1),
(21, ':cool:', 'Cool', 'icon_cool.gif', 15, 17, 21, 1),
(22, ':lol:', 'Laughing', 'icon_lol.gif', 15, 17, 22, 1),
(23, ':x', 'Mad', 'icon_mad.gif', 15, 17, 23, 1),
(24, ':-x', 'Mad', 'icon_mad.gif', 15, 17, 24, 1),
(25, ':mad:', 'Mad', 'icon_mad.gif', 15, 17, 25, 1),
(26, ':P', 'Razz', 'icon_razz.gif', 15, 17, 26, 1),
(27, ':-P', 'Razz', 'icon_razz.gif', 15, 17, 27, 1),
(28, ':razz:', 'Razz', 'icon_razz.gif', 15, 17, 28, 1),
(29, ':oops:', 'Embarrassed', 'icon_redface.gif', 15, 17, 29, 1),
(30, ':cry:', 'Crying or Very Sad', 'icon_cry.gif', 15, 17, 30, 1),
(31, ':evil:', 'Evil or Very Mad', 'icon_evil.gif', 15, 17, 31, 1),
(32, ':twisted:', 'Twisted Evil', 'icon_twisted.gif', 15, 17, 32, 1),
(33, ':roll:', 'Rolling Eyes', 'icon_rolleyes.gif', 15, 17, 33, 1),
(34, ':!:', 'Exclamation', 'icon_exclaim.gif', 15, 17, 34, 1),
(35, ':?:', 'Question', 'icon_question.gif', 15, 17, 35, 1),
(36, ':idea:', 'Idea', 'icon_idea.gif', 15, 17, 36, 1),
(37, ':arrow:', 'Arrow', 'icon_arrow.gif', 15, 17, 37, 1),
(38, ':|', 'Neutral', 'icon_neutral.gif', 15, 17, 38, 1),
(39, ':-|', 'Neutral', 'icon_neutral.gif', 15, 17, 39, 1),
(40, ':mrgreen:', 'Mr. Green', 'icon_mrgreen.gif', 15, 17, 40, 1),
(41, ':geek:', 'Geek', 'icon_e_geek.gif', 17, 17, 41, 1),
(42, ':ugeek:', 'Uber Geek', 'icon_e_ugeek.gif', 17, 18, 42, 1);

--
-- Contenu de la table `phpbb_styles`
--

INSERT IGNORE INTO `phpbb_styles` (`style_id`, `style_name`, `style_copyright`, `style_active`, `template_id`, `theme_id`, `imageset_id`) VALUES
(1, 'prosilver', '&copy; phpBB Group', 0, 1, 1, 1),
(2, 'AcidTech', '&copy; 2007-2011 ST Software', 0, 2, 2, 2),
(3, 'UniversalSpace', '&copy; LEOITALIA 2009-2012', 1, 3, 3, 3);

--
-- Contenu de la table `phpbb_styles_imageset`
--

INSERT IGNORE INTO `phpbb_styles_imageset` (`imageset_id`, `imageset_name`, `imageset_copyright`, `imageset_path`) VALUES
(1, 'prosilver', '&copy; phpBB Group', 'prosilver'),
(2, 'AcidTech', '&copy; 2007-2011 ST Software', 'acidtech'),
(3, 'UniversalSpace', '&copy; LEOITALIA 2009-2012', 'UniversalSpace');

--
-- Contenu de la table `phpbb_styles_imageset_data`
--

INSERT IGNORE INTO `phpbb_styles_imageset_data` (`image_id`, `image_name`, `image_filename`, `image_lang`, `image_height`, `image_width`, `imageset_id`) VALUES
(1, 'site_logo', 'site_logo.gif', '', 52, 139, 1),
(2, 'forum_link', 'forum_link.gif', '', 27, 27, 1),
(3, 'forum_read', 'forum_read.gif', '', 27, 27, 1),
(4, 'forum_read_locked', 'forum_read_locked.gif', '', 27, 27, 1),
(5, 'forum_read_subforum', 'forum_read_subforum.gif', '', 27, 27, 1),
(6, 'forum_unread', 'forum_unread.gif', '', 27, 27, 1),
(7, 'forum_unread_locked', 'forum_unread_locked.gif', '', 27, 27, 1),
(8, 'forum_unread_subforum', 'forum_unread_subforum.gif', '', 27, 27, 1),
(9, 'topic_moved', 'topic_moved.gif', '', 27, 27, 1),
(10, 'topic_read', 'topic_read.gif', '', 27, 27, 1),
(11, 'topic_read_mine', 'topic_read_mine.gif', '', 27, 27, 1),
(12, 'topic_read_hot', 'topic_read_hot.gif', '', 27, 27, 1),
(13, 'topic_read_hot_mine', 'topic_read_hot_mine.gif', '', 27, 27, 1),
(14, 'topic_read_locked', 'topic_read_locked.gif', '', 27, 27, 1),
(15, 'topic_read_locked_mine', 'topic_read_locked_mine.gif', '', 27, 27, 1),
(16, 'topic_unread', 'topic_unread.gif', '', 27, 27, 1),
(17, 'topic_unread_mine', 'topic_unread_mine.gif', '', 27, 27, 1),
(18, 'topic_unread_hot', 'topic_unread_hot.gif', '', 27, 27, 1),
(19, 'topic_unread_hot_mine', 'topic_unread_hot_mine.gif', '', 27, 27, 1),
(20, 'topic_unread_locked', 'topic_unread_locked.gif', '', 27, 27, 1),
(21, 'topic_unread_locked_mine', 'topic_unread_locked_mine.gif', '', 27, 27, 1),
(22, 'sticky_read', 'sticky_read.gif', '', 27, 27, 1),
(23, 'sticky_read_mine', 'sticky_read_mine.gif', '', 27, 27, 1),
(24, 'sticky_read_locked', 'sticky_read_locked.gif', '', 27, 27, 1),
(25, 'sticky_read_locked_mine', 'sticky_read_locked_mine.gif', '', 27, 27, 1),
(26, 'sticky_unread', 'sticky_unread.gif', '', 27, 27, 1),
(27, 'sticky_unread_mine', 'sticky_unread_mine.gif', '', 27, 27, 1),
(28, 'sticky_unread_locked', 'sticky_unread_locked.gif', '', 27, 27, 1),
(29, 'sticky_unread_locked_mine', 'sticky_unread_locked_mine.gif', '', 27, 27, 1),
(30, 'announce_read', 'announce_read.gif', '', 27, 27, 1),
(31, 'announce_read_mine', 'announce_read_mine.gif', '', 27, 27, 1),
(32, 'announce_read_locked', 'announce_read_locked.gif', '', 27, 27, 1),
(33, 'announce_read_locked_mine', 'announce_read_locked_mine.gif', '', 27, 27, 1),
(34, 'announce_unread', 'announce_unread.gif', '', 27, 27, 1),
(35, 'announce_unread_mine', 'announce_unread_mine.gif', '', 27, 27, 1),
(36, 'announce_unread_locked', 'announce_unread_locked.gif', '', 27, 27, 1),
(37, 'announce_unread_locked_mine', 'announce_unread_locked_mine.gif', '', 27, 27, 1),
(38, 'global_read', 'announce_read.gif', '', 27, 27, 1),
(39, 'global_read_mine', 'announce_read_mine.gif', '', 27, 27, 1),
(40, 'global_read_locked', 'announce_read_locked.gif', '', 27, 27, 1),
(41, 'global_read_locked_mine', 'announce_read_locked_mine.gif', '', 27, 27, 1),
(42, 'global_unread', 'announce_unread.gif', '', 27, 27, 1),
(43, 'global_unread_mine', 'announce_unread_mine.gif', '', 27, 27, 1),
(44, 'global_unread_locked', 'announce_unread_locked.gif', '', 27, 27, 1),
(45, 'global_unread_locked_mine', 'announce_unread_locked_mine.gif', '', 27, 27, 1),
(46, 'pm_read', 'topic_read.gif', '', 27, 27, 1),
(47, 'pm_unread', 'topic_unread.gif', '', 27, 27, 1),
(48, 'icon_back_top', 'icon_back_top.gif', '', 11, 11, 1),
(49, 'icon_contact_aim', 'icon_contact_aim.gif', '', 20, 20, 1),
(50, 'icon_contact_email', 'icon_contact_email.gif', '', 20, 20, 1),
(51, 'icon_contact_icq', 'icon_contact_icq.gif', '', 20, 20, 1),
(52, 'icon_contact_jabber', 'icon_contact_jabber.gif', '', 20, 20, 1),
(53, 'icon_contact_msnm', 'icon_contact_msnm.gif', '', 20, 20, 1),
(54, 'icon_contact_www', 'icon_contact_www.gif', '', 20, 20, 1),
(55, 'icon_contact_yahoo', 'icon_contact_yahoo.gif', '', 20, 20, 1),
(56, 'icon_post_delete', 'icon_post_delete.gif', '', 20, 20, 1),
(57, 'icon_post_info', 'icon_post_info.gif', '', 20, 20, 1),
(58, 'icon_post_report', 'icon_post_report.gif', '', 20, 20, 1),
(59, 'icon_post_target', 'icon_post_target.gif', '', 9, 11, 1),
(60, 'icon_post_target_unread', 'icon_post_target_unread.gif', '', 9, 11, 1),
(61, 'icon_topic_attach', 'icon_topic_attach.gif', '', 10, 7, 1),
(62, 'icon_topic_latest', 'icon_topic_latest.gif', '', 9, 11, 1),
(63, 'icon_topic_newest', 'icon_topic_newest.gif', '', 9, 11, 1),
(64, 'icon_topic_reported', 'icon_topic_reported.gif', '', 14, 16, 1),
(65, 'icon_topic_unapproved', 'icon_topic_unapproved.gif', '', 14, 16, 1),
(66, 'icon_user_warn', 'icon_user_warn.gif', '', 20, 20, 1),
(67, 'subforum_read', 'subforum_read.gif', '', 9, 11, 1),
(68, 'subforum_unread', 'subforum_unread.gif', '', 9, 11, 1),
(69, 'icon_contact_pm', 'icon_contact_pm.gif', 'en', 20, 28, 1),
(70, 'icon_post_edit', 'icon_post_edit.gif', 'en', 20, 42, 1),
(71, 'icon_post_quote', 'icon_post_quote.gif', 'en', 20, 54, 1),
(72, 'icon_user_online', 'icon_user_online.gif', 'en', 58, 58, 1),
(73, 'button_pm_forward', 'button_pm_forward.gif', 'en', 25, 96, 1),
(74, 'button_pm_new', 'button_pm_new.gif', 'en', 25, 84, 1),
(75, 'button_pm_reply', 'button_pm_reply.gif', 'en', 25, 96, 1),
(76, 'button_topic_locked', 'button_topic_locked.gif', 'en', 25, 88, 1),
(77, 'button_topic_new', 'button_topic_new.gif', 'en', 25, 96, 1),
(78, 'button_topic_reply', 'button_topic_reply.gif', 'en', 25, 96, 1),
(79, 'site_logo', 'banniere1.jpg', '', 0, 0, 2),
(80, 'upload_bar', 'upload_bar.gif', '', 40, 40, 2),
(81, 'poll_left', 'poll_left.gif', '', 12, 4, 2),
(82, 'poll_center', 'poll_center.gif', '', 12, 0, 2),
(83, 'poll_right', 'poll_right.gif', '', 12, 4, 2),
(84, 'icon_contact_aim', 'icon_contact_aim.gif', '', 13, 33, 2),
(85, 'icon_contact_icq', 'icon_contact_icq.gif', '', 13, 31, 2),
(86, 'icon_contact_jabber', 'icon_contact_jabber.gif', '', 13, 47, 2),
(87, 'icon_contact_msnm', 'icon_contact_msnm.gif', '', 13, 34, 2),
(88, 'icon_contact_yahoo', 'icon_contact_yahoo.gif', '', 13, 33, 2),
(89, 'icon_contact_www', 'icon_contact_www.gif', '', 13, 36, 2),
(90, 'icon_user_warn', 'icon_user_warn.gif', '', 13, 19, 2),
(91, 'icon_post_delete', 'icon_post_delete.gif', '', 13, 20, 2),
(92, 'icon_post_info', 'icon_post_info.gif', '', 13, 20, 2),
(93, 'icon_post_report', 'icon_post_report.gif', '', 13, 17, 2),
(94, 'forum_link', 'forum_link.gif', '', 23, 23, 2),
(95, 'forum_read', 'forum_read.gif', '', 23, 23, 2),
(96, 'forum_read_locked', 'forum_read_locked.gif', '', 23, 23, 2),
(97, 'forum_read_subforum', 'forum_read_subforum.gif', '', 23, 23, 2),
(98, 'forum_unread', 'forum_unread.gif', '', 23, 23, 2),
(99, 'forum_unread_locked', 'forum_unread_locked.gif', '', 23, 23, 2),
(100, 'forum_unread_subforum', 'forum_unread_subforum.gif', '', 23, 23, 2),
(101, 'topic_moved', 'topic_moved.gif', '', 18, 18, 2),
(102, 'topic_read', 'topic_read.gif', '', 18, 18, 2),
(103, 'topic_read_mine', 'topic_read_mine.gif', '', 18, 18, 2),
(104, 'topic_read_hot', 'topic_read.gif', '', 18, 18, 2),
(105, 'topic_read_hot_mine', 'topic_read_mine.gif', '', 18, 18, 2),
(106, 'topic_read_locked', 'topic_read_locked.gif', '', 18, 18, 2),
(107, 'topic_read_locked_mine', 'topic_read_locked_mine.gif', '', 18, 18, 2),
(108, 'topic_unread', 'topic_unread.gif', '', 18, 18, 2),
(109, 'topic_unread_mine', 'topic_unread_mine.gif', '', 18, 18, 2),
(110, 'topic_unread_hot', 'topic_unread.gif', '', 18, 18, 2),
(111, 'topic_unread_hot_mine', 'topic_unread_mine.gif', '', 18, 18, 2),
(112, 'topic_unread_locked', 'topic_unread_locked.gif', '', 18, 18, 2),
(113, 'topic_unread_locked_mine', 'topic_unread_locked_mine.gif', '', 18, 18, 2),
(114, 'sticky_read', 'sticky_read.gif', '', 18, 18, 2),
(115, 'sticky_read_mine', 'sticky_read_mine.gif', '', 18, 18, 2),
(116, 'sticky_read_locked', 'sticky_read_locked.gif', '', 18, 18, 2),
(117, 'sticky_read_locked_mine', 'sticky_read_locked_mine.gif', '', 18, 18, 2),
(118, 'sticky_unread', 'sticky_unread.gif', '', 18, 18, 2),
(119, 'sticky_unread_mine', 'sticky_unread_mine.gif', '', 18, 18, 2),
(120, 'sticky_unread_locked', 'sticky_unread_locked.gif', '', 18, 18, 2),
(121, 'sticky_unread_locked_mine', 'sticky_unread_locked_mine.gif', '', 18, 18, 2),
(122, 'announce_read', 'announce_read.gif', '', 18, 18, 2),
(123, 'announce_read_mine', 'announce_read_mine.gif', '', 18, 18, 2),
(124, 'announce_read_locked', 'announce_read_locked.gif', '', 18, 18, 2),
(125, 'announce_read_locked_mine', 'announce_read_locked_mine.gif', '', 18, 18, 2),
(126, 'announce_unread', 'announce_unread.gif', '', 18, 18, 2),
(127, 'announce_unread_mine', 'announce_unread_mine.gif', '', 18, 18, 2),
(128, 'announce_unread_locked', 'announce_unread_locked.gif', '', 18, 18, 2),
(129, 'announce_unread_locked_mine', 'announce_unread_locked_mine.gif', '', 18, 18, 2),
(130, 'global_read', 'announce_read.gif', '', 18, 18, 2),
(131, 'global_read_mine', 'announce_read_mine.gif', '', 18, 18, 2),
(132, 'global_read_locked', 'announce_read_locked.gif', '', 18, 18, 2),
(133, 'global_read_locked_mine', 'announce_read_locked_mine.gif', '', 18, 18, 2),
(134, 'global_unread', 'announce_unread.gif', '', 18, 18, 2),
(135, 'global_unread_mine', 'announce_unread_mine.gif', '', 18, 18, 2),
(136, 'global_unread_locked', 'announce_unread_locked.gif', '', 18, 18, 2),
(137, 'global_unread_locked_mine', 'announce_unread_locked_mine.gif', '', 18, 18, 2),
(138, 'pm_read', 'topic_read.gif', '', 18, 18, 2),
(139, 'pm_unread', 'topic_unread.gif', '', 18, 18, 2),
(140, 'icon_post_target', 'icon_topic_latest.gif', '', 9, 13, 2),
(141, 'icon_post_target_unread', 'icon_topic_newest.gif', '', 9, 13, 2),
(142, 'icon_topic_attach', 'icon_topic_attach.gif', '', 12, 6, 2),
(143, 'icon_topic_latest', 'icon_topic_latest.gif', '', 9, 13, 2),
(144, 'icon_topic_newest', 'icon_topic_newest.gif', '', 9, 13, 2),
(145, 'icon_topic_reported', 'icon_topic_reported.gif', '', 18, 18, 2),
(146, 'icon_topic_unapproved', 'icon_topic_unapproved.gif', '', 18, 18, 2),
(147, 'icon_contact_email', 'icon_contact_email.gif', 'en', 13, 41, 2),
(148, 'icon_contact_pm', 'icon_contact_pm.gif', 'en', 13, 29, 2),
(149, 'icon_post_edit', 'icon_post_edit.gif', 'en', 13, 35, 2),
(150, 'icon_post_quote', 'icon_post_quote.gif', 'en', 13, 41, 2),
(151, 'icon_user_online', 'icon_user_online.gif', 'en', 11, 36, 2),
(152, 'icon_user_offline', 'spacer.gif', 'en', 0, 0, 2),
(153, 'icon_user_profile', 'icon_user_profile.gif', 'en', 13, 49, 2),
(154, 'icon_user_search', 'icon_user_search.gif', 'en', 13, 46, 2),
(155, 'button_pm_forward', 'button_pm_forward.gif', 'en', 20, 85, 2),
(156, 'button_pm_new', 'button_pm_new.gif', 'en', 20, 94, 2),
(157, 'button_pm_reply', 'button_topic_reply.gif', 'en', 20, 103, 2),
(158, 'button_topic_locked', 'button_topic_locked.gif', 'en', 20, 80, 2),
(159, 'button_topic_new', 'button_topic_new.gif', 'en', 20, 101, 2),
(160, 'button_topic_reply', 'button_topic_reply.gif', 'en', 20, 103, 2),
(161, 'icon_contact_email', 'icon_contact_email.gif', 'fr', 13, 41, 2),
(162, 'icon_contact_pm', 'icon_contact_pm.gif', 'fr', 13, 29, 2),
(163, 'icon_post_edit', 'icon_post_edit.gif', 'fr', 13, 44, 2),
(164, 'icon_post_quote', 'icon_post_quote.gif', 'fr', 13, 39, 2),
(165, 'icon_user_online', 'icon_user_online.gif', 'fr', 11, 44, 2),
(166, 'icon_user_offline', 'spacer.gif', 'fr', 0, 0, 2),
(167, 'icon_user_profile', 'icon_user_profile.gif', 'fr', 13, 45, 2),
(168, 'icon_user_search', 'icon_user_search.gif', 'fr', 13, 63, 2),
(169, 'button_pm_forward', 'button_pm_forward.gif', 'fr', 20, 108, 2),
(170, 'button_pm_new', 'button_pm_new.gif', 'fr', 20, 110, 2),
(171, 'button_pm_reply', 'button_topic_reply.gif', 'fr', 20, 93, 2),
(172, 'button_topic_locked', 'button_topic_locked.gif', 'fr', 20, 93, 2),
(173, 'button_topic_new', 'button_topic_new.gif', 'fr', 20, 87, 2),
(174, 'button_topic_reply', 'button_topic_reply.gif', 'fr', 20, 93, 2),
(175, 'site_logo', 'banniere.png', '', 0, 0, 3),
(176, 'upload_bar', 'upload_bar.gif', '', 16, 280, 3),
(177, 'poll_left', 'poll_left.gif', '', 12, 4, 3),
(178, 'poll_center', 'poll_center.gif', '', 12, 1, 3),
(179, 'poll_right', 'poll_right.gif', '', 12, 4, 3),
(180, 'forum_link', 'forum_link.gif', '', 32, 46, 3),
(181, 'forum_read', '2w2el4z.jpg.png', '', 100, 100, 3),
(182, 'forum_read_locked', 'lock.png', '', 100, 100, 3),
(183, 'forum_read_subforum', '', '', 32, 46, 3),
(184, 'forum_unread', 'new.png', '', 100, 100, 3),
(185, 'forum_unread_locked', 'forum_unread_locked.gif', '', 32, 46, 3),
(186, 'forum_unread_subforum', 'forum_unread_subforum.gif', '', 32, 46, 3),
(187, 'topic_moved', 'topic_moved.gif', '', 18, 19, 3),
(188, 'topic_read', 'topic_read.gif', '', 18, 19, 3),
(189, 'topic_read_mine', 'topic_read_mine.gif', '', 18, 19, 3),
(190, 'topic_read_hot', 'topic_read_hot.gif', '', 18, 19, 3),
(191, 'topic_read_hot_mine', 'topic_read_hot_mine.gif', '', 18, 19, 3),
(192, 'topic_read_locked', '2.png', '', 18, 19, 3),
(193, 'topic_read_locked_mine', 'topic_read_locked_mine.gif', '', 18, 19, 3),
(194, 'topic_unread', 'topic_unread.gif', '', 18, 19, 3),
(195, 'topic_unread_mine', 'topic_unread_mine.gif', '', 18, 19, 3),
(196, 'topic_unread_hot', 'topic_unread_hot.gif', '', 18, 19, 3),
(197, 'topic_unread_hot_mine', 'topic_unread_hot_mine.gif', '', 18, 19, 3),
(198, 'topic_unread_locked', 'topic_unread_locked.gif', '', 18, 19, 3),
(199, 'topic_unread_locked_mine', 'topic_unread_locked_mine.gif', '', 18, 19, 3),
(200, 'sticky_read', 'sticky_read.gif', '', 18, 19, 3),
(201, 'sticky_read_mine', 'sticky_read_mine.gif', '', 18, 19, 3),
(202, 'sticky_read_locked', 'sticky_read_locked.gif', '', 18, 19, 3),
(203, 'sticky_read_locked_mine', 'sticky_read_locked_mine.gif', '', 18, 19, 3),
(204, 'sticky_unread', 'sticky_unread.gif', '', 18, 19, 3),
(205, 'sticky_unread_mine', 'sticky_unread_mine.gif', '', 18, 19, 3),
(206, 'sticky_unread_locked', 'sticky_unread_locked.gif', '', 18, 19, 3),
(207, 'sticky_unread_locked_mine', 'sticky_unread_locked_mine.gif', '', 18, 19, 3),
(208, 'announce_read', 'announce_read.gif', '', 18, 19, 3),
(209, 'announce_read_mine', 'announce_read_mine.gif', '', 18, 19, 3),
(210, 'announce_read_locked', 'announce_read_locked.gif', '', 18, 19, 3),
(211, 'announce_read_locked_mine', 'announce_read_locked_mine.gif', '', 18, 19, 3),
(212, 'announce_unread', 'announce_unread.gif', '', 18, 19, 3),
(213, 'announce_unread_mine', 'announce_unread_mine.gif', '', 18, 19, 3),
(214, 'announce_unread_locked', 'announce_unread_locked.gif', '', 18, 19, 3),
(215, 'announce_unread_locked_mine', 'announce_unread_locked_mine.gif', '', 18, 19, 3),
(216, 'global_read', 'announce_read.gif', '', 18, 19, 3),
(217, 'global_read_mine', 'announce_read_mine.gif', '', 18, 19, 3),
(218, 'global_read_locked', 'announce_read_locked.gif', '', 18, 19, 3),
(219, 'global_read_locked_mine', 'announce_read_locked_mine.gif', '', 18, 19, 3),
(220, 'global_unread', 'announce_unread.gif', '', 18, 19, 3),
(221, 'global_unread_mine', 'announce_unread_mine.gif', '', 18, 19, 3),
(222, 'global_unread_locked', 'announce_unread_locked.gif', '', 18, 19, 3),
(223, 'global_unread_locked_mine', 'announce_unread_locked_mine.gif', '', 18, 19, 3),
(224, 'pm_read', 'topic_read.gif', '', 18, 19, 3),
(225, 'pm_unread', 'topic_unread.gif', '', 18, 19, 3),
(226, 'icon_post_target', 'icon_post_target.gif', '', 9, 12, 3),
(227, 'icon_post_target_unread', 'icon_post_target_unread.gif', '', 9, 12, 3),
(228, 'icon_topic_attach', 'icon_topic_attach.gif', '', 18, 14, 3),
(229, 'icon_topic_latest', 'icon_topic_latest.gif', '', 9, 18, 3),
(230, 'icon_topic_newest', 'icon_topic_newest.gif', '', 9, 18, 3),
(231, 'icon_topic_reported', 'icon_topic_reported.gif', '', 18, 19, 3),
(232, 'icon_topic_unapproved', 'icon_topic_unapproved.gif', '', 18, 19, 3),
(233, 'icon_contact_aim', 'icon_contact_aim.gif', 'en', 0, 0, 3),
(234, 'icon_contact_email', 'icon_contact_email.gif', 'en', 0, 0, 3),
(235, 'icon_contact_icq', 'icon_contact_icq.gif', 'en', 0, 0, 3),
(236, 'icon_contact_jabber', 'icon_contact_jabber.gif', 'en', 0, 0, 3),
(237, 'icon_contact_msnm', 'icon_contact_msnm.gif', 'en', 0, 0, 3),
(238, 'icon_contact_pm', 'icon_contact_pm.gif', 'en', 0, 0, 3),
(239, 'icon_contact_yahoo', 'icon_contact_yahoo.gif', 'en', 0, 0, 3),
(240, 'icon_contact_www', 'icon_contact_www.gif', 'en', 0, 0, 3),
(241, 'icon_post_delete', 'icon_post_delete.gif', 'en', 0, 0, 3),
(242, 'icon_post_edit', 'icon_post_edit.gif', 'en', 0, 0, 3),
(243, 'icon_post_info', 'icon_post_info.gif', 'en', 0, 0, 3),
(244, 'icon_post_quote', 'icon_post_quote.gif', 'en', 0, 0, 3),
(245, 'icon_post_report', 'icon_post_report.gif', 'en', 0, 0, 3),
(246, 'icon_user_online', 'icon_user_online.gif', 'en', 0, 0, 3),
(247, 'icon_user_offline', 'icon_user_offline.gif', 'en', 0, 0, 3),
(248, 'icon_user_profile', 'icon_user_profile.gif', 'en', 0, 0, 3),
(249, 'icon_user_search', 'icon_user_search.gif', 'en', 0, 0, 3),
(250, 'icon_user_warn', 'icon_user_warn.gif', 'en', 0, 0, 3),
(251, 'button_pm_new', 'button_pm_new.gif', 'en', 0, 0, 3),
(252, 'button_pm_reply', 'button_pm_reply.gif', 'en', 0, 0, 3),
(253, 'button_topic_locked', 'button_topic_locked.gif', 'en', 0, 0, 3),
(254, 'button_topic_new', 'button_topic_new.gif', 'en', 0, 0, 3),
(255, 'button_topic_reply', 'button_topic_reply.gif', 'en', 0, 0, 3),
(256, 'button_topic_locked', 'button_topic_locked.gif', 'fr', 0, 0, 3),
(257, 'button_topic_new', 'button_topic_reply.gif', 'it', 0, 0, 3),
(258, 'button_topic_reply', 'button_pm_reply.gif', 'it', 20, 90, 3),
(259, 'icon_contact_aim', 'icon_contact_aim.gif', 'fr', 0, 0, 3),
(260, 'icon_contact_email', 'icon_contact_email.gif', 'fr', 0, 0, 3),
(261, 'icon_contact_icq', 'icon_contact_icq.gif', 'fr', 0, 0, 3),
(262, 'icon_contact_jabber', 'icon_contact_jabber.gif', 'fr', 0, 0, 3),
(263, 'icon_contact_msnm', 'icon_contact_msnm.gif', 'fr', 0, 0, 3),
(264, 'icon_contact_pm', 'icon_contact_pm.gif', 'fr', 0, 0, 3),
(265, 'icon_contact_yahoo', 'icon_contact_yahoo.gif', 'fr', 0, 0, 3),
(266, 'icon_contact_www', 'icon_contact_www.gif', 'fr', 0, 0, 3),
(267, 'icon_post_delete', 'icon_post_delete.gif', 'fr', 0, 0, 3),
(268, 'icon_post_edit', 'icon_post_edit.gif', 'fr', 0, 0, 3),
(269, 'icon_post_info', 'icon_post_info.gif', 'fr', 0, 0, 3),
(270, 'icon_post_quote', 'icon_post_quote.gif', 'fr', 0, 0, 3),
(271, 'icon_post_report', 'icon_post_report.gif', 'fr', 0, 0, 3),
(272, 'icon_user_online', 'icon_user_online.gif', 'fr', 0, 0, 3),
(273, 'icon_user_offline', 'icon_user_offline.gif', 'fr', 0, 0, 3),
(274, 'icon_user_profile', 'icon_user_profile.gif', 'fr', 0, 0, 3),
(275, 'icon_user_search', 'icon_user_search.gif', 'fr', 0, 0, 3),
(276, 'icon_user_warn', 'icon_user_warn.gif', 'fr', 0, 0, 3),
(277, 'button_pm_new', 'button_pm_new.gif', 'fr', 0, 0, 3),
(278, 'button_pm_reply', 'button_pm_reply.gif', 'fr', 0, 0, 3),
(279, 'button_topic_locked', 'button_topic_locked.gif', 'fr', 0, 0, 3),
(280, 'button_topic_new', 'button_topic_new.gif', 'fr', 0, 0, 3),
(281, 'button_topic_reply', 'button_topic_reply.gif', 'fr', 0, 0, 3);

--
-- Contenu de la table `phpbb_styles_template`
--

INSERT IGNORE INTO `phpbb_styles_template` (`template_id`, `template_name`, `template_copyright`, `template_path`, `bbcode_bitfield`, `template_storedb`, `template_inherits_id`, `template_inherit_path`) VALUES
(1, 'prosilver', '&copy; phpBB Group', 'prosilver', 'lNg=', 0, 0, ''),
(2, 'AcidTech', '&copy; 2007-2011 ST Software', 'acidtech', '+Ng=', 0, 0, ''),
(3, 'UniversalSpace', '&copy; LEOITALIA 2009-2012', 'UniversalSpace', '+Ng=', 0, 0, '');

--
-- Contenu de la table `phpbb_styles_theme`
--

INSERT IGNORE INTO `phpbb_styles_theme` (`theme_id`, `theme_name`, `theme_copyright`, `theme_path`, `theme_storedb`, `theme_mtime`, `theme_data`) VALUES
(1, 'prosilver', '&copy; phpBB Group', 'prosilver', 1, 1365965645, '/*  phpBB3 Style Sheet\n    --------------------------------------------------------------\n	Style name:			prosilver (the default phpBB 3.0.x style)\n	Based on style:		\n	Original author:	Tom Beddard ( http://www.subblue.com/ )\n	Modified by:		phpBB Group ( http://www.phpbb.com/ )\n    --------------------------------------------------------------\n*/\n\n/* General Markup Styles\n---------------------------------------- */\n\n* {\n	/* Reset browsers default margin, padding and font sizes */\n	margin: 0;\n	padding: 0;\n}\n\nhtml {\n	font-size: 100%;\n	/* Always show a scrollbar for short pages - stops the jump when the scrollbar appears. non-IE browsers */\n	height: 101%;\n}\n\nbody {\n	/* Text-Sizing with ems: http://www.clagnut.com/blog/348/ */\n	font-family: Verdana, Helvetica, Arial, sans-serif;\n	color: #828282;\n	background-color: #FFFFFF;\n	/*font-size: 62.5%;			 This sets the default font size to be equivalent to 10px */\n	font-size: 10px;\n	margin: 0;\n	padding: 12px 0;\n}\n\nh1 {\n	/* Forum name */\n	font-family: "Trebuchet MS", Arial, Helvetica, sans-serif;\n	margin-right: 200px;\n	color: #FFFFFF;\n	margin-top: 15px;\n	font-weight: bold;\n	font-size: 2em;\n}\n\nh2 {\n	/* Forum header titles */\n	font-family: "Trebuchet MS", Arial, Helvetica, sans-serif;\n	font-weight: normal;\n	color: #3f3f3f;\n	font-size: 2em;\n	margin: 0.8em 0 0.2em 0;\n}\n\nh2.solo {\n	margin-bottom: 1em;\n}\n\nh3 {\n	/* Sub-headers (also used as post headers, but defined later) */\n	font-family: Arial, Helvetica, sans-serif;\n	font-weight: bold;\n	text-transform: uppercase;\n	border-bottom: 1px solid #CCCCCC;\n	margin-bottom: 3px;\n	padding-bottom: 2px;\n	font-size: 1.05em;\n	color: #989898;\n	margin-top: 20px;\n}\n\nh4 {\n	/* Forum and topic list titles */\n	font-family: "Trebuchet MS", Verdana, Helvetica, Arial, Sans-serif;\n	font-size: 1.3em;\n}\n\np {\n	line-height: 1.3em;\n	font-size: 1.1em;\n	margin-bottom: 1.5em;\n}\n\nimg {\n	border-width: 0;\n}\n\nhr {\n	/* Also see tweaks.css */\n	border: 0 none #FFFFFF;\n	border-top: 1px solid #CCCCCC;\n	height: 1px;\n	margin: 5px 0;\n	display: block;\n	clear: both;\n}\n\nhr.dashed {\n	border-top: 1px dashed #CCCCCC;\n	margin: 10px 0;\n}\n\nhr.divider {\n	display: none;\n}\n\np.right {\n	text-align: right;\n}\n\n/* Main blocks\n---------------------------------------- */\n#wrap {\n	padding: 0 20px;\n	min-width: 650px;\n}\n\n#simple-wrap {\n	padding: 6px 10px;\n}\n\n#page-body {\n	margin: 4px 0;\n	clear: both;\n}\n\n#page-footer {\n	clear: both;\n}\n\n#page-footer h3 {\n	margin-top: 20px;\n}\n\n#logo {\n	float: left;\n	width: auto;\n	padding: 10px 13px 0 10px;\n}\n\na#logo:hover {\n	text-decoration: none;\n}\n\n/* Search box\n--------------------------------------------- */\n#search-box {\n	color: #FFFFFF;\n	position: relative;\n	margin-top: 30px;\n	margin-right: 5px;\n	display: block;\n	float: right;\n	text-align: right;\n	white-space: nowrap; /* For Opera */\n}\n\n#search-box #keywords {\n	width: 95px;\n	background-color: #FFF;\n}\n\n#search-box input {\n	border: 1px solid #b0b0b0;\n}\n\n/* .button1 style defined later, just a few tweaks for the search button version */\n#search-box input.button1 {\n	padding: 1px 5px;\n}\n\n#search-box li {\n	text-align: right;\n	margin-top: 4px;\n}\n\n#search-box img {\n	vertical-align: middle;\n	margin-right: 3px;\n}\n\n/* Site description and logo */\n#site-description {\n	float: left;\n	width: 70%;\n}\n\n#site-description h1 {\n	margin-right: 0;\n}\n\n/* Round cornered boxes and backgrounds\n---------------------------------------- */\n.headerbar {\n	background: #ebebeb none repeat-x 0 0;\n	color: #FFFFFF;\n	margin-bottom: 4px;\n	padding: 0 5px;\n}\n\n.navbar {\n	background-color: #ebebeb;\n	padding: 0 10px;\n}\n\n.forabg {\n	background: #b1b1b1 none repeat-x 0 0;\n	margin-bottom: 4px;\n	padding: 0 5px;\n	clear: both;\n}\n\n.forumbg {\n	background: #ebebeb none repeat-x 0 0;\n	margin-bottom: 4px;\n	padding: 0 5px;\n	clear: both;\n}\n\n.panel {\n	margin-bottom: 4px;\n	padding: 0 10px;\n	background-color: #f3f3f3;\n	color: #3f3f3f;\n}\n\n.post {\n	padding: 0 10px;\n	margin-bottom: 4px;\n	background-repeat: no-repeat;\n	background-position: 100% 0;\n}\n\n.post:target .content {\n	color: #000000;\n}\n\n.post:target h3 a {\n	color: #000000;\n}\n\n.bg1	{ background-color: #f7f7f7;}\n.bg2	{ background-color: #f2f2f2; }\n.bg3	{ background-color: #ebebeb; }\n\n.rowbg {\n	margin: 5px 5px 2px 5px;\n}\n\n.ucprowbg {\n	background-color: #e2e2e2;\n}\n\n.fieldsbg {\n	/*border: 1px #DBDEE2 solid;*/\n	background-color: #eaeaea;\n}\n\nspan.corners-top, span.corners-bottom, span.corners-top span, span.corners-bottom span {\n	font-size: 1px;\n	line-height: 1px;\n	display: block;\n	height: 5px;\n	background-repeat: no-repeat;\n}\n\nspan.corners-top {\n	background-image: none;\n	background-position: 0 0;\n	margin: 0 -5px;\n}\n\nspan.corners-top span {\n	background-image: none;\n	background-position: 100% 0;\n}\n\nspan.corners-bottom {\n	background-image: none;\n	background-position: 0 100%;\n	margin: 0 -5px;\n	clear: both;\n}\n\nspan.corners-bottom span {\n	background-image: none;\n	background-position: 100% 100%;\n}\n\n.headbg span.corners-bottom {\n	margin-bottom: -1px;\n}\n\n.post span.corners-top, .post span.corners-bottom, .panel span.corners-top, .panel span.corners-bottom, .navbar span.corners-top, .navbar span.corners-bottom {\n	margin: 0 -10px;\n}\n\n.rules span.corners-top {\n	margin: 0 -10px 5px -10px;\n}\n\n.rules span.corners-bottom {\n	margin: 5px -10px 0 -10px;\n}\n\n/* Horizontal lists\n----------------------------------------*/\nul.linklist {\n	display: block;\n	margin: 0;\n}\n\nul.linklist li {\n	display: block;\n	list-style-type: none;\n	float: left;\n	width: auto;\n	margin-right: 5px;\n	font-size: 1.1em;\n	line-height: 2.2em;\n}\n\nul.linklist li.rightside, p.rightside {\n	float: right;\n	margin-right: 0;\n	margin-left: 5px;\n	text-align: right;\n}\n\nul.navlinks {\n	padding-bottom: 1px;\n	margin-bottom: 1px;\n	border-bottom: 1px solid #FFFFFF;\n	font-weight: bold;\n}\n\nul.leftside {\n	float: left;\n	margin-left: 0;\n	margin-right: 5px;\n	text-align: left;\n}\n\nul.rightside {\n	float: right;\n	margin-left: 5px;\n	margin-right: -5px;\n	text-align: right;\n}\n\n/* Table styles\n----------------------------------------*/\ntable.table1 {\n	/* See tweaks.css */\n}\n\n#ucp-main table.table1 {\n	padding: 2px;\n}\n\ntable.table1 thead th {\n	font-weight: normal;\n	text-transform: uppercase;\n	color: #FFFFFF;\n	line-height: 1.3em;\n	font-size: 1em;\n	padding: 0 0 4px 3px;\n}\n\ntable.table1 thead th span {\n	padding-left: 7px;\n}\n\ntable.table1 tbody tr {\n	border: 1px solid #cfcfcf;\n}\n\ntable.table1 tbody tr:hover, table.table1 tbody tr.hover {\n	background-color: #f6f6f6;\n	color: #000;\n}\n\ntable.table1 td {\n	color: #6a6a6a;\n	font-size: 1.1em;\n}\n\ntable.table1 tbody td {\n	padding: 5px;\n	border-top: 1px solid #FAFAFA;\n}\n\ntable.table1 tbody th {\n	padding: 5px;\n	border-bottom: 1px solid #000000;\n	text-align: left;\n	color: #333333;\n	background-color: #FFFFFF;\n}\n\n/* Specific column styles */\ntable.table1 .name		{ text-align: left; }\ntable.table1 .posts		{ text-align: center !important; width: 7%; }\ntable.table1 .joined	{ text-align: left; width: 15%; }\ntable.table1 .active	{ text-align: left; width: 15%; }\ntable.table1 .mark		{ text-align: center; width: 7%; }\ntable.table1 .info		{ text-align: left; width: 30%; }\ntable.table1 .info div	{ width: 100%; white-space: normal; overflow: hidden; }\ntable.table1 .autocol	{ line-height: 2em; white-space: nowrap; }\ntable.table1 thead .autocol { padding-left: 1em; }\n\ntable.table1 span.rank-img {\n	float: right;\n	width: auto;\n}\n\ntable.info td {\n	padding: 3px;\n}\n\ntable.info tbody th {\n	padding: 3px;\n	text-align: right;\n	vertical-align: top;\n	color: #000000;\n	font-weight: normal;\n}\n\n.forumbg table.table1 {\n	margin: 0;\n}\n\n.forumbg-table > .inner {\n	margin: 0 -1px;\n}\n\n.forumbg-table > .inner > span.corners-top {\n	margin: 0 -4px -1px -4px;\n}\n\n.forumbg-table > .inner > span.corners-bottom {\n	margin: -1px -4px 0 -4px;\n}\n\n/* Misc layout styles\n---------------------------------------- */\n/* column[1-2] styles are containers for two column layouts \n   Also see tweaks.css */\n.column1 {\n	float: left;\n	clear: left;\n	width: 49%;\n}\n\n.column2 {\n	float: right;\n	clear: right;\n	width: 49%;\n}\n\n/* General classes for placing floating blocks */\n.left-box {\n	float: left;\n	width: auto;\n	text-align: left;\n}\n\n.right-box {\n	float: right;\n	width: auto;\n	text-align: right;\n}\n\ndl.details {\n	/*font-family: "Lucida Grande", Verdana, Helvetica, Arial, sans-serif;*/\n	font-size: 1.1em;\n}\n\ndl.details dt {\n	float: left;\n	clear: left;\n	width: 30%;\n	text-align: right;\n	color: #000000;\n	display: block;\n}\n\ndl.details dd {\n	margin-left: 0;\n	padding-left: 5px;\n	margin-bottom: 5px;\n	color: #828282;\n	float: left;\n	width: 65%;\n}\n\n/* Pagination\n---------------------------------------- */\n.pagination {\n	height: 1%; /* IE tweak (holly hack) */\n	width: auto;\n	text-align: right;\n	margin-top: 5px;\n	float: right;\n}\n\n.pagination span.page-sep {\n	display: none;\n}\n\nli.pagination {\n	margin-top: 0;\n}\n\n.pagination strong, .pagination b {\n	font-weight: normal;\n}\n\n.pagination span strong {\n	padding: 0 2px;\n	margin: 0 2px;\n	font-weight: normal;\n	color: #FFFFFF;\n	background-color: #bfbfbf;\n	border: 1px solid #bfbfbf;\n	font-size: 0.9em;\n}\n\n.pagination span a, .pagination span a:link, .pagination span a:visited, .pagination span a:active {\n	font-weight: normal;\n	text-decoration: none;\n	color: #747474;\n	margin: 0 2px;\n	padding: 0 2px;\n	background-color: #eeeeee;\n	border: 1px solid #bababa;\n	font-size: 0.9em;\n	line-height: 1.5em;\n}\n\n.pagination span a:hover {\n	border-color: #d2d2d2;\n	background-color: #d2d2d2;\n	color: #FFF;\n	text-decoration: none;\n}\n\n.pagination img {\n	vertical-align: middle;\n}\n\n/* Pagination in viewforum for multipage topics */\n.row .pagination {\n	display: block;\n	float: right;\n	width: auto;\n	margin-top: 0;\n	padding: 1px 0 1px 15px;\n	font-size: 0.9em;\n	background: none 0 50% no-repeat;\n}\n\n.row .pagination span a, li.pagination span a {\n	background-color: #FFFFFF;\n}\n\n.row .pagination span a:hover, li.pagination span a:hover {\n	background-color: #d2d2d2;\n}\n\n/* Miscellaneous styles\n---------------------------------------- */\n#forum-permissions {\n	float: right;\n	width: auto;\n	padding-left: 5px;\n	margin-left: 5px;\n	margin-top: 10px;\n	text-align: right;\n}\n\n.copyright {\n	padding: 5px;\n	text-align: center;\n	color: #555555;\n}\n\n.small {\n	font-size: 0.9em !important;\n}\n\n.titlespace {\n	margin-bottom: 15px;\n}\n\n.headerspace {\n	margin-top: 20px;\n}\n\n.error {\n	color: #bcbcbc;\n	font-weight: bold;\n	font-size: 1em;\n}\n\n.reported {\n	background-color: #f7f7f7;\n}\n\nli.reported:hover {\n	background-color: #ececec;\n}\n\ndiv.rules {\n	background-color: #ececec;\n	color: #bcbcbc;\n	padding: 0 10px;\n	margin: 10px 0;\n	font-size: 1.1em;\n}\n\ndiv.rules ul, div.rules ol {\n	margin-left: 20px;\n}\n\np.rules {\n	background-color: #ececec;\n	background-image: none;\n	padding: 5px;\n}\n\np.rules img {\n	vertical-align: middle;\n	padding-top: 5px;\n}\n\np.rules a {\n	vertical-align: middle;\n	clear: both;\n}\n\n#top {\n	position: absolute;\n	top: -20px;\n}\n\n.clear {\n	display: block;\n	clear: both;\n	font-size: 1px;\n	line-height: 1px;\n	background: transparent;\n}\n/* Link Styles\n---------------------------------------- */\n\n/* Links adjustment to correctly display an order of rtl/ltr mixed content */\na {\n	direction: ltr;\n	unicode-bidi: embed;\n}\n\na:link	{ color: #898989; text-decoration: none; }\na:visited	{ color: #898989; text-decoration: none; }\na:hover	{ color: #d3d3d3; text-decoration: underline; }\na:active	{ color: #d2d2d2; text-decoration: none; }\n\n/* Coloured usernames */\n.username-coloured {\n	font-weight: bold;\n	display: inline !important;\n	padding: 0 !important;\n}\n\n/* Links on gradient backgrounds */\n#search-box a:link, .navbg a:link, .forumbg .header a:link, .forabg .header a:link, th a:link {\n	color: #FFFFFF;\n	text-decoration: none;\n}\n\n#search-box a:visited, .navbg a:visited, .forumbg .header a:visited, .forabg .header a:visited, th a:visited {\n	color: #FFFFFF;\n	text-decoration: none;\n}\n\n#search-box a:hover, .navbg a:hover, .forumbg .header a:hover, .forabg .header a:hover, th a:hover {\n	color: #ffffff;\n	text-decoration: underline;\n}\n\n#search-box a:active, .navbg a:active, .forumbg .header a:active, .forabg .header a:active, th a:active {\n	color: #ffffff;\n	text-decoration: none;\n}\n\n/* Links for forum/topic lists */\na.forumtitle {\n	font-family: "Trebuchet MS", Helvetica, Arial, Sans-serif;\n	font-size: 1.2em;\n	font-weight: bold;\n	color: #898989;\n	text-decoration: none;\n}\n\n/* a.forumtitle:visited { color: #898989; } */\n\na.forumtitle:hover {\n	color: #bcbcbc;\n	text-decoration: underline;\n}\n\na.forumtitle:active {\n	color: #898989;\n}\n\na.topictitle {\n	font-family: "Trebuchet MS", Helvetica, Arial, Sans-serif;\n	font-size: 1.2em;\n	font-weight: bold;\n	color: #898989;\n	text-decoration: none;\n}\n\n/* a.topictitle:visited { color: #d2d2d2; } */\n\na.topictitle:hover {\n	color: #bcbcbc;\n	text-decoration: underline;\n}\n\na.topictitle:active {\n	color: #898989;\n}\n\n/* Post body links */\n.postlink {\n	text-decoration: none;\n	color: #d2d2d2;\n	border-bottom: 1px solid #d2d2d2;\n	padding-bottom: 0;\n}\n\n/* .postlink:visited { color: #bdbdbd; } */\n\n.postlink:active {\n	color: #d2d2d2;\n}\n\n.postlink:hover {\n	background-color: #f6f6f6;\n	text-decoration: none;\n	color: #404040;\n}\n\n.signature a, .signature a:visited, .signature a:hover, .signature a:active {\n	border: none;\n	text-decoration: underline;\n	background-color: transparent;\n}\n\n/* Profile links */\n.postprofile a:link, .postprofile a:visited, .postprofile dt.author a {\n	font-weight: bold;\n	color: #898989;\n	text-decoration: none;\n}\n\n.postprofile a:hover, .postprofile dt.author a:hover {\n	text-decoration: underline;\n	color: #d3d3d3;\n}\n\n/* CSS spec requires a:link, a:visited, a:hover and a:active rules to be specified in this order. */\n/* See http://www.phpbb.com/bugs/phpbb3/59685 */\n.postprofile a:active {\n	font-weight: bold;\n	color: #898989;\n	text-decoration: none;\n}\n\n\n/* Profile searchresults */	\n.search .postprofile a {\n	color: #898989;\n	text-decoration: none; \n	font-weight: normal;\n}\n\n.search .postprofile a:hover {\n	color: #d3d3d3;\n	text-decoration: underline; \n}\n\n/* Back to top of page */\n.back2top {\n	clear: both;\n	height: 11px;\n	text-align: right;\n}\n\na.top {\n	background: none no-repeat top left;\n	text-decoration: none;\n	width: {IMG_ICON_BACK_TOP_WIDTH}px;\n	height: {IMG_ICON_BACK_TOP_HEIGHT}px;\n	display: block;\n	float: right;\n	overflow: hidden;\n	letter-spacing: 1000px;\n	text-indent: 11px;\n}\n\na.top2 {\n	background: none no-repeat 0 50%;\n	text-decoration: none;\n	padding-left: 15px;\n}\n\n/* Arrow links  */\na.up		{ background: none no-repeat left center; }\na.down		{ background: none no-repeat right center; }\na.left		{ background: none no-repeat 3px 60%; }\na.right		{ background: none no-repeat 95% 60%; }\n\na.up, a.up:link, a.up:active, a.up:visited {\n	padding-left: 10px;\n	text-decoration: none;\n	border-bottom-width: 0;\n}\n\na.up:hover {\n	background-position: left top;\n	background-color: transparent;\n}\n\na.down, a.down:link, a.down:active, a.down:visited {\n	padding-right: 10px;\n}\n\na.down:hover {\n	background-position: right bottom;\n	text-decoration: none;\n}\n\na.left, a.left:active, a.left:visited {\n	padding-left: 12px;\n}\n\na.left:hover {\n	color: #d2d2d2;\n	text-decoration: none;\n	background-position: 0 60%;\n}\n\na.right, a.right:active, a.right:visited {\n	padding-right: 12px;\n}\n\na.right:hover {\n	color: #d2d2d2;\n	text-decoration: none;\n	background-position: 100% 60%;\n}\n\n/* invisible skip link, used for accessibility  */\n.skiplink {\n	position: absolute;\n	left: -999px;\n	width: 990px;\n}\n\n/* Feed icon in forumlist_body.html */\na.feed-icon-forum {\n	float: right;\n	margin: 3px;\n}\n/* Content Styles\n---------------------------------------- */\n\nul.topiclist {\n	display: block;\n	list-style-type: none;\n	margin: 0;\n}\n\nul.forums {\n	background: #f9f9f9 none repeat-x 0 0;\n}\n\nul.topiclist li {\n	display: block;\n	list-style-type: none;\n	color: #777777;\n	margin: 0;\n}\n\nul.topiclist dl {\n	position: relative;\n}\n\nul.topiclist li.row dl {\n	padding: 2px 0;\n}\n\nul.topiclist dt {\n	display: block;\n	float: left;\n	width: 50%;\n	font-size: 1.1em;\n	padding-left: 5px;\n	padding-right: 5px;\n}\n\nul.topiclist dd {\n	display: block;\n	float: left;\n	border-left: 1px solid #FFFFFF;\n	padding: 4px 0;\n}\n\nul.topiclist dfn {\n	/* Labels for post/view counts */\n	position: absolute;\n	left: -999px;\n	width: 990px;\n}\n\nul.topiclist li.row dt a.subforum {\n	background-image: none;\n	background-position: 0 50%;\n	background-repeat: no-repeat;\n	position: relative;\n	white-space: nowrap;\n	padding: 0 0 0 12px;\n}\n\n.forum-image {\n	float: left;\n	padding-top: 5px;\n	margin-right: 5px;\n}\n\nli.row {\n	border-top: 1px solid #FFFFFF;\n	border-bottom: 1px solid #8f8f8f;\n}\n\nli.row strong {\n	font-weight: normal;\n	color: #000000;\n}\n\nli.row:hover {\n	background-color: #f6f6f6;\n}\n\nli.row:hover dd {\n	border-left-color: #CCCCCC;\n}\n\nli.header dt, li.header dd {\n	line-height: 1em;\n	border-left-width: 0;\n	margin: 2px 0 4px 0;\n	color: #FFFFFF;\n	padding-top: 2px;\n	padding-bottom: 2px;\n	font-size: 1em;\n	font-family: Arial, Helvetica, sans-serif;\n	text-transform: uppercase;\n}\n\nli.header dt {\n	font-weight: bold;\n}\n\nli.header dd {\n	margin-left: 1px;\n}\n\nli.header dl.icon {\n	min-height: 0;\n}\n\nli.header dl.icon dt {\n	/* Tweak for headers alignment when folder icon used */\n	padding-left: 0;\n	padding-right: 50px;\n}\n\n/* Forum list column styles */\ndl.icon {\n	min-height: 35px;\n	background-position: 10px 50%;		/* Position of folder icon */\n	background-repeat: no-repeat;\n}\n\ndl.icon dt {\n	padding-left: 45px;					/* Space for folder icon */\n	background-repeat: no-repeat;\n	background-position: 5px 95%;		/* Position of topic icon */\n}\n\ndd.posts, dd.topics, dd.views {\n	width: 8%;\n	text-align: center;\n	line-height: 2.2em;\n	font-size: 1.2em;\n}\n\n/* List in forum description */\ndl.icon dt ol,\ndl.icon dt ul {\n	list-style-position: inside;\n	margin-left: 1em;\n}\n\ndl.icon dt li {\n	display: list-item;\n	list-style-type: inherit;\n}\n\ndd.lastpost {\n	width: 25%;\n	font-size: 1.1em;\n}\n\ndd.redirect {\n	font-size: 1.1em;\n	line-height: 2.5em;\n}\n\ndd.moderation {\n	font-size: 1.1em;\n}\n\ndd.lastpost span, ul.topiclist dd.searchby span, ul.topiclist dd.info span, ul.topiclist dd.time span, dd.redirect span, dd.moderation span {\n	display: block;\n	padding-left: 5px;\n}\n\ndd.time {\n	width: auto;\n	line-height: 200%;\n	font-size: 1.1em;\n}\n\ndd.extra {\n	width: 12%;\n	line-height: 200%;\n	text-align: center;\n	font-size: 1.1em;\n}\n\ndd.mark {\n	float: right !important;\n	width: 9%;\n	text-align: center;\n	line-height: 200%;\n	font-size: 1.2em;\n}\n\ndd.info {\n	width: 30%;\n}\n\ndd.option {\n	width: 15%;\n	line-height: 200%;\n	text-align: center;\n	font-size: 1.1em;\n}\n\ndd.searchby {\n	width: 47%;\n	font-size: 1.1em;\n	line-height: 1em;\n}\n\nul.topiclist dd.searchextra {\n	margin-left: 5px;\n	padding: 0.2em 0;\n	font-size: 1.1em;\n	color: #333333;\n	border-left: none;\n	clear: both;\n	width: 98%;\n	overflow: hidden;\n}\n\n/* Container for post/reply buttons and pagination */\n.topic-actions {\n	margin-bottom: 3px;\n	font-size: 1.1em;\n	height: 28px;\n	min-height: 28px;\n}\ndiv[class].topic-actions {\n	height: auto;\n}\n\n/* Post body styles\n----------------------------------------*/\n.postbody {\n	padding: 0;\n	line-height: 1.48em;\n	color: #333333;\n	width: 76%;\n	float: left;\n	clear: both;\n}\n\n.postbody .ignore {\n	font-size: 1.1em;\n}\n\n.postbody h3.first {\n	/* The first post on the page uses this */\n	font-size: 1.7em;\n}\n\n.postbody h3 {\n	/* Postbody requires a different h3 format - so change it here */\n	font-size: 1.5em;\n	padding: 2px 0 0 0;\n	margin: 0 0 0.3em 0 !important;\n	text-transform: none;\n	border: none;\n	font-family: "Trebuchet MS", Verdana, Helvetica, Arial, sans-serif;\n	line-height: 125%;\n}\n\n.postbody h3 img {\n	/* Also see tweaks.css */\n	vertical-align: bottom;\n}\n\n.postbody .content {\n	font-size: 1.3em;\n}\n\n.search .postbody {\n	width: 68%\n}\n\n/* Topic review panel\n----------------------------------------*/\n#review {\n	margin-top: 2em;\n}\n\n#topicreview {\n	padding-right: 5px;\n	overflow: auto;\n	height: 300px;\n}\n\n#topicreview .postbody {\n	width: auto;\n	float: none;\n	margin: 0;\n	height: auto;\n}\n\n#topicreview .post {\n	height: auto;\n}\n\n#topicreview h2 {\n	border-bottom-width: 0;\n}\n\n.post-ignore .postbody {\n	display: none;\n}\n\n/* MCP Post details\n----------------------------------------*/\n#post_details\n{\n	/* This will only work in IE7+, plus the others */\n	overflow: auto;\n	max-height: 300px;\n}\n\n#expand\n{\n	clear: both;\n}\n\n/* Content container styles\n----------------------------------------*/\n.content {\n	min-height: 3em;\n	overflow: hidden;\n	line-height: 1.4em;\n	font-family: "Lucida Grande", "Trebuchet MS", Verdana, Helvetica, Arial, sans-serif;\n	font-size: 1em;\n	color: #333333;\n	padding-bottom: 1px;\n}\n\n.content h2, .panel h2 {\n	font-weight: normal;\n	color: #989898;\n	border-bottom: 1px solid #CCCCCC;\n	font-size: 1.6em;\n	margin-top: 0.5em;\n	margin-bottom: 0.5em;\n	padding-bottom: 0.5em;\n}\n\n.panel h3 {\n	margin: 0.5em 0;\n}\n\n.panel p {\n	font-size: 1.2em;\n	margin-bottom: 1em;\n	line-height: 1.4em;\n}\n\n.content p {\n	font-family: "Lucida Grande", "Trebuchet MS", Verdana, Helvetica, Arial, sans-serif;\n	font-size: 1.2em;\n	margin-bottom: 1em;\n	line-height: 1.4em;\n}\n\ndl.faq {\n	font-family: "Lucida Grande", Verdana, Helvetica, Arial, sans-serif;\n	font-size: 1.1em;\n	margin-top: 1em;\n	margin-bottom: 2em;\n	line-height: 1.4em;\n}\n\ndl.faq dt {\n	font-weight: bold;\n	color: #333333;\n}\n\n.content dl.faq {\n	font-size: 1.2em;\n	margin-bottom: 0.5em;\n}\n\n.content li {\n	list-style-type: inherit;\n}\n\n.content ul, .content ol {\n	margin-bottom: 1em;\n	margin-left: 3em;\n}\n\n.posthilit {\n	background-color: #f3f3f3;\n	color: #BCBCBC;\n	padding: 0 2px 1px 2px;\n}\n\n.announce, .unreadpost {\n	/* Highlight the announcements & unread posts box */\n	border-left-color: #BCBCBC;\n	border-right-color: #BCBCBC;\n}\n\n/* Post author */\np.author {\n	margin: 0 15em 0.6em 0;\n	padding: 0 0 5px 0;\n	font-family: Verdana, Helvetica, Arial, sans-serif;\n	font-size: 1em;\n	line-height: 1.2em;\n}\n\n/* Post signature */\n.signature {\n	margin-top: 1.5em;\n	padding-top: 0.2em;\n	font-size: 1.1em;\n	border-top: 1px solid #CCCCCC;\n	clear: left;\n	line-height: 140%;\n	overflow: hidden;\n	width: 100%;\n}\n\ndd .signature {\n	margin: 0;\n	padding: 0;\n	clear: none;\n	border: none;\n}\n\n.signature li {\n	list-style-type: inherit;\n}\n\n.signature ul, .signature ol {\n	margin-bottom: 1em;\n	margin-left: 3em;\n}\n\n/* Post noticies */\n.notice {\n	font-family: "Lucida Grande", Verdana, Helvetica, Arial, sans-serif;\n	width: auto;\n	margin-top: 1.5em;\n	padding-top: 0.2em;\n	font-size: 1em;\n	border-top: 1px dashed #CCCCCC;\n	clear: left;\n	line-height: 130%;\n}\n\n/* Jump to post link for now */\nul.searchresults {\n	list-style: none;\n	text-align: right;\n	clear: both;\n}\n\n/* BB Code styles\n----------------------------------------*/\n/* Quote block */\nblockquote {\n	background: #ebebeb none 6px 8px no-repeat;\n	border: 1px solid #dbdbdb;\n	font-size: 0.95em;\n	margin: 0.5em 1px 0 25px;\n	overflow: hidden;\n	padding: 5px;\n}\n\nblockquote blockquote {\n	/* Nested quotes */\n	background-color: #bababa;\n	font-size: 1em;\n	margin: 0.5em 1px 0 15px;	\n}\n\nblockquote blockquote blockquote {\n	/* Nested quotes */\n	background-color: #e4e4e4;\n}\n\nblockquote cite {\n	/* Username/source of quoter */\n	font-style: normal;\n	font-weight: bold;\n	margin-left: 20px;\n	display: block;\n	font-size: 0.9em;\n}\n\nblockquote cite cite {\n	font-size: 1em;\n}\n\nblockquote.uncited {\n	padding-top: 25px;\n}\n\n/* Code block */\ndl.codebox {\n	padding: 3px;\n	background-color: #FFFFFF;\n	border: 1px solid #d8d8d8;\n	font-size: 1em;\n}\n\ndl.codebox dt {\n	text-transform: uppercase;\n	border-bottom: 1px solid #CCCCCC;\n	margin-bottom: 3px;\n	font-size: 0.8em;\n	font-weight: bold;\n	display: block;\n}\n\nblockquote dl.codebox {\n	margin-left: 0;\n}\n\ndl.codebox code {\n	/* Also see tweaks.css */\n	overflow: auto;\n	display: block;\n	height: auto;\n	max-height: 200px;\n	white-space: normal;\n	padding-top: 5px;\n	font: 0.9em Monaco, "Andale Mono","Courier New", Courier, mono;\n	line-height: 1.3em;\n	color: #8b8b8b;\n	margin: 2px 0;\n}\n\n.syntaxbg		{ color: #FFFFFF; }\n.syntaxcomment	{ color: #000000; }\n.syntaxdefault	{ color: #bcbcbc; }\n.syntaxhtml		{ color: #000000; }\n.syntaxkeyword	{ color: #585858; }\n.syntaxstring	{ color: #a7a7a7; }\n\n/* Attachments\n----------------------------------------*/\n.attachbox {\n	float: left;\n	width: auto; \n	margin: 5px 5px 5px 0;\n	padding: 6px;\n	background-color: #FFFFFF;\n	border: 1px dashed #d8d8d8;\n	clear: left;\n}\n\n.pm-message .attachbox {\n	background-color: #f3f3f3;\n}\n\n.attachbox dt {\n	font-family: Arial, Helvetica, sans-serif;\n	text-transform: uppercase;\n}\n\n.attachbox dd {\n	margin-top: 4px;\n	padding-top: 4px;\n	clear: left;\n	border-top: 1px solid #d8d8d8;\n}\n\n.attachbox dd dd {\n	border: none;\n}\n\n.attachbox p {\n	line-height: 110%;\n	color: #666666;\n	font-weight: normal;\n	clear: left;\n}\n\n.attachbox p.stats\n{\n	line-height: 110%;\n	color: #666666;\n	font-weight: normal;\n	clear: left;\n}\n\n.attach-image {\n	margin: 3px 0;\n	width: 100%;\n	max-height: 350px;\n	overflow: auto;\n}\n\n.attach-image img {\n	border: 1px solid #999999;\n/*	cursor: move; */\n	cursor: default;\n}\n\n/* Inline image thumbnails */\ndiv.inline-attachment dl.thumbnail, div.inline-attachment dl.file {\n	display: block;\n	margin-bottom: 4px;\n}\n\ndiv.inline-attachment p {\n	font-size: 100%;\n}\n\ndl.file {\n	font-family: Verdana, Arial, Helvetica, sans-serif;\n	display: block;\n}\n\ndl.file dt {\n	text-transform: none;\n	margin: 0;\n	padding: 0;\n	font-weight: bold;\n	font-family: Verdana, Arial, Helvetica, sans-serif;\n}\n\ndl.file dd {\n	color: #666666;\n	margin: 0;\n	padding: 0;	\n}\n\ndl.thumbnail img {\n	padding: 3px;\n	border: 1px solid #666666;\n	background-color: #FFF;\n}\n\ndl.thumbnail dd {\n	color: #666666;\n	font-style: italic;\n	font-family: Verdana, Arial, Helvetica, sans-serif;\n}\n\n.attachbox dl.thumbnail dd {\n	font-size: 100%;\n}\n\ndl.thumbnail dt a:hover {\n	background-color: #EEEEEE;\n}\n\ndl.thumbnail dt a:hover img {\n	border: 1px solid #d2d2d2;\n}\n\n/* Post poll styles\n----------------------------------------*/\nfieldset.polls {\n	font-family: "Trebuchet MS", Verdana, Helvetica, Arial, sans-serif;\n}\n\nfieldset.polls dl {\n	margin-top: 5px;\n	border-top: 1px solid #e2e2e2;\n	padding: 5px 0 0 0;\n	line-height: 120%;\n	color: #666666;\n}\n\nfieldset.polls dl.voted {\n	font-weight: bold;\n	color: #000000;\n}\n\nfieldset.polls dt {\n	text-align: left;\n	float: left;\n	display: block;\n	width: 30%;\n	border-right: none;\n	padding: 0;\n	margin: 0;\n	font-size: 1.1em;\n}\n\nfieldset.polls dd {\n	float: left;\n	width: 10%;\n	border-left: none;\n	padding: 0 5px;\n	margin-left: 0;\n	font-size: 1.1em;\n}\n\nfieldset.polls dd.resultbar {\n	width: 50%;\n}\n\nfieldset.polls dd input {\n	margin: 2px 0;\n}\n\nfieldset.polls dd div {\n	text-align: right;\n	font-family: Arial, Helvetica, sans-serif;\n	color: #FFFFFF;\n	font-weight: bold;\n	padding: 0 2px;\n	overflow: visible;\n	min-width: 2%;\n}\n\n.pollbar1 {\n	background-color: #aaaaaa;\n	border-bottom: 1px solid #747474;\n	border-right: 1px solid #747474;\n}\n\n.pollbar2 {\n	background-color: #bebebe;\n	border-bottom: 1px solid #8c8c8c;\n	border-right: 1px solid #8c8c8c;\n}\n\n.pollbar3 {\n	background-color: #D1D1D1;\n	border-bottom: 1px solid #aaaaaa;\n	border-right: 1px solid #aaaaaa;\n}\n\n.pollbar4 {\n	background-color: #e4e4e4;\n	border-bottom: 1px solid #bebebe;\n	border-right: 1px solid #bebebe;\n}\n\n.pollbar5 {\n	background-color: #f8f8f8;\n	border-bottom: 1px solid #D1D1D1;\n	border-right: 1px solid #D1D1D1;\n}\n\n/* Poster profile block\n----------------------------------------*/\n.postprofile {\n	/* Also see tweaks.css */\n	margin: 5px 0 10px 0;\n	min-height: 80px;\n	color: #666666;\n	border-left: 1px solid #FFFFFF;\n	width: 22%;\n	float: right;\n	display: inline;\n}\n.pm .postprofile {\n	border-left: 1px solid #DDDDDD;\n}\n\n.postprofile dd, .postprofile dt {\n	line-height: 1.2em;\n	margin-left: 8px;\n}\n\n.postprofile strong {\n	font-weight: normal;\n	color: #000000;\n}\n\n.avatar {\n	border: none;\n	margin-bottom: 3px;\n}\n\n.online {\n	background-image: none;\n	background-position: 100% 0;\n	background-repeat: no-repeat;\n}\n\n/* Poster profile used by search*/\n.search .postprofile {\n	width: 30%;\n}\n\n/* pm list in compose message if mass pm is enabled */\ndl.pmlist dt {\n	width: 60% !important;\n}\n\ndl.pmlist dt textarea {\n	width: 95%;\n}\n\ndl.pmlist dd {\n	margin-left: 61% !important;\n	margin-bottom: 2px;\n}\n/* Button Styles\n---------------------------------------- */\n\n/* Rollover buttons\n   Based on: http://wellstyled.com/css-nopreload-rollovers.html\n----------------------------------------*/\n.buttons {\n	float: left;\n	width: auto;\n	height: auto;\n}\n\n/* Rollover state */\n.buttons div {\n	float: left;\n	margin: 0 5px 0 0;\n	background-position: 0 100%;\n}\n\n/* Rolloff state */\n.buttons div a {\n	display: block;\n	width: 100%;\n	height: 100%;\n	background-position: 0 0;\n	position: relative;\n	overflow: hidden;\n}\n\n/* Hide <a> text and hide off-state image when rolling over (prevents flicker in IE) */\n/*.buttons div span		{ display: none; }*/\n/*.buttons div a:hover	{ background-image: none; }*/\n.buttons div span			{ position: absolute; width: 100%; height: 100%; cursor: pointer;}\n.buttons div a:hover span	{ background-position: 0 100%; }\n\n/* Big button images */\n.reply-icon span	{ background: transparent none 0 0 no-repeat; }\n.post-icon span		{ background: transparent none 0 0 no-repeat; }\n.locked-icon span	{ background: transparent none 0 0 no-repeat; }\n.pmreply-icon span	{ background: none 0 0 no-repeat; }\n.newpm-icon span 	{ background: none 0 0 no-repeat; }\n.forwardpm-icon span 	{ background: none 0 0 no-repeat; }\n\n/* Set big button dimensions */\n.buttons div.reply-icon		{ width: {IMG_BUTTON_TOPIC_REPLY_WIDTH}px; height: {IMG_BUTTON_TOPIC_REPLY_HEIGHT}px; }\n.buttons div.post-icon		{ width: {IMG_BUTTON_TOPIC_NEW_WIDTH}px; height: {IMG_BUTTON_TOPIC_NEW_HEIGHT}px; }\n.buttons div.locked-icon	{ width: {IMG_BUTTON_TOPIC_LOCKED_WIDTH}px; height: {IMG_BUTTON_TOPIC_LOCKED_HEIGHT}px; }\n.buttons div.pmreply-icon	{ width: {IMG_BUTTON_PM_REPLY_WIDTH}px; height: {IMG_BUTTON_PM_REPLY_HEIGHT}px; }\n.buttons div.newpm-icon		{ width: {IMG_BUTTON_PM_NEW_WIDTH}px; height: {IMG_BUTTON_PM_NEW_HEIGHT}px; }\n.buttons div.forwardpm-icon	{ width: {IMG_BUTTON_PM_FORWARD_WIDTH}px; height: {IMG_BUTTON_PM_FORWARD_HEIGHT}px; }\n\n/* Sub-header (navigation bar)\n--------------------------------------------- */\na.print, a.sendemail, a.fontsize {\n	display: block;\n	overflow: hidden;\n	height: 18px;\n	text-indent: -5000px;\n	text-align: left;\n	background-repeat: no-repeat;\n}\n\na.print {\n	background-image: none;\n	width: 22px;\n}\n\na.sendemail {\n	background-image: none;\n	width: 22px;\n}\n\na.fontsize {\n	background-image: none;\n	background-position: 0 -1px;\n	width: 29px;\n}\n\na.fontsize:hover {\n	background-position: 0 -20px;\n	text-decoration: none;\n}\n\n/* Icon images\n---------------------------------------- */\n.sitehome, .icon-faq, .icon-members, .icon-home, .icon-ucp, .icon-register, .icon-logout,\n.icon-bookmark, .icon-bump, .icon-subscribe, .icon-unsubscribe, .icon-pages, .icon-search {\n	background-position: 0 50%;\n	background-repeat: no-repeat;\n	background-image: none;\n	padding: 1px 0 0 17px;\n}\n\n/* Poster profile icons\n----------------------------------------*/\nul.profile-icons {\n	padding-top: 10px;\n	list-style: none;\n}\n\n/* Rollover state */\nul.profile-icons li {\n	float: left;\n	margin: 0 6px 3px 0;\n	background-position: 0 100%;\n}\n\n/* Rolloff state */\nul.profile-icons li a {\n	display: block;\n	width: 100%;\n	height: 100%;\n	background-position: 0 0;\n}\n\n/* Hide <a> text and hide off-state image when rolling over (prevents flicker in IE) */\nul.profile-icons li span { display:none; }\nul.profile-icons li a:hover { background: none; }\n\n/* Positioning of moderator icons */\n.postbody ul.profile-icons {\n	float: right;\n	width: auto;\n	padding: 0;\n}\n\n.postbody ul.profile-icons li {\n	margin: 0 3px;\n}\n\n/* Profile & navigation icons */\n.email-icon, .email-icon a		{ background: none top left no-repeat; }\n.aim-icon, .aim-icon a			{ background: none top left no-repeat; }\n.yahoo-icon, .yahoo-icon a		{ background: none top left no-repeat; }\n.web-icon, .web-icon a			{ background: none top left no-repeat; }\n.msnm-icon, .msnm-icon a			{ background: none top left no-repeat; }\n.icq-icon, .icq-icon a			{ background: none top left no-repeat; }\n.jabber-icon, .jabber-icon a		{ background: none top left no-repeat; }\n.pm-icon, .pm-icon a				{ background: none top left no-repeat; }\n.quote-icon, .quote-icon a		{ background: none top left no-repeat; }\n\n/* Moderator icons */\n.report-icon, .report-icon a		{ background: none top left no-repeat; }\n.warn-icon, .warn-icon a			{ background: none top left no-repeat; }\n.edit-icon, .edit-icon a			{ background: none top left no-repeat; }\n.delete-icon, .delete-icon a		{ background: none top left no-repeat; }\n.info-icon, .info-icon a			{ background: none top left no-repeat; }\n\n/* Set profile icon dimensions */\nul.profile-icons li.email-icon		{ width: {IMG_ICON_CONTACT_EMAIL_WIDTH}px; height: {IMG_ICON_CONTACT_EMAIL_HEIGHT}px; }\nul.profile-icons li.aim-icon	{ width: {IMG_ICON_CONTACT_AIM_WIDTH}px; height: {IMG_ICON_CONTACT_AIM_HEIGHT}px; }\nul.profile-icons li.yahoo-icon	{ width: {IMG_ICON_CONTACT_YAHOO_WIDTH}px; height: {IMG_ICON_CONTACT_YAHOO_HEIGHT}px; }\nul.profile-icons li.web-icon	{ width: {IMG_ICON_CONTACT_WWW_WIDTH}px; height: {IMG_ICON_CONTACT_WWW_HEIGHT}px; }\nul.profile-icons li.msnm-icon	{ width: {IMG_ICON_CONTACT_MSNM_WIDTH}px; height: {IMG_ICON_CONTACT_MSNM_HEIGHT}px; }\nul.profile-icons li.icq-icon	{ width: {IMG_ICON_CONTACT_ICQ_WIDTH}px; height: {IMG_ICON_CONTACT_ICQ_HEIGHT}px; }\nul.profile-icons li.jabber-icon	{ width: {IMG_ICON_CONTACT_JABBER_WIDTH}px; height: {IMG_ICON_CONTACT_JABBER_HEIGHT}px; }\nul.profile-icons li.pm-icon		{ width: {IMG_ICON_CONTACT_PM_WIDTH}px; height: {IMG_ICON_CONTACT_PM_HEIGHT}px; }\nul.profile-icons li.quote-icon	{ width: {IMG_ICON_POST_QUOTE_WIDTH}px; height: {IMG_ICON_POST_QUOTE_HEIGHT}px; }\nul.profile-icons li.report-icon	{ width: {IMG_ICON_POST_REPORT_WIDTH}px; height: {IMG_ICON_POST_REPORT_HEIGHT}px; }\nul.profile-icons li.edit-icon	{ width: {IMG_ICON_POST_EDIT_WIDTH}px; height: {IMG_ICON_POST_EDIT_HEIGHT}px; }\nul.profile-icons li.delete-icon	{ width: {IMG_ICON_POST_DELETE_WIDTH}px; height: {IMG_ICON_POST_DELETE_HEIGHT}px; }\nul.profile-icons li.info-icon	{ width: {IMG_ICON_POST_INFO_WIDTH}px; height: {IMG_ICON_POST_INFO_HEIGHT}px; }\nul.profile-icons li.warn-icon	{ width: {IMG_ICON_USER_WARN_WIDTH}px; height: {IMG_ICON_USER_WARN_HEIGHT}px; }\n\n/* Fix profile icon default margins */\nul.profile-icons li.edit-icon	{ margin: 0 0 0 3px; }\nul.profile-icons li.quote-icon	{ margin: 0 0 0 10px; }\nul.profile-icons li.info-icon, ul.profile-icons li.report-icon	{ margin: 0 3px 0 0; }\n/* Control Panel Styles\n---------------------------------------- */\n\n\n/* Main CP box\n----------------------------------------*/\n#cp-menu {\n	float:left;\n	width: 19%;\n	margin-top: 1em;\n	margin-bottom: 5px;\n}\n\n#cp-main {\n	float: left;\n	width: 81%;\n}\n\n#cp-main .content {\n	padding: 0;\n}\n\n#cp-main h3, #cp-main hr, #cp-menu hr {\n	border-color: #bfbfbf;\n}\n\n#cp-main .panel p {\n	font-size: 1.1em;\n}\n\n#cp-main .panel ol {\n	margin-left: 2em;\n	font-size: 1.1em;\n}\n\n#cp-main .panel li.row {\n	border-bottom: 1px solid #cbcbcb;\n	border-top: 1px solid #F9F9F9;\n}\n\nul.cplist {\n	margin-bottom: 5px;\n	border-top: 1px solid #cbcbcb;\n}\n\n#cp-main .panel li.header dd, #cp-main .panel li.header dt {\n	color: #000000;\n	margin-bottom: 2px;\n}\n\n#cp-main table.table1 {\n	margin-bottom: 1em;\n}\n\n#cp-main table.table1 thead th {\n	color: #333333;\n	font-weight: bold;\n	border-bottom: 1px solid #333333;\n	padding: 5px;\n}\n\n#cp-main table.table1 tbody th {\n	font-style: italic;\n	background-color: transparent !important;\n	border-bottom: none;\n}\n\n#cp-main .pagination {\n	float: right;\n	width: auto;\n	padding-top: 1px;\n}\n\n#cp-main .postbody p {\n	font-size: 1.1em;\n}\n\n#cp-main .pm-message {\n	border: 1px solid #e2e2e2;\n	margin: 10px 0;\n	background-color: #FFFFFF;\n	width: auto;\n	float: none;\n}\n\n.pm-message h2 {\n	padding-bottom: 5px;\n}\n\n#cp-main .postbody h3, #cp-main .box2 h3 {\n	margin-top: 0;\n}\n\n#cp-main .buttons {\n	margin-left: 0;\n}\n\n#cp-main ul.linklist {\n	margin: 0;\n}\n\n/* MCP Specific tweaks */\n.mcp-main .postbody {\n	width: 100%;\n}\n\n.tabs-container h2 {\n	float: left;\n	margin-bottom: 0px;\n}\n\n.tabs-container #minitabs {\n	float: right;\n	margin-top: 19px;\n}\n\n.tabs-container:after {\n	display: block;\n	clear: both;\n	content: '''';\n}\n\n/* CP tabbed menu\n----------------------------------------*/\n#tabs {\n	line-height: normal;\n	margin: 20px 0 -1px 7px;\n	min-width: 570px;\n}\n\n#tabs ul {\n	margin:0;\n	padding: 0;\n	list-style: none;\n}\n\n#tabs li {\n	display: inline;\n	margin: 0;\n	padding: 0;\n	font-size: 1em;\n	font-weight: bold;\n}\n\n#tabs a {\n	float: left;\n	background: none no-repeat 0% -35px;\n	margin: 0 1px 0 0;\n	padding: 0 0 0 5px;\n	text-decoration: none;\n	position: relative;\n	cursor: pointer;\n}\n\n#tabs a span {\n	float: left;\n	display: block;\n	background: none no-repeat 100% -35px;\n	padding: 6px 10px 6px 5px;\n	color: #828282;\n	white-space: nowrap;\n}\n\n#tabs a:hover span {\n	color: #bcbcbc;\n}\n\n#tabs .activetab a {\n	background-position: 0 0;\n	border-bottom: 1px solid #ebebeb;\n}\n\n#tabs .activetab a span {\n	background-position: 100% 0;\n	padding-bottom: 7px;\n	color: #333333;\n}\n\n#tabs a:hover {\n	background-position: 0 -70px;\n}\n\n#tabs a:hover span {\n	background-position:100% -70px;\n}\n\n#tabs .activetab a:hover {\n	background-position: 0 0;\n}\n\n#tabs .activetab a:hover span {\n	color: #000000;\n	background-position: 100% 0;\n}\n\n/* Mini tabbed menu used in MCP\n----------------------------------------*/\n#minitabs {\n	line-height: normal;\n	margin: -20px 7px 0 0;\n}\n\n#minitabs ul {\n	margin:0;\n	padding: 0;\n	list-style: none;\n}\n\n#minitabs li {\n	display: block;\n	float: right;\n	padding: 0 10px 4px 10px;\n	font-size: 1em;\n	font-weight: bold;\n	background-color: #f2f2f2;\n	margin-left: 2px;\n}\n\n#minitabs a {\n}\n\n#minitabs a:hover {\n	text-decoration: none;\n}\n\n#minitabs li.activetab {\n	background-color: #F9F9F9;\n}\n\n#minitabs li.activetab a, #minitabs li.activetab a:hover {\n	color: #333333;\n}\n\n/* UCP navigation menu\n----------------------------------------*/\n/* Container for sub-navigation list */\n#navigation {\n	width: 100%;\n	padding-top: 36px;\n}\n\n#navigation ul {\n	list-style:none;\n}\n\n/* Default list state */\n#navigation li {\n	margin: 1px 0;\n	padding: 0;\n	font-weight: bold;\n	display: inline;\n}\n\n/* Link styles for the sub-section links */\n#navigation a {\n	display: block;\n	padding: 5px;\n	margin: 1px 0;\n	text-decoration: none;\n	font-weight: bold;\n	color: #333;\n	background: #cfcfcf none repeat-y 100% 0;\n}\n\n#navigation a:hover {\n	text-decoration: none;\n	background-color: #c6c6c6;\n	color: #bcbcbc;\n	background-image: none;\n}\n\n#navigation #active-subsection a {\n	display: block;\n	color: #d3d3d3;\n	background-color: #F9F9F9;\n	background-image: none;\n}\n\n#navigation #active-subsection a:hover {\n	color: #d3d3d3;\n}\n\n/* Preferences pane layout\n----------------------------------------*/\n#cp-main h2 {\n	border-bottom: none;\n	padding: 0;\n	margin-left: 10px;\n	color: #333333;\n}\n\n#cp-main .panel {\n	background-color: #F9F9F9;\n}\n\n#cp-main .pm {\n	background-color: #FFFFFF;\n}\n\n#cp-main span.corners-top, #cp-menu span.corners-top {\n	background-image: none;\n}\n\n#cp-main span.corners-top span, #cp-menu span.corners-top span {\n	background-image: none;\n}\n\n#cp-main span.corners-bottom, #cp-menu span.corners-bottom {\n	background-image: none;\n}\n\n#cp-main span.corners-bottom span, #cp-menu span.corners-bottom span {\n	background-image: none;\n}\n\n/* Topicreview */\n#cp-main .panel #topicreview span.corners-top, #cp-menu .panel #topicreview span.corners-top {\n	background-image: none;\n}\n\n#cp-main .panel #topicreview span.corners-top span, #cp-menu .panel #topicreview span.corners-top span {\n	background-image: none;\n}\n\n#cp-main .panel #topicreview span.corners-bottom, #cp-menu .panel #topicreview span.corners-bottom {\n	background-image: none;\n}\n\n#cp-main .panel #topicreview span.corners-bottom span, #cp-menu .panel #topicreview span.corners-bottom span {\n	background-image: none;\n}\n\n/* Friends list */\n.cp-mini {\n	background-color: #f9f9f9;\n	padding: 0 5px;\n	margin: 10px 15px 10px 5px;\n}\n\n.cp-mini span.corners-top, .cp-mini span.corners-bottom {\n	margin: 0 -5px;\n}\n\ndl.mini dt {\n	font-weight: bold;\n	color: #676767;\n}\n\ndl.mini dd {\n	padding-top: 4px;\n}\n\n.friend-online {\n	font-weight: bold;\n}\n\n.friend-offline {\n	font-style: italic;\n}\n\n/* PM Styles\n----------------------------------------*/\n#pm-menu {\n	line-height: 2.5em;\n}\n\n/* PM panel adjustments */\n.reply-all a.left {\n	background-position: 3px 60%;\n}\n\n.reply-all a.left:hover {\n	background-position: 0px 60%;\n}\n\n.reply-all {\n	font-size: 11px;\n	padding-top: 5px;\n}\n\n/* PM Message history */\n.current {\n	color: #999999;\n}\n\n/* Defined rules list for PM options */\nol.def-rules {\n	padding-left: 0;\n}\n\nol.def-rules li {\n	line-height: 180%;\n	padding: 1px;\n}\n\n/* PM marking colours */\n.pmlist li.bg1 {\n	padding: 0 3px;\n}\n\n.pmlist li.bg2 {\n	padding: 0 3px;\n}\n\n.pmlist li.pm_message_reported_colour, .pm_message_reported_colour {\n	border-left-color: #bcbcbc;\n	border-right-color: #bcbcbc;\n}\n\n.pmlist li.pm_marked_colour, .pm_marked_colour {\n	padding: 0;\n	border: solid 3px #ffffff;\n	border-width: 0 3px;\n}\n\n.pmlist li.pm_replied_colour, .pm_replied_colour {\n	padding: 0;\n	border: solid 3px #c2c2c2;\n	border-width: 0 3px;\n}\n\n.pmlist li.pm_friend_colour, .pm_friend_colour {\n	padding: 0;\n	border: solid 3px #bdbdbd;\n	border-width: 0 3px;\n}\n\n.pmlist li.pm_foe_colour, .pm_foe_colour {\n	padding: 0;\n	border: solid 3px #000000;\n	border-width: 0 3px;\n}\n\n.pm-legend {\n	border-left-width: 10px;\n	border-left-style: solid;\n	border-right-width: 0;\n	margin-bottom: 3px;\n	padding-left: 3px;\n}\n\n/* Avatar gallery */\n#gallery label {\n	position: relative;\n	float: left;\n	margin: 10px;\n	padding: 5px;\n	width: auto;\n	background: #FFFFFF;\n	border: 1px solid #CCC;\n	text-align: center;\n}\n\n#gallery label:hover {\n	background-color: #EEE;\n}\n/* Form Styles\n---------------------------------------- */\n\n/* General form styles\n----------------------------------------*/\nfieldset {\n	border-width: 0;\n	font-family: Verdana, Helvetica, Arial, sans-serif;\n	font-size: 1.1em;\n}\n\ninput {\n	font-weight: normal;\n	cursor: pointer;\n	vertical-align: middle;\n	padding: 0 3px;\n	font-size: 1em;\n	font-family: Verdana, Helvetica, Arial, sans-serif;\n}\n\nselect {\n	font-family: Verdana, Helvetica, Arial, sans-serif;\n	font-weight: normal;\n	cursor: pointer;\n	vertical-align: middle;\n	border: 1px solid #666666;\n	padding: 1px;\n	background-color: #FAFAFA;\n	font-size: 1em;\n}\n\noption {\n	padding-right: 1em;\n}\n\noption.disabled-option {\n	color: graytext;\n}\n\ntextarea {\n	font-family: "Lucida Grande", Verdana, Helvetica, Arial, sans-serif;\n	width: 60%;\n	padding: 2px;\n	font-size: 1em;\n	line-height: 1.4em;\n}\n\nlabel {\n	cursor: default;\n	padding-right: 5px;\n	color: #676767;\n}\n\nlabel input {\n	vertical-align: middle;\n}\n\nlabel img {\n	vertical-align: middle;\n}\n\n/* Definition list layout for forms\n---------------------------------------- */\nfieldset dl {\n	padding: 4px 0;\n}\n\nfieldset dt {\n	float: left;	\n	width: 40%;\n	text-align: left;\n	display: block;\n}\n\nfieldset dd {\n	margin-left: 41%;\n	vertical-align: top;\n	margin-bottom: 3px;\n}\n\n/* Specific layout 1 */\nfieldset.fields1 dt {\n	width: 15em;\n	border-right-width: 0;\n}\n\nfieldset.fields1 dd {\n	margin-left: 15em;\n	border-left-width: 0;\n}\n\nfieldset.fields1 {\n	background-color: transparent;\n}\n\nfieldset.fields1 div {\n	margin-bottom: 3px;\n}\n\n/* Set it back to 0px for the reCaptcha divs: PHPBB3-9587 */\nfieldset.fields1 #recaptcha_widget_div div {\n	margin-bottom: 0;\n}\n\n/* Specific layout 2 */\nfieldset.fields2 dt {\n	width: 15em;\n	border-right-width: 0;\n}\n\nfieldset.fields2 dd {\n	margin-left: 16em;\n	border-left-width: 0;\n}\n\n/* Form elements */\ndt label {\n	font-weight: bold;\n	text-align: left;\n}\n\ndd label {\n	white-space: nowrap;\n	color: #333;\n}\n\ndd input, dd textarea {\n	margin-right: 3px;\n}\n\ndd select {\n	width: auto;\n}\n\ndd textarea {\n	width: 85%;\n}\n\n/* Hover effects */\nfieldset dl:hover dt label {\n	color: #000000;\n}\n\nfieldset.fields2 dl:hover dt label {\n	color: inherit;\n}\n\n#timezone {\n	width: 95%;\n}\n\n* html #timezone {\n	width: 50%;\n}\n\n/* Quick-login on index page */\nfieldset.quick-login {\n	margin-top: 5px;\n}\n\nfieldset.quick-login input {\n	width: auto;\n}\n\nfieldset.quick-login input.inputbox {\n	width: 15%;\n	vertical-align: middle;\n	margin-right: 5px;\n	background-color: #f3f3f3;\n}\n\nfieldset.quick-login label {\n	white-space: nowrap;\n	padding-right: 2px;\n}\n\n/* Display options on viewtopic/viewforum pages  */\nfieldset.display-options {\n	text-align: center;\n	margin: 3px 0 5px 0;\n}\n\nfieldset.display-options label {\n	white-space: nowrap;\n	padding-right: 2px;\n}\n\nfieldset.display-options a {\n	margin-top: 3px;\n}\n\n/* Display actions for ucp and mcp pages */\nfieldset.display-actions {\n	text-align: right;\n	line-height: 2em;\n	white-space: nowrap;\n	padding-right: 1em;\n}\n\nfieldset.display-actions label {\n	white-space: nowrap;\n	padding-right: 2px;\n}\n\nfieldset.sort-options {\n	line-height: 2em;\n}\n\n/* MCP forum selection*/\nfieldset.forum-selection {\n	margin: 5px 0 3px 0;\n	float: right;\n}\n\nfieldset.forum-selection2 {\n	margin: 13px 0 3px 0;\n	float: right;\n}\n\n/* Jumpbox */\nfieldset.jumpbox {\n	text-align: right;\n	margin-top: 15px;\n	height: 2.5em;\n}\n\nfieldset.quickmod {\n	width: 50%;\n	float: right;\n	text-align: right;\n	height: 2.5em;\n}\n\n/* Submit button fieldset */\nfieldset.submit-buttons {\n	text-align: center;\n	vertical-align: middle;\n	margin: 5px 0;\n}\n\nfieldset.submit-buttons input {\n	vertical-align: middle;\n	padding-top: 3px;\n	padding-bottom: 3px;\n}\n\n/* Posting page styles\n----------------------------------------*/\n\n/* Buttons used in the editor */\n#format-buttons {\n	margin: 15px 0 2px 0;\n}\n\n#format-buttons input, #format-buttons select {\n	vertical-align: middle;\n}\n\n/* Main message box */\n#message-box {\n	width: 80%;\n}\n\n#message-box textarea {\n	font-family: "Trebuchet MS", Verdana, Helvetica, Arial, sans-serif;\n	width: 450px;\n	height: 270px;\n	min-width: 100%;\n	max-width: 100%;\n	font-size: 1.2em;\n	color: #333333;\n}\n\n/* Emoticons panel */\n#smiley-box {\n	width: 18%;\n	float: right;\n}\n\n#smiley-box img {\n	margin: 3px;\n}\n\n/* Input field styles\n---------------------------------------- */\n.inputbox {\n	background-color: #FFFFFF;\n	border: 1px solid #c0c0c0;\n	color: #333333;\n	padding: 2px;\n	cursor: text;\n}\n\n.inputbox:hover {\n	border: 1px solid #eaeaea;\n}\n\n.inputbox:focus {\n	border: 1px solid #eaeaea;\n	color: #4b4b4b;\n}\n\ninput.inputbox	{ width: 85%; }\ninput.medium	{ width: 50%; }\ninput.narrow	{ width: 25%; }\ninput.tiny		{ width: 125px; }\n\ntextarea.inputbox {\n	width: 85%;\n}\n\n.autowidth {\n	width: auto !important;\n}\n\n/* Form button styles\n---------------------------------------- */\ninput.button1, input.button2 {\n	font-size: 1em;\n}\n\na.button1, input.button1, input.button3, a.button2, input.button2 {\n	width: auto !important;\n	padding-top: 1px;\n	padding-bottom: 1px;\n	font-family: "Lucida Grande", Verdana, Helvetica, Arial, sans-serif;\n	color: #000;\n	background: #FAFAFA none repeat-x top left;\n}\n\na.button1, input.button1 {\n	font-weight: bold;\n	border: 1px solid #666666;\n}\n\ninput.button3 {\n	padding: 0;\n	margin: 0;\n	line-height: 5px;\n	height: 12px;\n	background-image: none;\n	font-variant: small-caps;\n}\n\n/* Alternative button */\na.button2, input.button2, input.button3 {\n	border: 1px solid #666666;\n}\n\n/* <a> button in the style of the form buttons */\na.button1, a.button1:link, a.button1:visited, a.button1:active, a.button2, a.button2:link, a.button2:visited, a.button2:active {\n	text-decoration: none;\n	color: #000000;\n	padding: 2px 8px;\n	line-height: 250%;\n	vertical-align: text-bottom;\n	background-position: 0 1px;\n}\n\n/* Hover states */\na.button1:hover, input.button1:hover, a.button2:hover, input.button2:hover, input.button3:hover {\n	border: 1px solid #BCBCBC;\n	background-position: 0 100%;\n	color: #BCBCBC;\n}\n\ninput.disabled {\n	font-weight: normal;\n	color: #666666;\n}\n\n/* Topic and forum Search */\n.search-box {\n	margin-top: 3px;\n	margin-left: 5px;\n	float: left;\n}\n\n.search-box input {\n}\n\ninput.search {\n	background-image: none;\n	background-repeat: no-repeat;\n	background-position: left 1px;\n	padding-left: 17px;\n}\n\n.full { width: 95%; }\n.medium { width: 50%;}\n.narrow { width: 25%;}\n.tiny { width: 10%;}\n/* Style Sheet Tweaks\n\nThese style definitions are mainly IE specific \ntweaks required due to its poor CSS support.\n-------------------------------------------------*/\n\n* html table, * html select, * html input { font-size: 100%; }\n* html hr { margin: 0; }\n* html span.corners-top, * html span.corners-bottom { background-image: url("{T_THEME_PATH}/images/corners_left.gif"); }\n* html span.corners-top span, * html span.corners-bottom span { background-image: url("{T_THEME_PATH}/images/corners_right.gif"); }\n\ntable.table1 {\n	width: 99%;		/* IE < 6 browsers */\n	/* Tantek hack */\n	voice-family: "\\"}\\"";\n	voice-family: inherit;\n	width: 100%;\n}\nhtml>body table.table1 { width: 100%; }	/* Reset 100% for opera */\n\n* html ul.topiclist li { position: relative; }\n* html .postbody h3 img { vertical-align: middle; }\n\n/* Form styles */\nhtml>body dd label input { vertical-align: text-bottom; }	/* Align checkboxes/radio buttons nicely */\n\n* html input.button1, * html input.button2 {\n	padding-bottom: 0;\n	margin-bottom: 1px;\n}\n\n/* Misc layout styles */\n* html .column1, * html .column2 { width: 45%; }\n\n/* Nice method for clearing floated blocks without having to insert any extra markup (like spacer above)\n   From http://www.positioniseverything.net/easyclearing.html \n#tabs:after, #minitabs:after, .post:after, .navbar:after, fieldset dl:after, ul.topiclist dl:after, ul.linklist:after, dl.polls:after {\n	content: "."; \n	display: block; \n	height: 0; \n	clear: both; \n	visibility: hidden;\n}*/\n\n.clearfix, #tabs, #minitabs, fieldset dl, ul.topiclist dl, dl.polls {\n	height: 1%;\n	overflow: hidden;\n}\n\n/* viewtopic fix */\n* html .post {\n	height: 25%;\n	overflow: hidden;\n}\n\n/* navbar fix */\n* html .clearfix, * html .navbar, ul.linklist {\n	height: 4%;\n	overflow: hidden;\n}\n\n/* Simple fix so forum and topic lists always have a min-height set, even in IE6\n	From http://www.dustindiaz.com/min-height-fast-hack */\ndl.icon {\n	min-height: 35px;\n	height: auto !important;\n	height: 35px;\n}\n\n* html li.row dl.icon dt {\n	height: 35px;\n	overflow: visible;\n}\n\n* html #search-box {\n	width: 25%;\n}\n\n/* Correctly clear floating for details on profile view */\n*:first-child+html dl.details dd {\n	margin-left: 30%;\n	float: none;\n}\n\n* html dl.details dd {\n	margin-left: 30%;\n	float: none;\n}\n\n/* Headerbar height fix for IE7 and below */\n* html #site-description p {\n	margin-bottom: 1.0em;\n}\n\n*:first-child+html #site-description p {\n	margin-bottom: 1.0em;\n}\n\n/* #minitabs fix for IE */\n.tabs-container {\n	zoom: 1;\n}\n\n#minitabs {\n	white-space: nowrap;\n	*min-width: 50%;\n}\n/*  	\n--------------------------------------------------------------\nColours and backgrounds for common.css\n-------------------------------------------------------------- */\n\nhtml, body {\n	color: #536482;\n	background-color: #FFFFFF;\n}\n\nh1 {\n	color: #FFFFFF;\n}\n\nh2 {\n	color: #28313F;\n}\n\nh3 {\n	border-bottom-color: #CCCCCC;\n	color: #115098;\n}\n\nhr {\n	border-color: #FFFFFF;\n	border-top-color: #CCCCCC;\n}\n\nhr.dashed {\n	border-top-color: #CCCCCC;\n}\n\n/* Search box\n--------------------------------------------- */\n\n#search-box {\n	color: #FFFFFF;\n}\n\n#search-box #keywords {\n	background-color: #FFF;\n}\n\n#search-box input {\n	border-color: #0075B0;\n}\n\n/* Round cornered boxes and backgrounds\n---------------------------------------- */\n.headerbar {\n	background-color: #12A3EB;\n	background-image: url("{T_THEME_PATH}/images/bg_header.gif");\n	color: #FFFFFF;\n}\n\n.navbar {\n	background-color: #cadceb;\n}\n\n.forabg {\n	background-color: #0076b1;\n	background-image: url("{T_THEME_PATH}/images/bg_list.gif");\n}\n\n.forumbg {\n	background-color: #12A3EB;\n	background-image: url("{T_THEME_PATH}/images/bg_header.gif");\n}\n\n.panel {\n	background-color: #ECF1F3;\n	color: #28313F;\n}\n\n.post:target .content {\n	color: #000000;\n}\n\n.post:target h3 a {\n	color: #000000;\n}\n\n.bg1	{ background-color: #ECF3F7; }\n.bg2	{ background-color: #e1ebf2;  }\n.bg3	{ background-color: #cadceb; }\n\n.ucprowbg {\n	background-color: #DCDEE2;\n}\n\n.fieldsbg {\n	background-color: #E7E8EA;\n}\n\nspan.corners-top {\n	background-image: url("{T_THEME_PATH}/images/corners_left.png");\n}\n\nspan.corners-top span {\n	background-image: url("{T_THEME_PATH}/images/corners_right.png");\n}\n\nspan.corners-bottom {\n	background-image: url("{T_THEME_PATH}/images/corners_left.png");\n}\n\nspan.corners-bottom span {\n	background-image: url("{T_THEME_PATH}/images/corners_right.png");\n}\n\n/* Horizontal lists\n----------------------------------------*/\n\nul.navlinks {\n	border-bottom-color: #FFFFFF;\n}\n\n/* Table styles\n----------------------------------------*/\ntable.table1 thead th {\n	color: #FFFFFF;\n}\n\ntable.table1 tbody tr {\n	border-color: #BFC1CF;\n}\n\ntable.table1 tbody tr:hover, table.table1 tbody tr.hover {\n	background-color: #CFE1F6;\n	color: #000;\n}\n\ntable.table1 td {\n	color: #536482;\n}\n\ntable.table1 tbody td {\n	border-top-color: #FAFAFA;\n}\n\ntable.table1 tbody th {\n	border-bottom-color: #000000;\n	color: #333333;\n	background-color: #FFFFFF;\n}\n\ntable.info tbody th {\n	color: #000000;\n}\n\n/* Misc layout styles\n---------------------------------------- */\ndl.details dt {\n	color: #000000;\n}\n\ndl.details dd {\n	color: #536482;\n}\n\n.sep {\n	color: #1198D9;\n}\n\n/* Pagination\n---------------------------------------- */\n\n.pagination span strong {\n	color: #FFFFFF;\n	background-color: #4692BF;\n	border-color: #4692BF;\n}\n\n.pagination span a, .pagination span a:link, .pagination span a:visited {\n	color: #5C758C;\n	background-color: #ECEDEE;\n	border-color: #B4BAC0;\n}\n\n.pagination span a:hover {\n	border-color: #368AD2;\n	background-color: #368AD2;\n	color: #FFF;\n}\n\n.pagination span a:active {\n	color: #5C758C;\n	background-color: #ECEDEE;\n	border-color: #B4BAC0;\n}\n\n/* Pagination in viewforum for multipage topics */\n.row .pagination {\n	background-image: url("{T_THEME_PATH}/images/icon_pages.gif");\n}\n\n.row .pagination span a, li.pagination span a {\n	background-color: #FFFFFF;\n}\n\n.row .pagination span a:hover, li.pagination span a:hover {\n	background-color: #368AD2;\n}\n\n/* Miscellaneous styles\n---------------------------------------- */\n\n.copyright {\n	color: #555555;\n}\n\n.error {\n	color: #BC2A4D;\n}\n\n.reported {\n	background-color: #F7ECEF;\n}\n\nli.reported:hover {\n	background-color: #ECD5D8 !important;\n}\n.sticky, .announce {\n	/* you can add a background for stickies and announcements*/\n}\n\ndiv.rules {\n	background-color: #ECD5D8;\n	color: #BC2A4D;\n}\n\np.rules {\n	background-color: #ECD5D8;\n	background-image: none;\n}\n\n/*  	\n--------------------------------------------------------------\nColours and backgrounds for links.css\n-------------------------------------------------------------- */\n\na:link	{ color: #105289; }\na:visited	{ color: #105289; }\na:hover	{ color: #D31141; }\na:active	{ color: #368AD2; }\n\n/* Links on gradient backgrounds */\n#search-box a:link, .navbg a:link, .forumbg .header a:link, .forabg .header a:link, th a:link {\n	color: #FFFFFF;\n}\n\n#search-box a:visited, .navbg a:visited, .forumbg .header a:visited, .forabg .header a:visited, th a:visited {\n	color: #FFFFFF;\n}\n\n#search-box a:hover, .navbg a:hover, .forumbg .header a:hover, .forabg .header a:hover, th a:hover {\n	color: #A8D8FF;\n}\n\n#search-box a:active, .navbg a:active, .forumbg .header a:active, .forabg .header a:active, th a:active {\n	color: #C8E6FF;\n}\n\n/* Links for forum/topic lists */\na.forumtitle {\n	color: #105289;\n}\n\n/* a.forumtitle:visited { color: #105289; } */\n\na.forumtitle:hover {\n	color: #BC2A4D;\n}\n\na.forumtitle:active {\n	color: #105289;\n}\n\na.topictitle {\n	color: #105289;\n}\n\n/* a.topictitle:visited { color: #368AD2; } */\n\na.topictitle:hover {\n	color: #BC2A4D;\n}\n\na.topictitle:active {\n	color: #105289;\n}\n\n/* Post body links */\n.postlink {\n	color: #368AD2;\n	border-bottom-color: #368AD2;\n}\n\n.postlink:visited {\n	color: #5D8FBD;\n	border-bottom-color: #5D8FBD;\n}\n\n.postlink:active {\n	color: #368AD2;\n}\n\n.postlink:hover {\n	background-color: #D0E4F6;\n	color: #0D4473;\n}\n\n.signature a, .signature a:visited, .signature a:hover, .signature a:active {\n	background-color: transparent;\n}\n\n/* Profile links */\n.postprofile a:link, .postprofile a:visited, .postprofile dt.author a {\n	color: #105289;\n}\n\n.postprofile a:hover, .postprofile dt.author a:hover {\n	color: #D31141;\n}\n\n.postprofile a:active {\n	color: #105289;\n}\n\n/* Profile searchresults */	\n.search .postprofile a {\n	color: #105289;\n}\n\n.search .postprofile a:hover {\n	color: #D31141;\n}\n\n/* Back to top of page */\na.top {\n	background-image: url("{IMG_ICON_BACK_TOP_SRC}");\n}\n\na.top2 {\n	background-image: url("{IMG_ICON_BACK_TOP_SRC}");\n}\n\n/* Arrow links  */\na.up		{ background-image: url("{T_THEME_PATH}/images/arrow_up.gif") }\na.down		{ background-image: url("{T_THEME_PATH}/images/arrow_down.gif") }\na.left		{ background-image: url("{T_THEME_PATH}/images/arrow_left.gif") }\na.right		{ background-image: url("{T_THEME_PATH}/images/arrow_right.gif") }\n\na.up:hover {\n	background-color: transparent;\n}\n\na.left:hover {\n	color: #368AD2;\n}\n\na.right:hover {\n	color: #368AD2;\n}\n\n\n/*  	\n--------------------------------------------------------------\nColours and backgrounds for content.css\n-------------------------------------------------------------- */\n\nul.forums {\n	background-color: #eef5f9;\n	background-image: url("{T_THEME_PATH}/images/gradient.gif");\n}\n\nul.topiclist li {\n	color: #4C5D77;\n}\n\nul.topiclist dd {\n	border-left-color: #FFFFFF;\n}\n\n.rtl ul.topiclist dd {\n	border-right-color: #fff;\n	border-left-color: transparent;\n}\n\nul.topiclist li.row dt a.subforum.read {\n	background-image: url("{IMG_SUBFORUM_READ_SRC}");\n}\n\nul.topiclist li.row dt a.subforum.unread {\n	background-image: url("{IMG_SUBFORUM_UNREAD_SRC}");\n}\n\nli.row {\n	border-top-color:  #FFFFFF;\n	border-bottom-color: #00608F;\n}\n\nli.row strong {\n	color: #000000;\n}\n\nli.row:hover {\n	background-color: #F6F4D0;\n}\n\nli.row:hover dd {\n	border-left-color: #CCCCCC;\n}\n\n.rtl li.row:hover dd {\n	border-right-color: #CCCCCC;\n	border-left-color: transparent;\n}\n\nli.header dt, li.header dd {\n	color: #FFFFFF;\n}\n\n/* Forum list column styles */\nul.topiclist dd.searchextra {\n	color: #333333;\n}\n\n/* Post body styles\n----------------------------------------*/\n.postbody {\n	color: #333333;\n}\n\n/* Content container styles\n----------------------------------------*/\n.content {\n	color: #333333;\n}\n\n.content h2, .panel h2 {\n	color: #115098;\n	border-bottom-color:  #CCCCCC;\n}\n\ndl.faq dt {\n	color: #333333;\n}\n\n.posthilit {\n	background-color: #F3BFCC;\n	color: #BC2A4D;\n}\n\n/* Post signature */\n.signature {\n	border-top-color: #CCCCCC;\n}\n\n/* Post noticies */\n.notice {\n	border-top-color:  #CCCCCC;\n}\n\n/* BB Code styles\n----------------------------------------*/\n/* Quote block */\nblockquote {\n	background-color: #EBEADD;\n	background-image: url("{T_THEME_PATH}/images/quote.gif");\n	border-color:#DBDBCE;\n}\n\n.rtl blockquote {\n	background-image: url("{T_THEME_PATH}/images/quote_rtl.gif");\n}\n\nblockquote blockquote {\n	/* Nested quotes */\n	background-color:#EFEED9;\n}\n\nblockquote blockquote blockquote {\n	/* Nested quotes */\n	background-color: #EBEADD;\n}\n\n/* Code block */\ndl.codebox {\n	background-color: #FFFFFF;\n	border-color: #C9D2D8;\n}\n\ndl.codebox dt {\n	border-bottom-color:  #CCCCCC;\n}\n\ndl.codebox code {\n	color: #2E8B57;\n}\n\n.syntaxbg		{ color: #FFFFFF; }\n.syntaxcomment	{ color: #FF8000; }\n.syntaxdefault	{ color: #0000BB; }\n.syntaxhtml		{ color: #000000; }\n.syntaxkeyword	{ color: #007700; }\n.syntaxstring	{ color: #DD0000; }\n\n/* Attachments\n----------------------------------------*/\n.attachbox {\n	background-color: #FFFFFF;\n	border-color:  #C9D2D8;\n}\n\n.pm-message .attachbox {\n	background-color: #F2F3F3;\n}\n\n.attachbox dd {\n	border-top-color: #C9D2D8;\n}\n\n.attachbox p {\n	color: #666666;\n}\n\n.attachbox p.stats {\n	color: #666666;\n}\n\n.attach-image img {\n	border-color: #999999;\n}\n\n/* Inline image thumbnails */\n\ndl.file dd {\n	color: #666666;\n}\n\ndl.thumbnail img {\n	border-color: #666666;\n	background-color: #FFFFFF;\n}\n\ndl.thumbnail dd {\n	color: #666666;\n}\n\ndl.thumbnail dt a:hover {\n	background-color: #EEEEEE;\n}\n\ndl.thumbnail dt a:hover img {\n	border-color: #368AD2;\n}\n\n/* Post poll styles\n----------------------------------------*/\n\nfieldset.polls dl {\n	border-top-color: #DCDEE2;\n	color: #666666;\n}\n\nfieldset.polls dl.voted {\n	color: #000000;\n}\n\nfieldset.polls dd div {\n	color: #FFFFFF;\n}\n\n.rtl .pollbar1, .rtl .pollbar2, .rtl .pollbar3, .rtl .pollbar4, .rtl .pollbar5 {\n	border-right-color: transparent;\n}\n\n.pollbar1 {\n	background-color: #AA2346;\n	border-bottom-color: #74162C;\n	border-right-color: #74162C;\n}\n\n.rtl .pollbar1 {\n	border-left-color: #74162C;\n}\n\n.pollbar2 {\n	background-color: #BE1E4A;\n	border-bottom-color: #8C1C38;\n	border-right-color: #8C1C38;\n}\n\n.rtl .pollbar2 {\n	border-left-color: #8C1C38;\n}\n\n.pollbar3 {\n	background-color: #D11A4E;\n	border-bottom-color: #AA2346;\n	border-right-color: #AA2346;\n}\n\n.rtl .pollbar3 {\n	border-left-color: #AA2346;\n}\n\n.pollbar4 {\n	background-color: #E41653;\n	border-bottom-color: #BE1E4A;\n	border-right-color: #BE1E4A;\n}\n\n.rtl .pollbar4 {\n	border-left-color: #BE1E4A;\n}\n\n.pollbar5 {\n	background-color: #F81157;\n	border-bottom-color: #D11A4E;\n	border-right-color: #D11A4E;\n}\n\n.rtl .pollbar5 {\n	border-left-color: #D11A4E;\n}\n\n/* Poster profile block\n----------------------------------------*/\n.postprofile {\n	color: #666666;\n	border-left-color: #FFFFFF;\n}\n\n.rtl .postprofile {\n	border-right-color: #FFFFFF;\n	border-left-color: transparent;\n}\n\n.pm .postprofile {\n	border-left-color: #DDDDDD;\n}\n\n.rtl .pm .postprofile {\n	border-right-color: #DDDDDD;\n	border-left-color: transparent;\n}\n\n.postprofile strong {\n	color: #000000;\n}\n\n.online {\n	background-image: url("{IMG_ICON_USER_ONLINE_SRC}");\n}\n\n/*  	\n--------------------------------------------------------------\nColours and backgrounds for buttons.css\n-------------------------------------------------------------- */\n\n/* Big button images */\n.reply-icon span	{ background-image: url("{IMG_BUTTON_TOPIC_REPLY_SRC}"); }\n.post-icon span		{ background-image: url("{IMG_BUTTON_TOPIC_NEW_SRC}"); }\n.locked-icon span	{ background-image: url("{IMG_BUTTON_TOPIC_LOCKED_SRC}"); }\n.pmreply-icon span	{ background-image: url("{IMG_BUTTON_PM_REPLY_SRC}") ;}\n.newpm-icon span 	{ background-image: url("{IMG_BUTTON_PM_NEW_SRC}") ;}\n.forwardpm-icon span	{ background-image: url("{IMG_BUTTON_PM_FORWARD_SRC}") ;}\n\na.print {\n	background-image: url("{T_THEME_PATH}/images/icon_print.gif");\n}\n\na.sendemail {\n	background-image: url("{T_THEME_PATH}/images/icon_sendemail.gif");\n}\n\na.fontsize {\n	background-image: url("{T_THEME_PATH}/images/icon_fontsize.gif");\n}\n\n/* Icon images\n---------------------------------------- */\n.sitehome						{ background-image: url("{T_THEME_PATH}/images/icon_home.gif"); }\n.icon-faq						{ background-image: url("{T_THEME_PATH}/images/icon_faq.gif"); }\n.icon-members					{ background-image: url("{T_THEME_PATH}/images/icon_members.gif"); }\n.icon-home						{ background-image: url("{T_THEME_PATH}/images/icon_home.gif"); }\n.icon-ucp						{ background-image: url("{T_THEME_PATH}/images/icon_ucp.gif"); }\n.icon-register					{ background-image: url("{T_THEME_PATH}/images/icon_register.gif"); }\n.icon-logout					{ background-image: url("{T_THEME_PATH}/images/icon_logout.gif"); }\n.icon-bookmark					{ background-image: url("{T_THEME_PATH}/images/icon_bookmark.gif"); }\n.icon-bump						{ background-image: url("{T_THEME_PATH}/images/icon_bump.gif"); }\n.icon-subscribe					{ background-image: url("{T_THEME_PATH}/images/icon_subscribe.gif"); }\n.icon-unsubscribe				{ background-image: url("{T_THEME_PATH}/images/icon_unsubscribe.gif"); }\n.icon-pages						{ background-image: url("{T_THEME_PATH}/images/icon_pages.gif"); }\n.icon-search					{ background-image: url("{T_THEME_PATH}/images/icon_search.gif"); }\n\n/* Profile & navigation icons */\n.email-icon, .email-icon a		{ background-image: url("{IMG_ICON_CONTACT_EMAIL_SRC}"); }\n.aim-icon, .aim-icon a			{ background-image: url("{IMG_ICON_CONTACT_AIM_SRC}"); }\n.yahoo-icon, .yahoo-icon a		{ background-image: url("{IMG_ICON_CONTACT_YAHOO_SRC}"); }\n.web-icon, .web-icon a			{ background-image: url("{IMG_ICON_CONTACT_WWW_SRC}"); }\n.msnm-icon, .msnm-icon a			{ background-image: url("{IMG_ICON_CONTACT_MSNM_SRC}"); }\n.icq-icon, .icq-icon a			{ background-image: url("{IMG_ICON_CONTACT_ICQ_SRC}"); }\n.jabber-icon, .jabber-icon a		{ background-image: url("{IMG_ICON_CONTACT_JABBER_SRC}"); }\n.pm-icon, .pm-icon a				{ background-image: url("{IMG_ICON_CONTACT_PM_SRC}"); }\n.quote-icon, .quote-icon a		{ background-image: url("{IMG_ICON_POST_QUOTE_SRC}"); }\n\n/* Moderator icons */\n.report-icon, .report-icon a		{ background-image: url("{IMG_ICON_POST_REPORT_SRC}"); }\n.edit-icon, .edit-icon a			{ background-image: url("{IMG_ICON_POST_EDIT_SRC}"); }\n.delete-icon, .delete-icon a		{ background-image: url("{IMG_ICON_POST_DELETE_SRC}"); }\n.info-icon, .info-icon a			{ background-image: url("{IMG_ICON_POST_INFO_SRC}"); }\n.warn-icon, .warn-icon a			{ background-image: url("{IMG_ICON_USER_WARN_SRC}"); } /* Need updated warn icon */\n\n/*  	\n--------------------------------------------------------------\nColours and backgrounds for cp.css\n-------------------------------------------------------------- */\n\n/* Main CP box\n----------------------------------------*/\n\n#cp-main h3, #cp-main hr, #cp-menu hr {\n	border-color: #A4B3BF;\n}\n\n#cp-main .panel li.row {\n	border-bottom-color: #B5C1CB;\n	border-top-color: #F9F9F9;\n}\n\nul.cplist {\n	border-top-color: #B5C1CB;\n}\n\n#cp-main .panel li.header dd, #cp-main .panel li.header dt {\n	color: #000000;\n}\n\n#cp-main table.table1 thead th {\n	color: #333333;\n	border-bottom-color: #333333;\n}\n\n#cp-main .pm-message {\n	border-color: #DBDEE2;\n	background-color: #FFFFFF;\n}\n\n/* CP tabbed menu\n----------------------------------------*/\n#tabs a {\n	background-image: url("{T_THEME_PATH}/images/bg_tabs1.gif");\n}\n\n#tabs a span {\n	background-image: url("{T_THEME_PATH}/images/bg_tabs2.gif");\n	color: #536482;\n}\n\n#tabs a:hover span {\n	color: #BC2A4D;\n}\n\n#tabs .activetab a {\n	border-bottom-color: #CADCEB;\n}\n\n#tabs .activetab a span {\n	color: #333333;\n}\n\n#tabs .activetab a:hover span {\n	color: #000000;\n}\n\n/* Mini tabbed menu used in MCP\n----------------------------------------*/\n#minitabs li {\n	background-color: #E1EBF2;\n}\n\n#minitabs li.activetab {\n	background-color: #F9F9F9;\n}\n\n#minitabs li.activetab a, #minitabs li.activetab a:hover {\n	color: #333333;\n}\n\n/* UCP navigation menu\n----------------------------------------*/\n\n/* Link styles for the sub-section links */\n#navigation a {\n	color: #333;\n	background-color: #B2C2CF;\n	background-image: url("{T_THEME_PATH}/images/bg_menu.gif");\n}\n\n.rtl #navigation a {\n	background-image: url("{T_THEME_PATH}/images/bg_menu_rtl.gif");\n	background-position: 0 100%;\n}\n\n#navigation a:hover {\n	background-image: none;\n	background-color: #aabac6;\n	color: #BC2A4D;\n}\n\n#navigation #active-subsection a {\n	color: #D31141;\n	background-color: #F9F9F9;\n	background-image: none;\n}\n\n#navigation #active-subsection a:hover {\n	color: #D31141;\n}\n\n/* Preferences pane layout\n----------------------------------------*/\n#cp-main h2 {\n	color: #333333;\n}\n\n#cp-main .panel {\n	background-color: #F9F9F9;\n}\n\n#cp-main .pm {\n	background-color: #FFFFFF;\n}\n\n#cp-main span.corners-top, #cp-menu span.corners-top {\n	background-image: url("{T_THEME_PATH}/images/corners_left2.gif");\n}\n\n#cp-main span.corners-top span, #cp-menu span.corners-top span {\n	background-image: url("{T_THEME_PATH}/images/corners_right2.gif");\n}\n\n#cp-main span.corners-bottom, #cp-menu span.corners-bottom {\n	background-image: url("{T_THEME_PATH}/images/corners_left2.gif");\n}\n\n#cp-main span.corners-bottom span, #cp-menu span.corners-bottom span {\n	background-image: url("{T_THEME_PATH}/images/corners_right2.gif");\n}\n\n/* Topicreview */\n#cp-main .panel #topicreview span.corners-top, #cp-menu .panel #topicreview span.corners-top {\n	background-image: url("{T_THEME_PATH}/images/corners_left.gif");\n}\n\n#cp-main .panel #topicreview span.corners-top span, #cp-menu .panel #topicreview span.corners-top span {\n	background-image: url("{T_THEME_PATH}/images/corners_right.gif");\n}\n\n#cp-main .panel #topicreview span.corners-bottom, #cp-menu .panel #topicreview span.corners-bottom {\n	background-image: url("{T_THEME_PATH}/images/corners_left.gif");\n}\n\n#cp-main .panel #topicreview span.corners-bottom span, #cp-menu .panel #topicreview span.corners-bottom span {\n	background-image: url("{T_THEME_PATH}/images/corners_right.gif");\n}\n\n/* Friends list */\n.cp-mini {\n	background-color: #eef5f9;\n}\n\ndl.mini dt {\n	color: #425067;\n}\n\n/* PM Styles\n----------------------------------------*/\n/* PM Message history */\n.current {\n	color: #000000 !important;\n}\n\n/* PM marking colours */\n.pmlist li.pm_message_reported_colour, .pm_message_reported_colour {\n	border-left-color: #BC2A4D;\n	border-right-color: #BC2A4D;\n}\n\n.pmlist li.pm_marked_colour, .pm_marked_colour {\n	border-color: #FF6600;\n}\n\n.pmlist li.pm_replied_colour, .pm_replied_colour {\n	border-color: #A9B8C2;\n}\n\n.pmlist li.pm_friend_colour, .pm_friend_colour {\n	border-color: #5D8FBD;\n}\n\n.pmlist li.pm_foe_colour, .pm_foe_colour {\n	border-color: #000000;\n}\n\n/* Avatar gallery */\n#gallery label {\n	background-color: #FFFFFF;\n	border-color: #CCC;\n}\n\n#gallery label:hover {\n	background-color: #EEE;\n}\n\n/*  	\n--------------------------------------------------------------\nColours and backgrounds for forms.css\n-------------------------------------------------------------- */\n\n/* General form styles\n----------------------------------------*/\nselect {\n	border-color: #666666;\n	background-color: #FAFAFA;\n	color: #000;\n}\n\nlabel {\n	color: #425067;\n}\n\noption.disabled-option {\n	color: graytext;\n}\n\n/* Definition list layout for forms\n---------------------------------------- */\ndd label {\n	color: #333;\n}\n\n/* Hover effects */\nfieldset dl:hover dt label {\n	color: #000000;\n}\n\nfieldset.fields2 dl:hover dt label {\n	color: inherit;\n}\n\n/* Quick-login on index page */\nfieldset.quick-login input.inputbox {\n	background-color: #F2F3F3;\n}\n\n/* Posting page styles\n----------------------------------------*/\n\n#message-box textarea {\n	color: #333333;\n}\n\n/* Input field styles\n---------------------------------------- */\n.inputbox {\n	background-color: #FFFFFF; \n	border-color: #B4BAC0;\n	color: #333333;\n}\n\n.inputbox:hover {\n	border-color: #11A3EA;\n}\n\n.inputbox:focus {\n	border-color: #11A3EA;\n	color: #0F4987;\n}\n\n/* Form button styles\n---------------------------------------- */\n\na.button1, input.button1, input.button3, a.button2, input.button2 {\n	color: #000;\n	background-color: #FAFAFA;\n	background-image: url("{T_THEME_PATH}/images/bg_button.gif");\n}\n\na.button1, input.button1 {\n	border-color: #666666;\n}\n\ninput.button3 {\n	background-image: none;\n}\n\n/* Alternative button */\na.button2, input.button2, input.button3 {\n	border-color: #666666;\n}\n\n/* <a> button in the style of the form buttons */\na.button1, a.button1:link, a.button1:visited, a.button1:active, a.button2, a.button2:link, a.button2:visited, a.button2:active {\n	color: #000000;\n}\n\n/* Hover states */\na.button1:hover, input.button1:hover, a.button2:hover, input.button2:hover, input.button3:hover {\n	border-color: #BC2A4D;\n	color: #BC2A4D;\n}\n\ninput.search {\n	background-image: url("{T_THEME_PATH}/images/icon_textbox_search.gif");\n}\n\ninput.disabled {\n	color: #666666;\n}\n'),
(2, 'AcidTech', '© 2007-2011 ST Software', 'acidtech', 0, 1365965943, ''),
(3, 'UniversalSpace', '&copy; LEOITALIA 2009-2012', 'UniversalSpace', 0, 1371246405, '');

--
-- Contenu de la table `phpbb_topics`
--

INSERT IGNORE INTO `phpbb_topics` (`topic_id`, `forum_id`, `icon_id`, `topic_attachment`, `topic_approved`, `topic_reported`, `topic_title`, `topic_poster`, `topic_time`, `topic_time_limit`, `topic_views`, `topic_replies`, `topic_replies_real`, `topic_status`, `topic_type`, `topic_first_post_id`, `topic_first_poster_name`, `topic_first_poster_colour`, `topic_last_post_id`, `topic_last_poster_id`, `topic_last_poster_name`, `topic_last_poster_colour`, `topic_last_post_subject`, `topic_last_post_time`, `topic_last_view_time`, `topic_moved_id`, `topic_bumped`, `topic_bumper`, `poll_title`, `poll_start`, `poll_length`, `poll_max_options`, `poll_last_vote`, `poll_vote_change`) VALUES
(26, 6, 0, 0, 1, 0, 'Règlement en RP', 59, 1375731600, 0, 532, 0, 0, 0, 1, 67, 'Destinée', '', 67, 59, 'Destinée', '', 'Règlement en RP', 1375731600, 1433789408, 0, 0, 0, '', 0, 0, 0, 0, 0),
(27, 6, 0, 0, 1, 0, 'Règlement global du forum et du chat', 59, 1375731641, 0, 747, 0, 0, 0, 1, 68, 'Destinée', '', 68, 59, 'Destinée', '', 'Règlement global du forum et du chat', 1375731641, 1433708088, 0, 0, 0, '', 0, 0, 0, 0, 0),
(28, 8, 0, 0, 1, 0, 'A lire avant de créer sa fiche', 59, 1375731782, 0, 448, 0, 0, 0, 1, 69, 'Destinée', '', 69, 59, 'Destinée', '', 'A lire avant de créer sa fiche', 1375731782, 1433707863, 0, 0, 0, '', 0, 0, 0, 0, 0),
(29, 9, 0, 0, 1, 0, 'Téléchargements', 59, 1375731855, 0, 416, 0, 0, 0, 0, 70, 'Destinée', '', 70, 59, 'Destinée', '', 'Téléchargements', 1375731855, 1433708138, 0, 0, 0, '', 0, 0, 0, 0, 0),
(32, 9, 0, 0, 1, 0, 'Formules en combat', 59, 1375732053, 0, 497, 0, 0, 0, 0, 73, 'Destinée', '', 73, 59, 'Destinée', '', 'Formules en combat', 1375732053, 1433707933, 0, 0, 0, '', 0, 0, 0, 0, 0),
(33, 9, 0, 0, 1, 0, 'Le système RPG', 59, 1375732083, 0, 565, 0, 0, 0, 1, 74, 'Destinée', '', 74, 59, 'Destinée', '', 'Le système RPG', 1375732083, 1433708188, 0, 0, 0, '', 0, 0, 0, 0, 0),
(34, 9, 0, 0, 1, 0, 'Les rangs', 59, 1375732111, 0, 710, 3, 3, 0, 1, 75, 'Destinée', '', 530, 56, 'Lord Zanshi', 'CC66FF', 'Re: Les rangs', 1377965878, 1433708052, 0, 0, 0, '', 0, 0, 0, 0, 0),
(35, 7, 0, 0, 1, 0, 'Chronique 01 : Guerre Eternelle', 59, 1375732145, 0, 882, 4, 4, 0, 1, 76, 'Destinée', '', 1035, 59, 'Destinée', '', 'Re: Chronique 01 : Guerre Eternelle', 1415419554, 1434017570, 0, 0, 0, '', 0, 0, 0, 0, 0),
(36, 11, 0, 0, 1, 0, 'Le Château Impérial', 59, 1375732347, 0, 457, 1, 1, 0, 1, 77, 'Destinée', '', 78, 59, 'Destinée', '', 'Re: Le Château Impérial', 1375732364, 1433707638, 0, 0, 0, '', 0, 0, 1, 0, 0),
(37, 13, 0, 0, 1, 0, 'La Forêt d''Hyrès', 59, 1375732404, 0, 535, 1, 1, 0, 1, 79, 'Destinée', '', 80, 59, 'Destinée', '', 'Re: La Forêt d''Hyrès', 1375732421, 1433707608, 0, 0, 0, '', 0, 0, 1, 0, 0),
(38, 12, 0, 0, 1, 0, 'La Cité Judiciaire', 59, 1375732457, 0, 384, 1, 1, 0, 1, 81, 'Destinée', '', 82, 59, 'Destinée', '', 'Re: La Cité Judiciaire', 1375732473, 1433707738, 0, 0, 0, '', 0, 0, 0, 0, 0),
(39, 14, 0, 0, 1, 0, 'Le Désert Aride', 59, 1375732505, 0, 361, 1, 1, 0, 1, 83, 'Destinée', '', 84, 59, 'Destinée', '', 'Re: Le Désert Aride', 1375732522, 1433707643, 0, 0, 0, '', 0, 0, 1, 0, 0),
(40, 15, 0, 0, 1, 0, 'Le Désert Blanc', 59, 1375732580, 0, 549, 1, 1, 0, 1, 85, 'Destinée', '', 86, 59, 'Destinée', '', 'Re: Le Désert Blanc', 1375732598, 1433801129, 0, 0, 0, '', 0, 0, 1, 0, 0),
(41, 16, 0, 0, 1, 0, 'Les Côtes de la Mer de l''Est', 59, 1375732629, 0, 485, 1, 1, 0, 1, 87, 'Destinée', '', 88, 59, 'Destinée', '', 'Re: Les Côtes de la Mer de l''Est', 1375732645, 1433708397, 0, 0, 0, '', 0, 0, 0, 0, 0),
(42, 17, 0, 0, 1, 0, 'Esperia', 59, 1375732673, 0, 531, 1, 1, 0, 1, 89, 'Destinée', '', 90, 59, 'Destinée', '', 'Re: Esperia', 1375732694, 1434028940, 0, 0, 0, '', 0, 0, 1, 0, 0),
(43, 28, 0, 0, 1, 0, 'Le Quartier Général', 59, 1375732724, 0, 544, 1, 1, 0, 1, 91, 'Destinée', '', 92, 59, 'Destinée', '', 'Re: Le Quartier Général', 1375732777, 1433708493, 0, 0, 0, '', 0, 0, 1, 0, 0),
(44, 26, 0, 0, 1, 0, 'Les Montagnes Minaï', 59, 1375732819, 0, 371, 1, 1, 0, 1, 93, 'Destinée', '', 94, 59, 'Destinée', '', 'Re: Les Montagnes Minaï', 1375732838, 1433707708, 0, 0, 0, '', 0, 0, 1, 0, 0),
(45, 19, 0, 0, 1, 0, 'Litoreus', 59, 1375732870, 0, 550, 1, 1, 0, 1, 95, 'Destinée', '', 96, 59, 'Destinée', '', 'Re: Litoreus', 1375732890, 1433707778, 0, 0, 0, '', 0, 0, 0, 0, 0),
(46, 20, 0, 0, 1, 0, 'Les Mines de Termorr', 59, 1375732921, 0, 543, 1, 1, 0, 1, 97, 'Destinée', '', 98, 59, 'Destinée', '', 'Re: Les Mines de Termorr', 1375732950, 1433707567, 0, 0, 0, '', 0, 0, 1, 0, 0),
(47, 9, 0, 0, 1, 0, 'Re: Statut du forum : Bêta fermée', 59, 1376930550, 0, 1004, 3, 3, 0, 1, 450, 'Destinée', '', 1065, 56, 'Lord Zanshi', 'CC66FF', 'Re: Re: Statut du forum : Bêta fermée', 1417882899, 1433707983, 0, 0, 0, '', 0, 0, 0, 0, 0),
(48, 22, 0, 0, 1, 0, 'Fonctionnement de cette section', 59, 1375734623, 0, 368, 0, 0, 0, 1, 100, 'Destinée', '', 100, 59, 'Destinée', '', 'Fonctionnement de cette section', 1375734623, 1433707883, 0, 0, 0, '', 0, 0, 1, 0, 0),
(49, 21, 0, 0, 1, 0, 'La Plan Onirique', 59, 1375734768, 0, 336, 1, 1, 0, 1, 101, 'Destinée', '', 102, 59, 'Destinée', '', 'Re: La Plan Onirique', 1375734813, 1433708108, 0, 0, 0, '', 0, 0, 1, 0, 0),
(52, 8, 0, 0, 1, 0, '[ACCEPTEE] Fleur épineuse', 2, 1375796894, 0, 610, 3, 3, 0, 0, 122, 'Yuki Kazuki', 'FFFFFF', 156, 56, 'Lord Zanshi', 'CC66FF', 'Re: [ACCEPTEE] Fleur épineuse', 1375832176, 1431963478, 0, 0, 0, '', 0, 0, 0, 0, 0),
(53, 8, 0, 0, 1, 0, '[OK] Yuki Kazuki, le vagabond en quête de vérité', 2, 1375742650, 0, 707, 9, 9, 0, 0, 109, 'Yuki Kazuki', 'FFFFFF', 976, 73, 'Nozomi Kobayashi', 'CC66FF', 'Re: [ACCEPTE] Yuki Kazuki, le vagabond en quête de vérité', 1409251138, 1434073511, 0, 0, 0, '', 0, 0, 0, 0, 0),
(54, 8, 0, 0, 1, 0, '[ACCEPTEE] Kagurazaka Yami, cyborg sans coeur', 61, 1375745400, 0, 360, 4, 4, 0, 0, 110, 'Kagurazaka Yami', 'FF9900', 226, 56, 'Lord Zanshi', 'CC66FF', 'Re: [ACCEPTEE] Kagurazaka Yami, cyborg sans coeur', 1376055265, 1433786782, 0, 0, 0, '', 0, 0, 0, 0, 0),
(55, 8, 0, 0, 1, 0, '[ACCEPTE] Un noble sanglant...', 55, 1375756845, 0, 271, 2, 2, 0, 0, 112, 'Vincent BlackWood', 'CC66FF', 125, 56, 'Lord Zanshi', 'CC66FF', 'Re: Un noble sanglant...', 1375799136, 1433707598, 0, 0, 0, '', 0, 0, 0, 0, 0),
(56, 8, 0, 0, 1, 0, '[ACCEPTE] Un serial Killer dans l''Empire', 62, 1375769903, 0, 672, 7, 7, 0, 0, 113, 'Enegelis', 'CC66FF', 383, 62, 'Enegelis', 'CC66FF', 'Re: [ACCEPTE] Pandoras... hihihihhahahahohohoh!', 1376499007, 1431717541, 0, 0, 0, '', 0, 0, 0, 0, 0),
(59, 8, 0, 0, 1, 0, '[ACCEPTEE] silver la chasseuse de légende', 56, 1375811080, 0, 308, 2, 2, 0, 0, 130, 'Lord Zanshi', 'CC66FF', 184, 62, 'Enegelis', 'CC66FF', 'Re: [ACCEPTEE] silver la chasseuse de légende', 1375871772, 1431305217, 0, 0, 0, '', 0, 0, 0, 0, 0),
(60, 14, 0, 0, 1, 0, '[Désert : Caverne] Un contrat en plein désert [Corbel]', 2, 1375817346, 0, 1689, 31, 31, 1, 0, 147, 'Yuki Kazuki', 'FFFFFF', 382, 59, 'Destinée', '', 'Fin du RP', 1376490190, 1433707913, 0, 0, 0, '', 0, 0, 1, 0, 0),
(61, 35, 0, 0, 1, 0, '[Salle du trône] Un RP vitrine pour les nuls !', 56, 1375835749, 0, 1299, 21, 21, 1, 2, 157, 'Lord Zanshi', 'CC66FF', 178, 59, 'Destinée', '', 'Fin du RP', 1375845594, 1433708183, 0, 0, 0, '', 0, 0, 0, 0, 0),
(65, 35, 0, 0, 1, 0, 'Le RP pour les noobs', 62, 1375945444, 0, 409, 1, 1, 0, 1, 197, 'Enegelis', 'CC66FF', 203, 56, 'Lord Zanshi', 'CC66FF', 'Re: Le RP pour les noobs', 1375974950, 1433708263, 0, 0, 0, '', 0, 0, 0, 0, 0),
(67, 24, 0, 0, 1, 0, 'L''énergie', 62, 1375961938, 0, 507, 4, 4, 0, 0, 200, 'Enegelis', 'CC66FF', 227, 56, 'Lord Zanshi', 'CC66FF', 'Re: L''énergie', 1376055485, 1433707848, 0, 0, 0, '', 0, 0, 1, 0, 0),
(68, 24, 0, 0, 1, 0, 'Database personnalisé', 62, 1375963519, 0, 625, 5, 5, 0, 0, 201, 'Enegelis', 'CC66FF', 416, 68, 'Edouard Scale', 'FF9900', 'Re: Database personnalisé', 1376739879, 1433708068, 0, 0, 0, '', 0, 0, 1, 0, 0),
(69, 8, 0, 0, 1, 0, '[EX CHEF ECLYPSE] Senna Z. Kuän', 64, 1375982845, 0, 617, 3, 3, 0, 1, 208, 'Senna Kuän', '00CCFF', 237, 56, 'Lord Zanshi', 'CC66FF', 'Re: Senna Z. Kuän', 1376058203, 1433708233, 0, 0, 0, '', 0, 0, 0, 0, 0),
(70, 23, 0, 0, 1, 0, 'Test balises avancées', 2, 1375994461, 0, 488, 3, 3, 0, 0, 210, 'Yuki Kazuki', 'FFFFFF', 246, 59, 'Destinée', '', 'Re: Test balises avancées', 1376062457, 1433708523, 0, 0, 0, '', 0, 0, 0, 0, 0),
(71, 8, 0, 0, 1, 0, '[EX CHEF REVO] Je ne suis pas une déesse ... mais pas loin !', 66, 1375995519, 0, 847, 5, 5, 0, 1, 211, 'Ailiri Jarralt', '00CC66', 238, 2, 'Yuki Kazuki', 'FFFFFF', 'Re: [ACCEPTEE] Je ne suis pas une déesse ... mais pas loin !', 1376058233, 1433707987, 0, 0, 0, '', 0, 0, 0, 0, 0),
(72, 24, 0, 0, 1, 0, 'Infos skills et /me sur la CB', 64, 1376004351, 0, 365, 2, 2, 0, 0, 212, 'Senna Kuän', '00CCFF', 214, 64, 'Senna Kuän', '00CCFF', 'Re: Infos skills et /me sur la CB', 1376012885, 1433708313, 0, 0, 0, '', 0, 0, 0, 0, 0),
(76, 8, 0, 0, 1, 0, '[EX CHEF CONSEIL] Edouard Scale', 68, 1376071560, 0, 629, 2, 2, 0, 1, 251, 'Edouard Scale', 'FF9900', 253, 2, 'Yuki Kazuki', 'FFFFFF', 'Re: Edouard Scale', 1376071976, 1434101225, 0, 0, 0, '', 0, 0, 0, 0, 0),
(77, 35, 0, 0, 1, 0, 'Bestiaire d''Exitium', 55, 1376073379, 0, 631, 2, 2, 0, 0, 257, 'Vincent BlackWood', 'CC66FF', 425, 55, 'Vincent BlackWood', 'CC66FF', 'Re: Bestiaire d''Exitium', 1376832694, 1433707833, 0, 0, 0, '', 0, 0, 1, 0, 0),
(78, 8, 0, 0, 1, 0, '[ACCEPTE] Rex Hunter, l''ombre qui précède la Mort...', 67, 1376145749, 0, 356, 2, 2, 0, 0, 263, 'Rex Hunter', '00CCFF', 270, 2, 'Yuki Kazuki', 'FFFFFF', 'Re: [ACCEPTE] Rex Hunter, l''ombre qui précède la Mort...', 1376152469, 1433707733, 0, 0, 0, '', 0, 0, 0, 0, 0),
(80, 12, 0, 0, 1, 0, '[Grand Place] Message du Suprême au peuple Exitian[publique]', 68, 1376163784, 0, 1898, 43, 43, 0, 0, 272, 'Edouard Scale', 'FF9900', 474, 2, 'Yuki Kazuki', 'FFFFFF', 'Re: [Grand Place] Message du Suprême au peuple Exitian[publi', 1377039362, 1433708303, 0, 0, 0, '', 0, 0, 0, 0, 0),
(81, 21, 0, 0, 1, 0, 'I had a dream', 68, 1376213158, 0, 351, 1, 1, 0, 0, 287, 'Edouard Scale', 'FF9900', 293, 68, 'Edouard Scale', 'FF9900', 'Re: I had a dream', 1376243414, 1433708218, 0, 0, 0, '', 0, 0, 1, 0, 0),
(82, 35, 0, 0, 1, 0, 'Bien démarrer son leveling', 59, 1376241943, 0, 463, 0, 0, 0, 1, 291, 'Destinée', '', 291, 59, 'Destinée', '', 'Bien démarrer son leveling', 1376241943, 1433707953, 0, 0, 0, '', 0, 0, 0, 0, 0),
(83, 21, 0, 0, 1, 0, 'In a Psycho mind...', 55, 1377171050, 0, 530, 2, 2, 0, 0, 491, 'Vincent BlackWood', 'CC66FF', 947, 55, 'Vincent BlackWood', 'CC66FF', 'Re: In a Psycho mind...', 1409090248, 1433708338, 0, 0, 0, '', 0, 0, 0, 0, 0),
(84, 24, 0, 0, 1, 0, 'Des idées de skills ?', 56, 1376258873, 0, 386, 0, 0, 0, 1, 301, 'Lord Zanshi', 'CC66FF', 301, 56, 'Lord Zanshi', 'CC66FF', 'Des idées de skills ?', 1376258873, 1433708483, 0, 0, 0, '', 0, 0, 0, 0, 0),
(86, 24, 0, 0, 1, 0, 'Petite suggestion de personnalisation.', 68, 1376317673, 0, 377, 1, 1, 0, 0, 314, 'Edouard Scale', 'FF9900', 318, 56, 'Lord Zanshi', 'CC66FF', 'Re: Petite suggestion de personnalisation.', 1376323317, 1433708228, 0, 0, 0, '', 0, 0, 1, 0, 0),
(87, 24, 0, 0, 1, 0, 'Des orbes pour tous', 68, 1376326165, 0, 522, 4, 4, 0, 0, 324, 'Edouard Scale', 'FF9900', 331, 68, 'Edouard Scale', 'FF9900', 'Re: Des orbes pour tous', 1376330786, 1433707937, 0, 0, 0, '', 0, 0, 1, 0, 0),
(90, 24, 0, 0, 1, 0, 'Skill double frappe', 61, 1376386315, 0, 645, 6, 6, 0, 0, 343, 'Kagurazaka Yami', 'FF9900', 363, 56, 'Lord Zanshi', 'CC66FF', 'Re: Skill double frappe', 1376413636, 1433708468, 0, 0, 0, '', 0, 0, 1, 0, 0),
(91, 24, 0, 0, 1, 0, 'Pour le soucis des stats', 68, 1376394574, 0, 670, 8, 8, 0, 0, 347, 'Edouard Scale', 'FF9900', 361, 56, 'Lord Zanshi', 'CC66FF', 'Re: Pour le soucis des stats', 1376412715, 1433708018, 0, 0, 0, '', 0, 0, 1, 0, 0),
(92, 8, 0, 0, 1, 0, '[ACCEPTE] Présentation Syrus', 69, 1376440140, 0, 690, 6, 6, 0, 0, 375, 'Syrus', 'FF9900', 392, 69, 'Syrus', 'FF9900', 'Re: [ACCEPTE] Présentation Syrus', 1376590054, 1431022204, 0, 0, 0, '', 0, 0, 0, 0, 0),
(93, 35, 0, 0, 1, 0, 'Distribution de stats RP', 68, 1376476475, 0, 415, 0, 0, 0, 0, 378, 'Edouard Scale', 'FF9900', 378, 68, 'Edouard Scale', 'FF9900', 'Distribution de stats RP', 1376476475, 1433708028, 0, 0, 0, '', 0, 0, 0, 0, 0),
(94, 35, 0, 0, 1, 0, 'Guide sur les skills', 2, 1376484301, 0, 424, 0, 0, 0, 1, 379, 'Yuki Kazuki', 'FFFFFF', 379, 2, 'Yuki Kazuki', 'FFFFFF', 'Guide sur les skills', 1376484301, 1433707877, 0, 0, 0, '', 0, 0, 0, 0, 0),
(97, 12, 0, 0, 1, 0, '[Assemblée] Ascension du Suprême [ Public ]', 68, 1376769081, 0, 384, 0, 0, 0, 0, 417, 'Edouard Scale', 'FF9900', 417, 68, 'Edouard Scale', 'FF9900', '[Assemblée] Ascension du Suprême [ Public ]', 1376769081, 1433708163, 0, 0, 0, '', 0, 0, 1, 0, 0),
(99, 8, 0, 0, 1, 0, '[CHEF EMPIRE] Le Troisième Empereur', 56, 1376786941, 0, 533, 1, 1, 0, 1, 422, 'Lord Zanshi', 'CC66FF', 532, 56, 'Lord Zanshi', 'CC66FF', 'Re: [CHEF EMPIRE] Le Troisième Empereur', 1378073287, 1433708298, 0, 0, 0, '', 0, 0, 0, 0, 0),
(101, 21, 0, 0, 1, 0, 'Pêcher de la chair...', 62, 1377015689, 0, 360, 4, 4, 0, 0, 463, 'Enegelis', 'CC66FF', 534, 62, 'Enegelis', 'CC66FF', 'Re: Pêcher de la chair...', 1378107667, 1433708437, 0, 0, 0, '', 0, 0, 0, 0, 0),
(102, 8, 0, 0, 1, 0, 'Linceul blanc, os noir. L''histoire du Général Brenin Amser.', 72, 1377030087, 0, 524, 4, 4, 0, 0, 472, 'Sir Brenin Amser', '', 931, 73, 'Nozomi Kobayashi', 'CC66FF', 'Re: Linceul blanc, os noir. L''histoire du Général Brenin Ams', 1408875402, 1433708123, 0, 0, 0, '', 0, 0, 0, 0, 0),
(104, 8, 0, 0, 1, 0, '[PNJ''s] Conseil &amp; cie By Scale/Enegelis', 62, 1377167851, 0, 269, 1, 1, 0, 0, 490, 'Enegelis', 'CC66FF', 492, 62, 'Enegelis', 'CC66FF', 'Re: [PNJ''s] Conseil &amp; cie By Scale/Enegelis', 1377179799, 1431787399, 0, 0, 0, '', 0, 0, 1, 0, 0),
(106, 8, 0, 0, 1, 0, '[ACCEPTEE] Il était une fois..', 73, 1377735614, 0, 611, 5, 5, 0, 0, 507, 'Nozomi Kobayashi', 'CC66FF', 516, 73, 'Nozomi Kobayashi', 'CC66FF', 'Re: [ACCEPTEE] Il était une fois.. Nozomi', 1377816851, 1432936033, 0, 0, 0, '', 0, 0, 0, 0, 0),
(107, 7, 0, 0, 1, 0, 'Bibliothèque : Le Flux', 59, 1377895866, 0, 540, 1, 1, 0, 0, 523, 'Destinée', '', 1036, 59, 'Destinée', '', 'Re: Bibliothèque : Le Flux', 1415608317, 1433708487, 0, 0, 0, '', 0, 0, 0, 0, 0),
(108, 21, 0, 0, 1, 0, 'Le paradoxe à un nouveau nom... Zanshi.', 56, 1377904195, 0, 398, 2, 2, 0, 0, 527, 'Lord Zanshi', 'CC66FF', 1023, 56, 'Lord Zanshi', 'CC66FF', 'Re: Le paradoxe à un nouveau nom... Zanshi.', 1415150710, 1433707478, 0, 0, 0, '', 0, 0, 0, 0, 0),
(110, 21, 0, 0, 1, 0, 'On n''efface ni la craie, ni le sang..', 73, 1378075043, 0, 611, 8, 8, 0, 0, 533, 'Nozomi Kobayashi', 'CC66FF', 1012, 73, 'Nozomi Kobayashi', 'CC66FF', 'L''expérience n°72.', 1414935135, 1433707928, 0, 0, 0, '', 0, 0, 0, 0, 0),
(115, 8, 0, 0, 1, 0, '[ACCEPTEE] My ... My ... My ... Myliaaa !!!', 77, 1379597436, 0, 338, 2, 2, 0, 0, 573, 'Mylia Blackwood', '00CC66', 576, 59, 'Destinée', '', 'Re: My ... My ... My ... Myliaaa !!!', 1379624916, 1433707758, 0, 0, 0, '', 0, 0, 0, 0, 0),
(116, 8, 0, 0, 1, 0, '[ACCEPTE] Appelez moi... &quot;Légion&quot;', 71, 1379624108, 0, 436, 5, 5, 0, 0, 574, 'Astaroth', '00CC66', 586, 56, 'Lord Zanshi', 'CC66FF', 'Re: Appelez moi... &quot;Légion&quot;', 1380045150, 1431542622, 0, 0, 0, '', 0, 0, 0, 0, 0),
(118, 26, 0, 0, 1, 0, '[Event officiel] Visitons ces montagnes...', 59, 1380019755, 0, 2217, 55, 55, 0, 0, 583, 'Destinée', '', 684, 55, 'Vincent BlackWood', 'CC66FF', 'Re: [Event officiel] Visitons ces montagnes...', 1385657887, 1433708463, 0, 0, 0, '', 0, 0, 0, 0, 0),
(119, 8, 0, 0, 1, 0, '[ACCEPTE] Sephirius, contrebandier de son état', 78, 1380044816, 0, 556, 7, 7, 0, 0, 585, 'Sephirius', 'FFFFFF', 599, 78, 'Sephirius', 'FFFFFF', 'Re: [ACCEPTE] Sephirius, contrebandier de son état', 1380649610, 1431552598, 0, 0, 0, '', 0, 0, 0, 0, 0),
(122, 37, 0, 0, 1, 0, 'Règlement de la VED', 56, 1380845729, 0, 474, 0, 0, 0, 1, 604, 'Lord Zanshi', 'CC66FF', 604, 56, 'Lord Zanshi', 'CC66FF', 'Règlement de la VED', 1380845729, 1433708333, 0, 0, 0, '', 0, 0, 0, 0, 0),
(125, 23, 0, 0, 1, 0, '[Jeu] Mon Voisin Du Dessus', 68, 1382823419, 0, 745, 16, 16, 0, 0, 638, 'Edouard Scale', 'FF9900', 785, 55, 'Vincent BlackWood', 'CC66FF', 'Re: [Jeu] Mon Voisin Du Dessus', 1398183468, 1433758657, 0, 0, 0, '', 0, 0, 1, 0, 0),
(128, 8, 0, 0, 1, 0, '[ACCEPTE] Jacinto Valantar, Révolutionnaire éperdu', 55, 1385056730, 0, 489, 3, 3, 0, 0, 676, 'Vincent BlackWood', 'CC66FF', 689, 73, 'Nozomi Kobayashi', 'CC66FF', 'Re: [ACCEPTE] Jacinto Valantar, Révolutionnaire éperdu', 1386781896, 1432480439, 0, 0, 0, '', 0, 0, 0, 0, 0),
(130, 8, 0, 0, 1, 0, '[ACCEPTE] Tsukasa Watanabe', 81, 1388596521, 0, 544, 7, 7, 0, 0, 693, 'Tsukasa Watanabe', '00CC66', 700, 56, 'Lord Zanshi', 'CC66FF', 'Re: Tsukasa Watanabe', 1388877346, 1431646056, 0, 0, 0, '', 0, 0, 0, 0, 0),
(131, 8, 0, 0, 1, 0, '[ACCEPTEE] La Candymaniaque aux longues oreilles? C''est MOI!', 75, 1391415372, 0, 525, 5, 5, 0, 0, 704, 'Chupa''Oups', 'FFFFFF', 715, 2, 'Yuki Kazuki', 'FFFFFF', 'Re: [ACCEPTEE] La Candymaniaque aux longues oreilles? C''est ', 1391457884, 1434088943, 0, 0, 0, '', 0, 0, 0, 0, 0),
(132, 29, 0, 0, 1, 0, 'Un petit RP pour une p''tite nouvelle...?', 75, 1391418452, 0, 25, 2, 2, 0, 0, 707, 'Chupa''Oups', 'FFFFFF', 760, 73, 'Nozomi Kobayashi', 'CC66FF', 'Re: Un petit RP pour une p''tite nouvelle...?', 1397399191, 1415201614, 0, 0, 0, '', 0, 0, 1, 0, 0),
(133, 24, 0, 0, 1, 0, 'Réajustement des skills', 2, 1391461557, 0, 316, 0, 0, 0, 0, 717, 'Yuki Kazuki', 'FFFFFF', 717, 2, 'Yuki Kazuki', 'FFFFFF', 'Réajustement des skills', 1391461557, 1433708458, 0, 0, 0, '', 0, 0, 1, 0, 0),
(135, 8, 0, 0, 1, 0, '[ACCEPTE] Veis Eleniel', 83, 1396733231, 0, 490, 5, 5, 0, 0, 733, 'Veis', 'FFFFFF', 739, 73, 'Nozomi Kobayashi', 'CC66FF', 'Re: [ACCEPTE] Veis Eleniel', 1396791157, 1433708012, 0, 0, 0, '', 0, 0, 0, 0, 0),
(136, 7, 0, 0, 1, 0, 'L''univers d''Exitium', 56, 1396733970, 0, 358, 0, 0, 0, 1, 736, 'Lord Zanshi', 'CC66FF', 736, 56, 'Lord Zanshi', 'CC66FF', 'L''univers d''Exitium', 1396733970, 1433707908, 0, 0, 0, '', 0, 0, 0, 0, 0),
(137, 8, 0, 0, 1, 0, '[CHEF REVO] Un ange sur Terre....', 84, 1397239778, 0, 619, 7, 7, 0, 1, 742, 'Angelina Wyn', '00CC66', 759, 73, 'Nozomi Kobayashi', 'CC66FF', 'Re: [CHEF REVO] Un ange sur Terre....', 1397399005, 1433707903, 0, 0, 0, '', 0, 0, 0, 0, 0),
(138, 22, 0, 0, 1, 0, '[hidelsteinn]Ne pas juger...[Vincent,Zanshi, Veis]', 83, 1397311609, 0, 1019, 21, 21, 0, 0, 749, 'Veis', 'FFFFFF', 790, 56, 'Lord Zanshi', 'CC66FF', 'Re: [hidelsteinn]Ne pas juger...[Vincent,Zanshi, Veis]', 1398549935, 1433708413, 0, 0, 0, '', 0, 0, 0, 0, 0),
(139, 29, 0, 0, 1, 0, 'RP pour la Nouvelle Dirigeante !', 84, 1397317832, 0, 10, 0, 0, 0, 0, 751, 'Angelina Wyn', '00CC66', 751, 84, 'Angelina Wyn', '00CC66', 'RP pour la Nouvelle Dirigeante !', 1397317832, 1415969393, 0, 0, 0, '', 0, 0, 1, 0, 0),
(140, 23, 0, 0, 1, 0, 'Chibi-Exitium', 55, 1397333567, 0, 465, 9, 9, 0, 0, 754, 'Vincent BlackWood', 'CC66FF', 767, 73, 'Nozomi Kobayashi', 'CC66FF', 'Re: Chibi-Exitium', 1397415662, 1433708433, 0, 0, 0, '', 0, 0, 0, 0, 0),
(141, 23, 0, 0, 1, 0, 'Contrat d''Intégration de l''Armée Impérial d''Exitium (CIAIE)', 55, 1397946427, 0, 297, 1, 1, 0, 0, 782, 'Vincent BlackWood', 'CC66FF', 793, 55, 'Vincent BlackWood', 'CC66FF', 'Re: Contrat d''Intégration de l''Armée Impérial d''Exitium (CIA', 1398609556, 1433708388, 0, 0, 0, '', 0, 0, 0, 0, 0),
(142, 24, 0, 0, 1, 0, 'Faire de la pub pour Exitium', 56, 1399636552, 0, 349, 1, 1, 0, 0, 794, 'Lord Zanshi', 'CC66FF', 795, 2, 'Yuki Kazuki', 'FFFFFF', 'Re: Faire de la pub pour Exitium', 1399834933, 1433840888, 0, 0, 0, '', 0, 0, 1, 0, 0),
(143, 29, 0, 0, 1, 0, 'Event N.O 01', 56, 1399889155, 0, 43, 7, 7, 0, 0, 796, 'Lord Zanshi', 'CC66FF', 805, 56, 'Lord Zanshi', 'CC66FF', 'Re: Event N.O 01', 1402157206, 1418070998, 0, 0, 0, '', 0, 0, 1, 0, 0),
(144, 12, 0, 0, 1, 0, '[Event N.O] Pour l''audimat !', 59, 1402155001, 0, 2658, 72, 72, 0, 0, 803, 'Destinée', '', 1089, 59, 'Destinée', '', 'Re: [Event N.O] Pour l''audimat !', 1420661923, 1433708568, 0, 0, 0, '', 0, 0, 1, 0, 0),
(145, 8, 0, 0, 1, 0, '[ACCEPTE] L''enfant des flammes', 70, 1402254427, 0, 674, 9, 9, 0, 0, 813, 'Kuriel Teine', 'FFFFFF', 826, 64, 'Senna Kuän', '00CCFF', 'Re: L''enfant des flammes', 1402590515, 1433708428, 0, 0, 0, '', 0, 0, 0, 0, 0),
(146, 29, 0, 0, 1, 0, 'Un rp ? Deux rp ? Trois rp ? Bon d''accord, un seul...', 70, 1403911127, 0, 16, 1, 1, 0, 0, 836, 'Kuriel Teine', 'FFFFFF', 837, 73, 'Nozomi Kobayashi', 'CC66FF', 'Re: Un rp ? Deux rp ? Trois rp ? Bon d''accord, un seul...', 1403946002, 1415201660, 0, 0, 0, '', 0, 0, 1, 0, 0),
(147, 36, 0, 0, 1, 0, 'Vacances vacances~', 73, 1404312225, 0, 248, 2, 2, 0, 0, 842, 'Nozomi Kobayashi', 'CC66FF', 849, 73, 'Nozomi Kobayashi', 'CC66FF', 'Re: Vacances vacances~', 1405362626, 1433708477, 0, 0, 0, '', 0, 0, 1, 0, 0),
(148, 36, 0, 0, 1, 0, 'Le général s''en va au GN', 55, 1405454766, 0, 349, 1, 1, 0, 0, 852, 'Vincent BlackWood', 'CC66FF', 856, 84, 'Angelina Wyn', '00CC66', 'Re: Le général s''en va au GN', 1405941702, 1433708363, 0, 0, 0, '', 0, 0, 0, 0, 0),
(149, 8, 0, 1, 1, 0, '[ACCEPTE] Seranor Briseroc', 86, 1407446904, 0, 348, 4, 4, 0, 0, 865, 'Seranor', 'FFFFFF', 882, 2, 'Yuki Kazuki', 'FFFFFF', 'Re: [ACCEPTE] Seranor Briseroc', 1407715926, 1433707948, 0, 0, 0, '', 0, 0, 0, 0, 0),
(150, 8, 0, 1, 1, 0, 'Atton Rand.', 88, 1407448708, 0, 255, 1, 1, 0, 0, 869, 'Atton-Rand', '', 881, 2, 'Yuki Kazuki', 'FFFFFF', 'Re: Atton Rand.', 1407715863, 1433708248, 0, 0, 0, '', 0, 0, 0, 0, 0),
(151, 8, 0, 0, 1, 0, '[ACCEPTE] Arthya Narukami', 89, 1407456921, 0, 313, 3, 3, 0, 0, 870, 'Arthya', 'FFFFFF', 880, 89, 'Arthya', 'FFFFFF', 'Re: [ACCEPTE] Arthya Narukami', 1407674247, 1433708508, 0, 0, 0, '', 0, 0, 0, 0, 0),
(152, 8, 0, 0, 1, 0, '[ACCEPTE] Noktho Al''neil', 87, 1407457680, 0, 425, 6, 6, 0, 0, 871, 'Noktho', 'CC66FF', 879, 87, 'Noktho', 'CC66FF', 'Re: [ACCEPTE] Noktho Al''neil', 1407672381, 1433708118, 0, 0, 0, '', 0, 0, 0, 0, 0),
(154, 8, 0, 0, 1, 0, '[OK] Laurent Walder, Mage de Feu', 90, 1408391165, 0, 747, 19, 19, 0, 0, 886, 'Laurent Walder', 'CC66FF', 912, 84, 'Angelina Wyn', '00CC66', 'Re: Laurent Walder, Mage de Feu', 1408621499, 1433708158, 0, 0, 0, '', 0, 0, 0, 0, 0),
(155, 8, 0, 0, 1, 0, '[OK] La marche du démon..', 91, 1408576715, 0, 857, 15, 15, 0, 0, 910, 'Sven Ewon', 'CC66FF', 978, 91, 'Sven Ewon', 'CC66FF', 'Re: [ACCEPTE] La marche du démon..', 1409251474, 1433708103, 0, 0, 0, '', 0, 0, 0, 0, 0),
(156, 29, 0, 0, 1, 0, 'Viens jouer avec moi !', 90, 1408623795, 0, 30, 2, 2, 0, 0, 914, 'Laurent Walder', 'CC66FF', 928, 90, 'Laurent Walder', 'CC66FF', 'Re: Viens jouer avec moi !', 1408700915, 1416171275, 0, 0, 0, '', 0, 0, 1, 0, 0),
(157, 11, 0, 0, 1, 0, '[Hall]Parce qu''il fallait bien se croiser.', 73, 1409080028, 0, 1275, 47, 47, 1, 0, 936, 'Nozomi Kobayashi', 'CC66FF', 1042, 59, 'Destinée', '', 'Fin du RP', 1415916821, 1433708527, 0, 0, 0, '', 0, 0, 1, 0, 0),
(158, 25, 0, 0, 1, 0, 'Astue - Forum RP Fantastique', 90, 1411239622, 0, 252, 0, 0, 0, 0, 994, 'Laurent Walder', 'CC66FF', 994, 90, 'Laurent Walder', 'CC66FF', 'Astue - Forum RP Fantastique', 1411239622, 1433708318, 0, 0, 0, '', 0, 0, 0, 0, 0),
(159, 0, 0, 0, 1, 0, 'Remaniement du staff', 56, 1414170632, 0, 2229, 1, 1, 0, 3, 999, 'Lord Zanshi', 'CC66FF', 1001, 56, 'Lord Zanshi', 'CC66FF', 'Re: Remaniement du staff', 1414709934, 1433708687, 0, 0, 0, '', 0, 0, 0, 0, 0),
(160, 8, 0, 0, 1, 0, '[OK] Petra Von Wincklesen', 92, 1414706697, 0, 252, 3, 3, 0, 0, 1000, 'Petra Von Wincklesen', 'CC66FF', 1040, 55, 'Vincent BlackWood', 'CC66FF', 'Re: [OK] Petra Von Wincklesen', 1415915558, 1434101219, 0, 0, 0, '', 0, 0, 0, 0, 0),
(161, 11, 0, 0, 1, 0, '[Balcon de guet] Toi, tu seras mon bras droit (Petra)', 56, 1414809406, 0, 620, 21, 21, 1, 0, 1005, 'Lord Zanshi', 'CC66FF', 1034, 59, 'Destinée', '', 'Fin du RP', 1415377822, 1434135845, 0, 0, 0, '', 0, 0, 1, 0, 0),
(162, 8, 0, 0, 1, 0, '[OK] Zack, le fils de la liberté', 93, 1415203860, 0, 281, 3, 3, 0, 0, 1025, 'Zack Somnium', '00CC66', 1067, 84, 'Angelina Wyn', '00CC66', 'Re: [OK] Zack, le fils de la liberté', 1418027845, 1433708423, 0, 0, 0, '', 0, 0, 0, 0, 0),
(163, 8, 0, 0, 1, 0, '[OK] Le monstre des landes...', 94, 1415905212, 0, 521, 9, 9, 0, 0, 1037, 'Eiichiro', '00CC66', 1074, 84, 'Angelina Wyn', '00CC66', 'Re: [OK] Le monstre des landes...', 1418241447, 1434141948, 0, 0, 0, '', 0, 0, 0, 0, 0),
(164, 0, 0, 0, 1, 0, 'Suivi des ajouts et modifications', 56, 1416056576, 0, 2017, 0, 0, 0, 3, 1046, 'Lord Zanshi', 'CC66FF', 1046, 56, 'Lord Zanshi', 'CC66FF', 'Suivi des ajouts et modifications', 1416056576, 1434113780, 0, 0, 0, '', 0, 0, 0, 0, 0),
(166, 23, 0, 0, 1, 0, 'Strips Exitium', 56, 1416309065, 0, 340, 6, 6, 0, 0, 1052, 'Lord Zanshi', 'CC66FF', 1071, 91, 'Sven Ewon', 'CC66FF', 'Re: Strips Exitium', 1418070104, 1434086710, 0, 0, 0, '', 0, 0, 0, 0, 0),
(167, 11, 0, 0, 1, 0, '[Salle à manger] Rencontre autour d''un dîner [Petra]', 55, 1416834284, 0, 296, 5, 5, 0, 0, 1057, 'Vincent BlackWood', 'CC66FF', 1079, 92, 'Petra Von Wincklesen', 'CC66FF', 'Re: [Salle à manger] Rencontre autour d''un dîner [Petra]', 1418477128, 1433708613, 0, 0, 0, '', 0, 0, 1, 0, 0),
(168, 11, 0, 0, 1, 0, '[Cuisine] Les enfants de la nuit', 73, 1427737177, 0, 262, 23, 23, 0, 0, 1090, 'Nozomi Kobayashi', 'CC66FF', 1125, 91, 'Sven Ewon', 'CC66FF', 'Re: [Cuisine] Les enfants de la nuit', 1430757643, 1434019167, 0, 0, 0, '', 0, 0, 1, 0, 0),
(169, 0, 0, 0, 1, 0, 'Le roman Exitium', 56, 1429401825, 0, 2562, 18, 18, 0, 3, 1112, 'Lord Zanshi', 'CC66FF', 1132, 92, 'Petra Von Wincklesen', 'CC66FF', 'Re: Le roman Exitium', 1433059339, 1434140835, 0, 0, 0, '', 0, 0, 0, 0, 0);

--
-- Contenu de la table `phpbb_topics_posted`
--

INSERT IGNORE INTO `phpbb_topics_posted` (`user_id`, `topic_id`, `topic_posted`) VALUES
(2, 1, 1),
(59, 26, 1),
(59, 27, 1),
(59, 41, 1),
(59, 36, 1),
(59, 45, 1),
(59, 35, 1),
(59, 34, 1),
(59, 40, 1),
(59, 33, 1),
(59, 39, 1),
(59, 32, 1),
(59, 44, 1),
(59, 43, 1),
(59, 28, 1),
(59, 38, 1),
(55, 167, 1),
(59, 47, 1),
(59, 42, 1),
(59, 46, 1),
(59, 37, 1),
(62, 60, 1),
(59, 29, 1),
(59, 48, 1),
(59, 49, 1),
(55, 55, 1),
(56, 151, 1),
(56, 152, 1),
(55, 152, 1),
(92, 166, 1),
(2, 53, 1),
(61, 54, 1),
(87, 152, 1),
(55, 163, 1),
(89, 151, 1),
(56, 154, 1),
(2, 163, 1),
(2, 54, 1),
(2, 154, 1),
(2, 55, 1),
(56, 166, 1),
(56, 54, 1),
(55, 162, 1),
(56, 55, 1),
(55, 160, 1),
(88, 150, 1),
(56, 163, 1),
(94, 163, 1),
(56, 53, 1),
(2, 60, 1),
(69, 92, 1),
(2, 142, 1),
(68, 76, 1),
(66, 71, 1),
(56, 61, 1),
(55, 61, 1),
(2, 61, 1),
(59, 61, 1),
(55, 141, 1),
(55, 155, 1),
(56, 138, 1),
(73, 140, 1),
(73, 132, 1),
(62, 65, 1),
(55, 149, 1),
(56, 149, 1),
(62, 67, 1),
(62, 68, 1),
(86, 149, 1),
(56, 65, 1),
(56, 67, 1),
(56, 68, 1),
(64, 69, 1),
(2, 67, 1),
(2, 70, 1),
(62, 92, 1),
(64, 72, 1),
(56, 72, 1),
(64, 68, 1),
(73, 137, 1),
(83, 140, 1),
(62, 59, 1),
(62, 71, 1),
(62, 56, 1),
(2, 69, 1),
(56, 69, 1),
(70, 154, 1),
(59, 70, 1),
(59, 60, 1),
(55, 154, 1),
(61, 92, 1),
(56, 92, 1),
(56, 76, 1),
(73, 102, 1),
(73, 154, 1),
(55, 77, 1),
(67, 78, 1),
(56, 78, 1),
(56, 71, 1),
(56, 56, 1),
(90, 154, 1),
(2, 78, 1),
(68, 80, 1),
(55, 80, 1),
(56, 80, 1),
(61, 80, 1),
(2, 80, 1),
(68, 81, 1),
(59, 82, 1),
(55, 83, 1),
(56, 84, 1),
(84, 154, 1),
(2, 149, 1),
(2, 150, 1),
(68, 86, 1),
(56, 86, 1),
(68, 87, 1),
(56, 87, 1),
(90, 156, 1),
(92, 167, 1),
(2, 162, 1),
(56, 52, 1),
(61, 90, 1),
(56, 90, 1),
(68, 91, 1),
(2, 90, 1),
(2, 91, 1),
(64, 91, 1),
(56, 91, 1),
(68, 90, 1),
(59, 80, 1),
(55, 92, 1),
(68, 93, 1),
(2, 94, 1),
(55, 56, 1),
(56, 59, 1),
(56, 156, 1),
(2, 76, 1),
(2, 71, 1),
(73, 53, 1),
(91, 53, 1),
(84, 155, 1),
(62, 101, 1),
(68, 68, 1),
(68, 97, 1),
(64, 145, 1),
(55, 145, 1),
(84, 144, 1),
(84, 145, 1),
(56, 99, 1),
(73, 110, 1),
(73, 145, 1),
(91, 157, 1),
(2, 145, 1),
(73, 157, 1),
(2, 56, 1),
(70, 145, 1),
(72, 102, 1),
(73, 147, 1),
(73, 146, 1),
(2, 155, 1),
(70, 146, 1),
(62, 104, 1),
(73, 106, 1),
(56, 106, 1),
(62, 106, 1),
(55, 106, 1),
(2, 106, 1),
(59, 107, 1),
(56, 108, 1),
(56, 34, 1),
(73, 155, 1),
(91, 155, 1),
(61, 118, 1),
(71, 118, 1),
(56, 102, 1),
(77, 118, 1),
(55, 118, 1),
(56, 140, 1),
(84, 125, 1),
(84, 140, 1),
(55, 140, 1),
(77, 115, 1),
(71, 116, 1),
(55, 115, 1),
(59, 115, 1),
(77, 116, 1),
(55, 116, 1),
(2, 116, 1),
(73, 116, 1),
(84, 148, 1),
(59, 118, 1),
(78, 119, 1),
(56, 116, 1),
(55, 119, 1),
(56, 119, 1),
(2, 119, 1),
(77, 119, 1),
(55, 148, 1),
(73, 152, 1),
(84, 147, 1),
(84, 151, 1),
(84, 152, 1),
(73, 144, 1),
(56, 155, 1),
(56, 122, 1),
(56, 143, 1),
(2, 144, 1),
(56, 118, 1),
(64, 118, 1),
(68, 118, 1),
(78, 118, 1),
(2, 118, 1),
(84, 132, 1),
(84, 139, 1),
(68, 125, 1),
(55, 138, 1),
(83, 138, 1),
(55, 144, 1),
(2, 52, 1),
(64, 144, 1),
(85, 144, 1),
(59, 161, 1),
(73, 128, 1),
(56, 128, 1),
(55, 128, 1),
(59, 144, 1),
(84, 143, 1),
(2, 128, 1),
(56, 164, 1),
(81, 130, 1),
(73, 130, 1),
(55, 130, 1),
(56, 130, 1),
(56, 47, 1),
(56, 142, 1),
(73, 168, 1),
(75, 131, 1),
(75, 125, 1),
(73, 143, 1),
(75, 132, 1),
(56, 125, 1),
(56, 131, 1),
(55, 131, 1),
(73, 131, 1),
(73, 125, 1),
(2, 131, 1),
(2, 125, 1),
(2, 133, 1),
(55, 125, 1),
(64, 143, 1),
(2, 143, 1),
(55, 143, 1),
(83, 135, 1),
(55, 135, 1),
(56, 135, 1),
(56, 136, 1),
(2, 135, 1),
(73, 135, 1),
(84, 137, 1),
(83, 137, 1),
(56, 137, 1),
(55, 137, 1),
(2, 137, 1),
(55, 157, 1),
(56, 144, 1),
(90, 158, 1),
(59, 157, 1),
(56, 159, 1),
(92, 160, 1),
(56, 160, 1),
(2, 160, 1),
(56, 161, 1),
(92, 161, 1),
(93, 162, 1),
(84, 162, 1),
(84, 163, 1),
(84, 166, 1),
(91, 166, 1),
(91, 168, 1),
(56, 169, 1),
(73, 169, 1),
(84, 169, 1),
(91, 169, 1),
(55, 169, 1),
(92, 169, 1);

--
-- Contenu de la table `phpbb_users`
--

INSERT IGNORE INTO `phpbb_users` (`user_id`, `user_type`, `group_id`, `user_permissions`, `user_perm_from`, `user_ip`, `user_regdate`, `username`, `username_clean`, `user_password`, `user_passchg`, `user_pass_convert`, `user_email`, `user_email_hash`, `user_birthday`, `user_lastvisit`, `user_lastmark`, `user_lastpost_time`, `user_lastpage`, `user_last_confirm_key`, `user_last_search`, `user_warnings`, `user_last_warning`, `user_login_attempts`, `user_inactive_reason`, `user_inactive_time`, `user_posts`, `user_lang`, `user_timezone`, `user_dst`, `user_dateformat`, `user_style`, `user_rank`, `user_colour`, `user_new_privmsg`, `user_unread_privmsg`, `user_last_privmsg`, `user_message_rules`, `user_full_folder`, `user_emailtime`, `user_topic_show_days`, `user_topic_sortby_type`, `user_topic_sortby_dir`, `user_post_show_days`, `user_post_sortby_type`, `user_post_sortby_dir`, `user_notify`, `user_notify_pm`, `user_notify_type`, `user_allow_pm`, `user_allow_viewonline`, `user_allow_viewemail`, `user_allow_massemail`, `user_options`, `user_avatar`, `user_avatar_type`, `user_avatar_width`, `user_avatar_height`, `user_sig`, `user_sig_bbcode_uid`, `user_sig_bbcode_bitfield`, `user_from`, `user_icq`, `user_aim`, `user_yim`, `user_msnm`, `user_jabber`, `user_website`, `user_occ`, `user_interests`, `user_actkey`, `user_newpasswd`, `user_form_salt`, `user_new`, `user_reminded`, `user_reminded_time`, `user_mchat_index`, `user_mchat_sound`, `user_mchat_stats_index`, `user_mchat_topics`, `user_mchat_avatars`) VALUES
(1, 2, 1, '00000000003k00035s000000\n\n\ni1cjyo000000\ni1cjyo000000\ni1cjyo000000\ni1cjyo000000\ni1cjyo000000\ni1cjyo000000\ni1cjyo000000\ni1cjyo000000\ni1cjyo000000\ni1cjyo000000\ni1cjyo000000\ni1cjyo000000\ni1cjyo000000\ni1cjyo000000\ni1cjyo000000\n\ni1cjyo000000\ni1cjyo000000\ni1cjyo000000\ni1cjyo000000\ni1cjyo000000\ni1cjyo000000\ni1cjyo000000\ni1cjyo000000\ni1cjyo000000\ni1cjyo000000\n\n\n\n\n\n\ni1cjyo000000\ni1cjyo000000\ni1cjyo000000', 0, '', 1365960936, 'Anonymous', 'anonymous', '', 0, 0, '', 0, '', 0, 0, 0, '', '1DFRDUPJK7', 0, 0, 0, 0, 0, 0, 0, 'en', '0.00', 0, 'd M Y H:i', 3, 0, '', 0, 0, 0, 0, -3, 0, 0, 't', 'd', 0, 't', 'a', 0, 1, 0, 1, 1, 1, 0, 230271, '', 0, 0, 0, '', '', '', '', '', '', '', '', '', '', '', '', '', '', '230c3eb34270d0dc', 1, 0, 0, 1, 1, 1, 1, 1),
(2, 3, 12, 'zik0zjzik0zjzik0zjyelngg\n\n\nzik0zi000000\nzik0zi000000\nzik0zi000000\nzik0zi000000\nzik0zi000000\nzik0zi000000\nzik0zi000000\nzik0zi000000\nzik0zi000000\nzik0zi000000\nzik0zi000000\nzik0zi000000\nzik0zi000000\nzik0zi000000\nzik0zi000000\n\nzik0zi000000\nzik0zi000000\nzik0zi000000\nzik0zi000000\nzik0zi000000\nzik0zi000000\nzik0zi000000\nzik0zi000000\nzik0zi000000\nzik0zi000000\nzik0zi000000\n\n\n\n\n\nzik0zi000000\nzik0zi000000\nzik0zi000000', 0, '46.193.128.197', 1365960936, 'Yuki Kazuki', 'yuki kazuki', '$H$9ZlcPEJaHs0qMkU7LtRhdMDpjs922A0', 0, 0, 'renaud.lefrancoise@gmail.com', 340793500928, '26-10-1990', 1434058419, 0, 1418598476, 'chat/index.php?ajax=true&lastID=77466', '', 1431981023, 0, 0, 0, 0, 0, 85, 'fr', '1.00', 0, 'd M Y, H:i', 3, 25, 'FFFFFF', 2, 2, 1433027531, 0, -3, 0, 0, 't', 'd', 0, 't', 'a', 0, 1, 0, 1, 1, 0, 0, 230271, '2_1371679954.png', 1, 200, 300, '', '', '', 'Quelque part sur la route', '', '', '', '', '', '', '', '', '', '', '88a38959b3b3d623', 0, 0, 0, 1, 1, 1, 1, 1),
(3, 2, 6, '', 0, '', 1365960940, 'AdsBot [Google]', 'adsbot [google]', '', 1365960940, 0, '', 0, '', 0, 1365960940, 0, '', '', 0, 0, 0, 0, 0, 0, 0, 'en', '0.00', 0, 'D M d, Y g:i a', 3, 0, '9E8DA7', 0, 0, 0, 0, -3, 0, 0, 't', 'd', 0, 't', 'a', 0, 1, 0, 1, 1, 1, 0, 230271, '', 0, 0, 0, '', '', '', '', '', '', '', '', '', '', '', '', '', '', 'add8fa342a9d92da', 0, 0, 0, 1, 1, 1, 1, 1),
(4, 2, 6, '', 0, '', 1365960940, 'Alexa [Bot]', 'alexa [bot]', '', 1365960940, 0, '', 0, '', 0, 1365960940, 0, '', '', 0, 0, 0, 0, 0, 0, 0, 'en', '0.00', 0, 'D M d, Y g:i a', 3, 0, '9E8DA7', 0, 0, 0, 0, -3, 0, 0, 't', 'd', 0, 't', 'a', 0, 1, 0, 1, 1, 1, 0, 230271, '', 0, 0, 0, '', '', '', '', '', '', '', '', '', '', '', '', '', '', '779819677c31ced5', 0, 0, 0, 1, 1, 1, 1, 1),
(5, 2, 6, '', 0, '', 1365960940, 'Alta Vista [Bot]', 'alta vista [bot]', '', 1365960940, 0, '', 0, '', 0, 1365960940, 0, '', '', 0, 0, 0, 0, 0, 0, 0, 'en', '0.00', 0, 'D M d, Y g:i a', 3, 0, '9E8DA7', 0, 0, 0, 0, -3, 0, 0, 't', 'd', 0, 't', 'a', 0, 1, 0, 1, 1, 1, 0, 230271, '', 0, 0, 0, '', '', '', '', '', '', '', '', '', '', '', '', '', '', '06ebf0bf7aa353b7', 0, 0, 0, 1, 1, 1, 1, 1),
(6, 2, 6, '', 0, '', 1365960940, 'Ask Jeeves [Bot]', 'ask jeeves [bot]', '', 1365960940, 0, '', 0, '', 0, 1365960940, 0, '', '', 0, 0, 0, 0, 0, 0, 0, 'en', '0.00', 0, 'D M d, Y g:i a', 3, 0, '9E8DA7', 0, 0, 0, 0, -3, 0, 0, 't', 'd', 0, 't', 'a', 0, 1, 0, 1, 1, 1, 0, 230271, '', 0, 0, 0, '', '', '', '', '', '', '', '', '', '', '', '', '', '', '518a0c455170c703', 0, 0, 0, 1, 1, 1, 1, 1),
(7, 2, 6, '', 0, '', 1365960940, 'Baidu [Spider]', 'baidu [spider]', '', 1365960940, 0, '', 0, '', 0, 1365960940, 0, '', '', 0, 0, 0, 0, 0, 0, 0, 'en', '0.00', 0, 'D M d, Y g:i a', 3, 0, '9E8DA7', 0, 0, 0, 0, -3, 0, 0, 't', 'd', 0, 't', 'a', 0, 1, 0, 1, 1, 1, 0, 230271, '', 0, 0, 0, '', '', '', '', '', '', '', '', '', '', '', '', '', '', '4726c39164692261', 0, 0, 0, 1, 1, 1, 1, 1),
(8, 2, 6, '', 0, '', 1365960940, 'Bing [Bot]', 'bing [bot]', '', 1365960940, 0, '', 0, '', 1434062191, 1365960940, 0, 'index.php', '', 0, 0, 0, 0, 0, 0, 0, 'en', '0.00', 0, 'D M d, Y g:i a', 3, 0, '9E8DA7', 0, 0, 0, 0, -3, 0, 0, 't', 'd', 0, 't', 'a', 0, 1, 0, 1, 1, 1, 0, 230271, '', 0, 0, 0, '', '', '', '', '', '', '', '', '', '', '', '', '', '', '928da9844f13c56b', 0, 0, 0, 1, 1, 1, 1, 1),
(9, 2, 6, '', 0, '', 1365960940, 'Exabot [Bot]', 'exabot [bot]', '', 1365960940, 0, '', 0, '', 1434101277, 1365960940, 0, 'index.php', '', 0, 0, 0, 0, 0, 0, 0, 'en', '0.00', 0, 'D M d, Y g:i a', 3, 0, '9E8DA7', 0, 0, 0, 0, -3, 0, 0, 't', 'd', 0, 't', 'a', 0, 1, 0, 1, 1, 1, 0, 230271, '', 0, 0, 0, '', '', '', '', '', '', '', '', '', '', '', '', '', '', 'aaa0e675e20ea4ff', 0, 0, 0, 1, 1, 1, 1, 1),
(10, 2, 6, '', 0, '', 1365960940, 'FAST Enterprise [Crawler]', 'fast enterprise [crawler]', '', 1365960940, 0, '', 0, '', 0, 1365960940, 0, '', '', 0, 0, 0, 0, 0, 0, 0, 'en', '0.00', 0, 'D M d, Y g:i a', 3, 0, '9E8DA7', 0, 0, 0, 0, -3, 0, 0, 't', 'd', 0, 't', 'a', 0, 1, 0, 1, 1, 1, 0, 230271, '', 0, 0, 0, '', '', '', '', '', '', '', '', '', '', '', '', '', '', '0482124084a8922d', 0, 0, 0, 1, 1, 1, 1, 1),
(11, 2, 6, '', 0, '', 1365960940, 'FAST WebCrawler [Crawler]', 'fast webcrawler [crawler]', '', 1365960940, 0, '', 0, '', 0, 1365960940, 0, '', '', 0, 0, 0, 0, 0, 0, 0, 'en', '0.00', 0, 'D M d, Y g:i a', 3, 0, '9E8DA7', 0, 0, 0, 0, -3, 0, 0, 't', 'd', 0, 't', 'a', 0, 1, 0, 1, 1, 1, 0, 230271, '', 0, 0, 0, '', '', '', '', '', '', '', '', '', '', '', '', '', '', '986e295b14395b3a', 0, 0, 0, 1, 1, 1, 1, 1),
(12, 2, 6, '', 0, '', 1365960940, 'Francis [Bot]', 'francis [bot]', '', 1365960940, 0, '', 0, '', 0, 1365960940, 0, '', '', 0, 0, 0, 0, 0, 0, 0, 'en', '0.00', 0, 'D M d, Y g:i a', 3, 0, '9E8DA7', 0, 0, 0, 0, -3, 0, 0, 't', 'd', 0, 't', 'a', 0, 1, 0, 1, 1, 1, 0, 230271, '', 0, 0, 0, '', '', '', '', '', '', '', '', '', '', '', '', '', '', 'b2ec2f7a4c936810', 0, 0, 0, 1, 1, 1, 1, 1),
(13, 2, 6, '', 0, '', 1365960940, 'Gigabot [Bot]', 'gigabot [bot]', '', 1365960940, 0, '', 0, '', 0, 1365960940, 0, '', '', 0, 0, 0, 0, 0, 0, 0, 'en', '0.00', 0, 'D M d, Y g:i a', 3, 0, '9E8DA7', 0, 0, 0, 0, -3, 0, 0, 't', 'd', 0, 't', 'a', 0, 1, 0, 1, 1, 1, 0, 230271, '', 0, 0, 0, '', '', '', '', '', '', '', '', '', '', '', '', '', '', 'fe4d209e314798fc', 0, 0, 0, 1, 1, 1, 1, 1),
(14, 2, 6, '', 0, '', 1365960940, 'Google Adsense [Bot]', 'google adsense [bot]', '', 1365960940, 0, '', 0, '', 0, 1365960940, 0, '', '', 0, 0, 0, 0, 0, 0, 0, 'en', '0.00', 0, 'D M d, Y g:i a', 3, 0, '9E8DA7', 0, 0, 0, 0, -3, 0, 0, 't', 'd', 0, 't', 'a', 0, 1, 0, 1, 1, 1, 0, 230271, '', 0, 0, 0, '', '', '', '', '', '', '', '', '', '', '', '', '', '', '143658c77d383fed', 0, 0, 0, 1, 1, 1, 1, 1),
(15, 2, 6, '', 0, '', 1365960940, 'Google Desktop', 'google desktop', '', 1365960940, 0, '', 0, '', 0, 1365960940, 0, '', '', 0, 0, 0, 0, 0, 0, 0, 'en', '0.00', 0, 'D M d, Y g:i a', 3, 0, '9E8DA7', 0, 0, 0, 0, -3, 0, 0, 't', 'd', 0, 't', 'a', 0, 1, 0, 1, 1, 1, 0, 230271, '', 0, 0, 0, '', '', '', '', '', '', '', '', '', '', '', '', '', '', 'c942697ff818e88a', 0, 0, 0, 1, 1, 1, 1, 1),
(16, 2, 6, '', 0, '', 1365960940, 'Google Feedfetcher', 'google feedfetcher', '', 1365960940, 0, '', 0, '', 0, 1365960940, 0, '', '', 0, 0, 0, 0, 0, 0, 0, 'en', '0.00', 0, 'D M d, Y g:i a', 3, 0, '9E8DA7', 0, 0, 0, 0, -3, 0, 0, 't', 'd', 0, 't', 'a', 0, 1, 0, 1, 1, 1, 0, 230271, '', 0, 0, 0, '', '', '', '', '', '', '', '', '', '', '', '', '', '', '178bcfdc0c532064', 0, 0, 0, 1, 1, 1, 1, 1),
(17, 2, 6, '', 0, '', 1365960940, 'Google [Bot]', 'google [bot]', '', 1365960940, 0, '', 0, '', 1434134302, 1365960940, 0, 'chat/index.php?lang=hr', '', 0, 0, 0, 0, 0, 0, 0, 'en', '0.00', 0, 'D M d, Y g:i a', 3, 0, '9E8DA7', 0, 0, 0, 0, -3, 0, 0, 't', 'd', 0, 't', 'a', 0, 1, 0, 1, 1, 1, 0, 230271, '', 0, 0, 0, '', '', '', '', '', '', '', '', '', '', '', '', '', '', '9ff18293b4c7a574', 0, 0, 0, 1, 1, 1, 1, 1),
(18, 2, 6, '', 0, '', 1365960940, 'Heise IT-Markt [Crawler]', 'heise it-markt [crawler]', '', 1365960940, 0, '', 0, '', 0, 1365960940, 0, '', '', 0, 0, 0, 0, 0, 0, 0, 'en', '0.00', 0, 'D M d, Y g:i a', 3, 0, '9E8DA7', 0, 0, 0, 0, -3, 0, 0, 't', 'd', 0, 't', 'a', 0, 1, 0, 1, 1, 1, 0, 230271, '', 0, 0, 0, '', '', '', '', '', '', '', '', '', '', '', '', '', '', '378d1cd86809f617', 0, 0, 0, 1, 1, 1, 1, 1),
(19, 2, 6, '', 0, '', 1365960940, 'Heritrix [Crawler]', 'heritrix [crawler]', '', 1365960940, 0, '', 0, '', 0, 1365960940, 0, '', '', 0, 0, 0, 0, 0, 0, 0, 'en', '0.00', 0, 'D M d, Y g:i a', 3, 0, '9E8DA7', 0, 0, 0, 0, -3, 0, 0, 't', 'd', 0, 't', 'a', 0, 1, 0, 1, 1, 1, 0, 230271, '', 0, 0, 0, '', '', '', '', '', '', '', '', '', '', '', '', '', '', 'ff30f6c35bbde063', 0, 0, 0, 1, 1, 1, 1, 1),
(20, 2, 6, '', 0, '', 1365960940, 'IBM Research [Bot]', 'ibm research [bot]', '', 1365960940, 0, '', 0, '', 0, 1365960940, 0, '', '', 0, 0, 0, 0, 0, 0, 0, 'en', '0.00', 0, 'D M d, Y g:i a', 3, 0, '9E8DA7', 0, 0, 0, 0, -3, 0, 0, 't', 'd', 0, 't', 'a', 0, 1, 0, 1, 1, 1, 0, 230271, '', 0, 0, 0, '', '', '', '', '', '', '', '', '', '', '', '', '', '', '7a09bf63a8481dcb', 0, 0, 0, 1, 1, 1, 1, 1),
(21, 2, 6, '', 0, '', 1365960940, 'ICCrawler - ICjobs', 'iccrawler - icjobs', '', 1365960940, 0, '', 0, '', 0, 1365960940, 0, '', '', 0, 0, 0, 0, 0, 0, 0, 'en', '0.00', 0, 'D M d, Y g:i a', 3, 0, '9E8DA7', 0, 0, 0, 0, -3, 0, 0, 't', 'd', 0, 't', 'a', 0, 1, 0, 1, 1, 1, 0, 230271, '', 0, 0, 0, '', '', '', '', '', '', '', '', '', '', '', '', '', '', 'b3b0f48a3067e85f', 0, 0, 0, 1, 1, 1, 1, 1),
(22, 2, 6, '', 0, '', 1365960940, 'ichiro [Crawler]', 'ichiro [crawler]', '', 1365960940, 0, '', 0, '', 0, 1365960940, 0, '', '', 0, 0, 0, 0, 0, 0, 0, 'en', '0.00', 0, 'D M d, Y g:i a', 3, 0, '9E8DA7', 0, 0, 0, 0, -3, 0, 0, 't', 'd', 0, 't', 'a', 0, 1, 0, 1, 1, 1, 0, 230271, '', 0, 0, 0, '', '', '', '', '', '', '', '', '', '', '', '', '', '', 'f013778c8fd2ec85', 0, 0, 0, 1, 1, 1, 1, 1),
(23, 2, 6, '', 0, '', 1365960940, 'Majestic-12 [Bot]', 'majestic-12 [bot]', '', 1365960940, 0, '', 0, '', 1434020572, 1365960940, 0, 'index.php', '', 0, 0, 0, 0, 0, 0, 0, 'en', '0.00', 0, 'D M d, Y g:i a', 3, 0, '9E8DA7', 0, 0, 0, 0, -3, 0, 0, 't', 'd', 0, 't', 'a', 0, 1, 0, 1, 1, 1, 0, 230271, '', 0, 0, 0, '', '', '', '', '', '', '', '', '', '', '', '', '', '', 'b9f50f966749dff9', 0, 0, 0, 1, 1, 1, 1, 1),
(24, 2, 6, '', 0, '', 1365960940, 'Metager [Bot]', 'metager [bot]', '', 1365960940, 0, '', 0, '', 0, 1365960940, 0, '', '', 0, 0, 0, 0, 0, 0, 0, 'en', '0.00', 0, 'D M d, Y g:i a', 3, 0, '9E8DA7', 0, 0, 0, 0, -3, 0, 0, 't', 'd', 0, 't', 'a', 0, 1, 0, 1, 1, 1, 0, 230271, '', 0, 0, 0, '', '', '', '', '', '', '', '', '', '', '', '', '', '', '9c4ed153389f4ff3', 0, 0, 0, 1, 1, 1, 1, 1),
(25, 2, 6, '', 0, '', 1365960940, 'MSN NewsBlogs', 'msn newsblogs', '', 1365960940, 0, '', 0, '', 0, 1365960940, 0, '', '', 0, 0, 0, 0, 0, 0, 0, 'en', '0.00', 0, 'D M d, Y g:i a', 3, 0, '9E8DA7', 0, 0, 0, 0, -3, 0, 0, 't', 'd', 0, 't', 'a', 0, 1, 0, 1, 1, 1, 0, 230271, '', 0, 0, 0, '', '', '', '', '', '', '', '', '', '', '', '', '', '', 'f4513b533108640e', 0, 0, 0, 1, 1, 1, 1, 1),
(26, 2, 6, '', 0, '', 1365960940, 'MSN [Bot]', 'msn [bot]', '', 1365960940, 0, '', 0, '', 1414616155, 1365960940, 0, 'index.php', '', 0, 0, 0, 0, 0, 0, 0, 'en', '0.00', 0, 'D M d, Y g:i a', 3, 0, '9E8DA7', 0, 0, 0, 0, -3, 0, 0, 't', 'd', 0, 't', 'a', 0, 1, 0, 1, 1, 1, 0, 230271, '', 0, 0, 0, '', '', '', '', '', '', '', '', '', '', '', '', '', '', '14cb2e468f08e717', 0, 0, 0, 1, 1, 1, 1, 1),
(27, 2, 6, '', 0, '', 1365960940, 'MSNbot Media', 'msnbot media', '', 1365960940, 0, '', 0, '', 0, 1365960940, 0, '', '', 0, 0, 0, 0, 0, 0, 0, 'en', '0.00', 0, 'D M d, Y g:i a', 3, 0, '9E8DA7', 0, 0, 0, 0, -3, 0, 0, 't', 'd', 0, 't', 'a', 0, 1, 0, 1, 1, 1, 0, 230271, '', 0, 0, 0, '', '', '', '', '', '', '', '', '', '', '', '', '', '', 'd62e510ac0010903', 0, 0, 0, 1, 1, 1, 1, 1),
(28, 2, 6, '', 0, '', 1365960940, 'NG-Search [Bot]', 'ng-search [bot]', '', 1365960940, 0, '', 0, '', 0, 1365960940, 0, '', '', 0, 0, 0, 0, 0, 0, 0, 'en', '0.00', 0, 'D M d, Y g:i a', 3, 0, '9E8DA7', 0, 0, 0, 0, -3, 0, 0, 't', 'd', 0, 't', 'a', 0, 1, 0, 1, 1, 1, 0, 230271, '', 0, 0, 0, '', '', '', '', '', '', '', '', '', '', '', '', '', '', '887d57ab5750bd54', 0, 0, 0, 1, 1, 1, 1, 1),
(29, 2, 6, '', 0, '', 1365960940, 'Nutch [Bot]', 'nutch [bot]', '', 1365960940, 0, '', 0, '', 0, 1365960940, 0, '', '', 0, 0, 0, 0, 0, 0, 0, 'en', '0.00', 0, 'D M d, Y g:i a', 3, 0, '9E8DA7', 0, 0, 0, 0, -3, 0, 0, 't', 'd', 0, 't', 'a', 0, 1, 0, 1, 1, 1, 0, 230271, '', 0, 0, 0, '', '', '', '', '', '', '', '', '', '', '', '', '', '', '15ff75f450e837ce', 0, 0, 0, 1, 1, 1, 1, 1),
(30, 2, 6, '', 0, '', 1365960940, 'Nutch/CVS [Bot]', 'nutch/cvs [bot]', '', 1365960940, 0, '', 0, '', 0, 1365960940, 0, '', '', 0, 0, 0, 0, 0, 0, 0, 'en', '0.00', 0, 'D M d, Y g:i a', 3, 0, '9E8DA7', 0, 0, 0, 0, -3, 0, 0, 't', 'd', 0, 't', 'a', 0, 1, 0, 1, 1, 1, 0, 230271, '', 0, 0, 0, '', '', '', '', '', '', '', '', '', '', '', '', '', '', 'a3f5b5fa500ba6a4', 0, 0, 0, 1, 1, 1, 1, 1),
(31, 2, 6, '', 0, '', 1365960940, 'OmniExplorer [Bot]', 'omniexplorer [bot]', '', 1365960940, 0, '', 0, '', 0, 1365960940, 0, '', '', 0, 0, 0, 0, 0, 0, 0, 'en', '0.00', 0, 'D M d, Y g:i a', 3, 0, '9E8DA7', 0, 0, 0, 0, -3, 0, 0, 't', 'd', 0, 't', 'a', 0, 1, 0, 1, 1, 1, 0, 230271, '', 0, 0, 0, '', '', '', '', '', '', '', '', '', '', '', '', '', '', '4becf7a20c0c7b5a', 0, 0, 0, 1, 1, 1, 1, 1),
(32, 2, 6, '', 0, '', 1365960940, 'Online link [Validator]', 'online link [validator]', '', 1365960940, 0, '', 0, '', 0, 1365960940, 0, '', '', 0, 0, 0, 0, 0, 0, 0, 'en', '0.00', 0, 'D M d, Y g:i a', 3, 0, '9E8DA7', 0, 0, 0, 0, -3, 0, 0, 't', 'd', 0, 't', 'a', 0, 1, 0, 1, 1, 1, 0, 230271, '', 0, 0, 0, '', '', '', '', '', '', '', '', '', '', '', '', '', '', 'b91d5bdc7c9369ae', 0, 0, 0, 1, 1, 1, 1, 1),
(33, 2, 6, '', 0, '', 1365960940, 'psbot [Picsearch]', 'psbot [picsearch]', '', 1365960940, 0, '', 0, '', 0, 1365960940, 0, '', '', 0, 0, 0, 0, 0, 0, 0, 'en', '0.00', 0, 'D M d, Y g:i a', 3, 0, '9E8DA7', 0, 0, 0, 0, -3, 0, 0, 't', 'd', 0, 't', 'a', 0, 1, 0, 1, 1, 1, 0, 230271, '', 0, 0, 0, '', '', '', '', '', '', '', '', '', '', '', '', '', '', 'a780e859345f1caf', 0, 0, 0, 1, 1, 1, 1, 1),
(34, 2, 6, '', 0, '', 1365960940, 'Seekport [Bot]', 'seekport [bot]', '', 1365960940, 0, '', 0, '', 0, 1365960940, 0, '', '', 0, 0, 0, 0, 0, 0, 0, 'en', '0.00', 0, 'D M d, Y g:i a', 3, 0, '9E8DA7', 0, 0, 0, 0, -3, 0, 0, 't', 'd', 0, 't', 'a', 0, 1, 0, 1, 1, 1, 0, 230271, '', 0, 0, 0, '', '', '', '', '', '', '', '', '', '', '', '', '', '', '6ccd5abb13e37839', 0, 0, 0, 1, 1, 1, 1, 1),
(35, 2, 6, '', 0, '', 1365960940, 'Sensis [Crawler]', 'sensis [crawler]', '', 1365960940, 0, '', 0, '', 0, 1365960940, 0, '', '', 0, 0, 0, 0, 0, 0, 0, 'en', '0.00', 0, 'D M d, Y g:i a', 3, 0, '9E8DA7', 0, 0, 0, 0, -3, 0, 0, 't', 'd', 0, 't', 'a', 0, 1, 0, 1, 1, 1, 0, 230271, '', 0, 0, 0, '', '', '', '', '', '', '', '', '', '', '', '', '', '', '76fcae349d980557', 0, 0, 0, 1, 1, 1, 1, 1),
(36, 2, 6, '', 0, '', 1365960940, 'SEO Crawler', 'seo crawler', '', 1365960940, 0, '', 0, '', 0, 1365960940, 0, '', '', 0, 0, 0, 0, 0, 0, 0, 'en', '0.00', 0, 'D M d, Y g:i a', 3, 0, '9E8DA7', 0, 0, 0, 0, -3, 0, 0, 't', 'd', 0, 't', 'a', 0, 1, 0, 1, 1, 1, 0, 230271, '', 0, 0, 0, '', '', '', '', '', '', '', '', '', '', '', '', '', '', '7c8ceb6087631524', 0, 0, 0, 1, 1, 1, 1, 1),
(37, 2, 6, '', 0, '', 1365960940, 'Seoma [Crawler]', 'seoma [crawler]', '', 1365960940, 0, '', 0, '', 0, 1365960940, 0, '', '', 0, 0, 0, 0, 0, 0, 0, 'en', '0.00', 0, 'D M d, Y g:i a', 3, 0, '9E8DA7', 0, 0, 0, 0, -3, 0, 0, 't', 'd', 0, 't', 'a', 0, 1, 0, 1, 1, 1, 0, 230271, '', 0, 0, 0, '', '', '', '', '', '', '', '', '', '', '', '', '', '', '273d5bced7cf6638', 0, 0, 0, 1, 1, 1, 1, 1),
(38, 2, 6, '', 0, '', 1365960940, 'SEOSearch [Crawler]', 'seosearch [crawler]', '', 1365960940, 0, '', 0, '', 0, 1365960940, 0, '', '', 0, 0, 0, 0, 0, 0, 0, 'en', '0.00', 0, 'D M d, Y g:i a', 3, 0, '9E8DA7', 0, 0, 0, 0, -3, 0, 0, 't', 'd', 0, 't', 'a', 0, 1, 0, 1, 1, 1, 0, 230271, '', 0, 0, 0, '', '', '', '', '', '', '', '', '', '', '', '', '', '', 'e4cd601d55d0ea47', 0, 0, 0, 1, 1, 1, 1, 1),
(39, 2, 6, '', 0, '', 1365960940, 'Snappy [Bot]', 'snappy [bot]', '', 1365960940, 0, '', 0, '', 0, 1365960940, 0, '', '', 0, 0, 0, 0, 0, 0, 0, 'en', '0.00', 0, 'D M d, Y g:i a', 3, 0, '9E8DA7', 0, 0, 0, 0, -3, 0, 0, 't', 'd', 0, 't', 'a', 0, 1, 0, 1, 1, 1, 0, 230271, '', 0, 0, 0, '', '', '', '', '', '', '', '', '', '', '', '', '', '', 'b475d2c510ff5aa6', 0, 0, 0, 1, 1, 1, 1, 1),
(40, 2, 6, '', 0, '', 1365960940, 'Steeler [Crawler]', 'steeler [crawler]', '', 1365960940, 0, '', 0, '', 0, 1365960940, 0, '', '', 0, 0, 0, 0, 0, 0, 0, 'en', '0.00', 0, 'D M d, Y g:i a', 3, 0, '9E8DA7', 0, 0, 0, 0, -3, 0, 0, 't', 'd', 0, 't', 'a', 0, 1, 0, 1, 1, 1, 0, 230271, '', 0, 0, 0, '', '', '', '', '', '', '', '', '', '', '', '', '', '', 'c593e0203cb38bf5', 0, 0, 0, 1, 1, 1, 1, 1),
(41, 2, 6, '', 0, '', 1365960940, 'Synoo [Bot]', 'synoo [bot]', '', 1365960940, 0, '', 0, '', 0, 1365960940, 0, '', '', 0, 0, 0, 0, 0, 0, 0, 'en', '0.00', 0, 'D M d, Y g:i a', 3, 0, '9E8DA7', 0, 0, 0, 0, -3, 0, 0, 't', 'd', 0, 't', 'a', 0, 1, 0, 1, 1, 1, 0, 230271, '', 0, 0, 0, '', '', '', '', '', '', '', '', '', '', '', '', '', '', '00ef0cd2dc5c9973', 0, 0, 0, 1, 1, 1, 1, 1),
(42, 2, 6, '', 0, '', 1365960940, 'Telekom [Bot]', 'telekom [bot]', '', 1365960940, 0, '', 0, '', 0, 1365960940, 0, '', '', 0, 0, 0, 0, 0, 0, 0, 'en', '0.00', 0, 'D M d, Y g:i a', 3, 0, '9E8DA7', 0, 0, 0, 0, -3, 0, 0, 't', 'd', 0, 't', 'a', 0, 1, 0, 1, 1, 1, 0, 230271, '', 0, 0, 0, '', '', '', '', '', '', '', '', '', '', '', '', '', '', 'b08855d93407ddb7', 0, 0, 0, 1, 1, 1, 1, 1),
(43, 2, 6, '', 0, '', 1365960940, 'TurnitinBot [Bot]', 'turnitinbot [bot]', '', 1365960940, 0, '', 0, '', 0, 1365960940, 0, '', '', 0, 0, 0, 0, 0, 0, 0, 'en', '0.00', 0, 'D M d, Y g:i a', 3, 0, '9E8DA7', 0, 0, 0, 0, -3, 0, 0, 't', 'd', 0, 't', 'a', 0, 1, 0, 1, 1, 1, 0, 230271, '', 0, 0, 0, '', '', '', '', '', '', '', '', '', '', '', '', '', '', '2dbb95469121d420', 0, 0, 0, 1, 1, 1, 1, 1),
(44, 2, 6, '', 0, '', 1365960940, 'Voyager [Bot]', 'voyager [bot]', '', 1365960940, 0, '', 0, '', 0, 1365960940, 0, '', '', 0, 0, 0, 0, 0, 0, 0, 'en', '0.00', 0, 'D M d, Y g:i a', 3, 0, '9E8DA7', 0, 0, 0, 0, -3, 0, 0, 't', 'd', 0, 't', 'a', 0, 1, 0, 1, 1, 1, 0, 230271, '', 0, 0, 0, '', '', '', '', '', '', '', '', '', '', '', '', '', '', '679caf835a89997d', 0, 0, 0, 1, 1, 1, 1, 1),
(45, 2, 6, '', 0, '', 1365960940, 'W3 [Sitesearch]', 'w3 [sitesearch]', '', 1365960940, 0, '', 0, '', 0, 1365960940, 0, '', '', 0, 0, 0, 0, 0, 0, 0, 'en', '0.00', 0, 'D M d, Y g:i a', 3, 0, '9E8DA7', 0, 0, 0, 0, -3, 0, 0, 't', 'd', 0, 't', 'a', 0, 1, 0, 1, 1, 1, 0, 230271, '', 0, 0, 0, '', '', '', '', '', '', '', '', '', '', '', '', '', '', '86d6b2a7dbf7ce4b', 0, 0, 0, 1, 1, 1, 1, 1),
(46, 2, 6, '', 0, '', 1365960940, 'W3C [Linkcheck]', 'w3c [linkcheck]', '', 1365960940, 0, '', 0, '', 0, 1365960940, 0, '', '', 0, 0, 0, 0, 0, 0, 0, 'en', '0.00', 0, 'D M d, Y g:i a', 3, 0, '9E8DA7', 0, 0, 0, 0, -3, 0, 0, 't', 'd', 0, 't', 'a', 0, 1, 0, 1, 1, 1, 0, 230271, '', 0, 0, 0, '', '', '', '', '', '', '', '', '', '', '', '', '', '', '50b81af3d7df48f7', 0, 0, 0, 1, 1, 1, 1, 1),
(47, 2, 6, '', 0, '', 1365960940, 'W3C [Validator]', 'w3c [validator]', '', 1365960940, 0, '', 0, '', 0, 1365960940, 0, '', '', 0, 0, 0, 0, 0, 0, 0, 'en', '0.00', 0, 'D M d, Y g:i a', 3, 0, '9E8DA7', 0, 0, 0, 0, -3, 0, 0, 't', 'd', 0, 't', 'a', 0, 1, 0, 1, 1, 1, 0, 230271, '', 0, 0, 0, '', '', '', '', '', '', '', '', '', '', '', '', '', '', '19574335ba14a5df', 0, 0, 0, 1, 1, 1, 1, 1),
(48, 2, 6, '', 0, '', 1365960940, 'WiseNut [Bot]', 'wisenut [bot]', '', 1365960940, 0, '', 0, '', 0, 1365960940, 0, '', '', 0, 0, 0, 0, 0, 0, 0, 'en', '0.00', 0, 'D M d, Y g:i a', 3, 0, '9E8DA7', 0, 0, 0, 0, -3, 0, 0, 't', 'd', 0, 't', 'a', 0, 1, 0, 1, 1, 1, 0, 230271, '', 0, 0, 0, '', '', '', '', '', '', '', '', '', '', '', '', '', '', '8522723af4a71ea9', 0, 0, 0, 1, 1, 1, 1, 1),
(49, 2, 6, '', 0, '', 1365960940, 'YaCy [Bot]', 'yacy [bot]', '', 1365960940, 0, '', 0, '', 0, 1365960940, 0, '', '', 0, 0, 0, 0, 0, 0, 0, 'en', '0.00', 0, 'D M d, Y g:i a', 3, 0, '9E8DA7', 0, 0, 0, 0, -3, 0, 0, 't', 'd', 0, 't', 'a', 0, 1, 0, 1, 1, 1, 0, 230271, '', 0, 0, 0, '', '', '', '', '', '', '', '', '', '', '', '', '', '', 'ca0feb66d3cb022b', 0, 0, 0, 1, 1, 1, 1, 1),
(50, 2, 6, '', 0, '', 1365960940, 'Yahoo MMCrawler [Bot]', 'yahoo mmcrawler [bot]', '', 1365960940, 0, '', 0, '', 0, 1365960940, 0, '', '', 0, 0, 0, 0, 0, 0, 0, 'en', '0.00', 0, 'D M d, Y g:i a', 3, 0, '9E8DA7', 0, 0, 0, 0, -3, 0, 0, 't', 'd', 0, 't', 'a', 0, 1, 0, 1, 1, 1, 0, 230271, '', 0, 0, 0, '', '', '', '', '', '', '', '', '', '', '', '', '', '', 'fb70636610d67b1e', 0, 0, 0, 1, 1, 1, 1, 1),
(51, 2, 6, '', 0, '', 1365960940, 'Yahoo Slurp [Bot]', 'yahoo slurp [bot]', '', 1365960940, 0, '', 0, '', 0, 1365960940, 0, '', '', 0, 0, 0, 0, 0, 0, 0, 'en', '0.00', 0, 'D M d, Y g:i a', 3, 0, '9E8DA7', 0, 0, 0, 0, -3, 0, 0, 't', 'd', 0, 't', 'a', 0, 1, 0, 1, 1, 1, 0, 230271, '', 0, 0, 0, '', '', '', '', '', '', '', '', '', '', '', '', '', '', '13496bdb3f019e4d', 0, 0, 0, 1, 1, 1, 1, 1),
(52, 2, 6, '', 0, '', 1365960940, 'Yahoo [Bot]', 'yahoo [bot]', '', 1365960940, 0, '', 0, '', 1432221373, 1365960940, 0, 'feed.php', '', 0, 0, 0, 0, 0, 0, 0, 'en', '0.00', 0, 'D M d, Y g:i a', 3, 0, '9E8DA7', 0, 0, 0, 0, -3, 0, 0, 't', 'd', 0, 't', 'a', 0, 1, 0, 1, 1, 1, 0, 230271, '', 0, 0, 0, '', '', '', '', '', '', '', '', '', '', '', '', '', '', '5b04664819c04158', 0, 0, 0, 1, 1, 1, 1, 1),
(53, 2, 6, '', 0, '', 1365960940, 'YahooSeeker [Bot]', 'yahooseeker [bot]', '', 1365960940, 0, '', 0, '', 0, 1365960940, 0, '', '', 0, 0, 0, 0, 0, 0, 0, 'en', '0.00', 0, 'D M d, Y g:i a', 3, 0, '9E8DA7', 0, 0, 0, 0, -3, 0, 0, 't', 'd', 0, 't', 'a', 0, 1, 0, 1, 1, 1, 0, 230271, '', 0, 0, 0, '', '', '', '', '', '', '', '', '', '', '', '', '', '', '2f2c46e447fb88a2', 0, 0, 0, 1, 1, 1, 1, 1),

--
-- Contenu de la table `phpbb_user_group`
--

INSERT IGNORE INTO `phpbb_user_group` (`group_id`, `user_id`, `group_leader`, `user_pending`) VALUES
(1, 1, 0, 0),
(2, 2, 0, 0),
(4, 2, 0, 0),
(5, 2, 1, 0),
(6, 3, 0, 0),
(6, 4, 0, 0),
(6, 5, 0, 0),
(6, 6, 0, 0),
(6, 7, 0, 0),
(6, 8, 0, 0),
(6, 9, 0, 0),
(6, 10, 0, 0),
(6, 11, 0, 0),
(6, 12, 0, 0),
(6, 13, 0, 0),
(6, 14, 0, 0),
(6, 15, 0, 0),
(6, 16, 0, 0),
(6, 17, 0, 0),
(6, 18, 0, 0),
(6, 19, 0, 0),
(6, 20, 0, 0),
(6, 21, 0, 0),
(6, 22, 0, 0),
(6, 23, 0, 0),
(6, 24, 0, 0),
(6, 25, 0, 0),
(6, 26, 0, 0),
(6, 27, 0, 0),
(6, 28, 0, 0),
(6, 29, 0, 0),
(6, 30, 0, 0),
(6, 31, 0, 0),
(6, 32, 0, 0),
(6, 33, 0, 0),
(6, 34, 0, 0),
(6, 35, 0, 0),
(6, 36, 0, 0),
(6, 37, 0, 0),
(6, 38, 0, 0),
(6, 39, 0, 0),
(6, 40, 0, 0),
(6, 41, 0, 0),
(6, 42, 0, 0),
(6, 43, 0, 0),
(6, 44, 0, 0),
(6, 45, 0, 0),
(6, 46, 0, 0),
(6, 47, 0, 0),
(6, 48, 0, 0),
(6, 49, 0, 0),
(6, 50, 0, 0),
(6, 51, 0, 0),
(6, 52, 0, 0),
(6, 53, 0, 0),
(2, 59, 0, 0),
(2, 55, 0, 0),
(2, 56, 0, 0),
(4, 56, 0, 0),
(5, 56, 0, 0),
(2, 58, 0, 0),
(7, 58, 0, 0),
(5, 59, 0, 0),
(2, 64, 0, 0),
(2, 61, 0, 0),
(11, 67, 0, 0),
(2, 62, 0, 0),
(2, 67, 0, 0),
(12, 2, 0, 0),
(2, 71, 0, 0),
(8, 56, 1, 0),
(8, 55, 0, 0),
(10, 61, 0, 0),
(11, 64, 1, 0),
(2, 68, 0, 0),
(2, 69, 0, 0),
(2, 66, 0, 0),
(7, 66, 0, 0),
(9, 66, 1, 0),
(2, 70, 0, 0),
(10, 68, 1, 0),
(10, 69, 0, 0),
(4, 55, 0, 0),
(12, 70, 0, 0),
(8, 62, 0, 0),
(7, 71, 0, 0),
(2, 72, 0, 0),
(7, 72, 0, 0),
(2, 73, 0, 0),
(8, 73, 0, 0),
(2, 75, 0, 0),
(2, 76, 0, 0),
(2, 77, 0, 0),
(9, 77, 0, 0),
(2, 78, 0, 0),
(9, 71, 0, 0),
(12, 78, 0, 0),
(2, 95, 0, 0),
(2, 94, 0, 0),
(8, 92, 0, 0),
(2, 81, 0, 0),
(9, 81, 0, 0),
(12, 75, 0, 0),
(9, 94, 0, 0),
(2, 83, 0, 0),
(12, 83, 0, 0),
(2, 84, 0, 0),
(9, 84, 0, 0),
(2, 85, 0, 0),
(2, 86, 0, 0),
(2, 87, 0, 0),
(2, 88, 0, 0),
(12, 86, 0, 0),
(2, 89, 0, 0),
(8, 87, 0, 0),
(12, 89, 0, 0),
(2, 90, 0, 0),
(8, 90, 0, 0),
(2, 91, 0, 0),
(8, 91, 0, 0),
(2, 92, 0, 0),
(2, 93, 0, 0),
(9, 93, 0, 0);

--
-- Contenu de la table `phpbb_zebra`
--

INSERT IGNORE INTO `phpbb_zebra` (`user_id`, `zebra_id`, `friend`, `foe`) VALUES
(62, 61, 1, 0),
(62, 55, 1, 0),
(62, 56, 1, 0),
(68, 69, 1, 0);

--
-- Contenu de la table `rpg_achievements`
--

INSERT IGNORE INTO `rpg_achievements` (`id`, `name`, `condition_desc`, `category_id`, `hide_condition`, `script`) VALUES
(1, 'C''est parti !', 'Lvl 2 atteint.', 1, 0, 'leveling_lvl2'),
(2, 'Et ça continue !', 'Lvl 10 atteint.', 1, 0, 'leveling_lvl10'),
(3, 'Je me sens fort !', 'Lvl 20 atteint.', 1, 0, 'leveling_lvl20'),
(4, 'Quelle puissance !', 'Lvl 30 atteint.', 1, 0, 'leveling_lvl30'),
(5, 'L''aventure commence', 'Un monstre rencontré', 2, 0, 'pve_firstencounter'),
(6, 'Entraînement', 'Premier monstre battu', 2, 0, 'pve_firstkill'),
(7, 'Les aléas du métier', 'Première défaite contre un monstre', 2, 0, 'pve_firstloss'),
(8, 'Déjà ?!', '100 monstres rencontrés', 2, 0, 'pve_100encounters'),
(9, 'Le métier rentre', '75 monstres battus', 2, 0, 'pve_75kills'),
(10, 'J''ai glissé', '20 défaites contre un monstre', 2, 0, 'pve_20loses'),
(11, 'De la bouillie par tonnes', '300 monstres rencontrés', 2, 0, 'pve_300encounters'),
(12, 'T''aimes ça, hein ?', '200 monstres battus', 2, 0, 'pve_200kills'),
(13, 'Stuff moisi !', '60 défaites contre un monstre', 2, 0, 'pve_60loses'),
(14, 'On est plus à ça près', '1000 monstres rencontrés', 2, 0, 'pve_1000encounters'),
(15, 'Distribution de pains', '750 monstres battus', 2, 0, 'pve_750kills'),
(16, 'No comment', '150 défaites contre un monstre', 2, 0, 'pve_150loses'),
(17, 'Le vaillant', 'Battre un Élite', 2, 0, 'pve_kill1elite'),
(18, 'Le balèze', 'Battre dix Élites', 2, 0, 'pve_kill10elites'),
(19, 'Le barbare', 'Battre cinquante Élites', 2, 0, 'pve_kill50elites'),
(20, 'Le Héros', 'Battre cent Élites', 2, 0, 'pve_kill100elites'),
(21, 'Le véritable boss', 'Battre le Chevalier Noir en moins de dix tours', 2, 1, 'pve_darkknight10turns'),
(22, 'Bonne étoile', 'Rencontrer Usa-chan dix fois', 2, 1, 'pve_usachan10encounters'),
(23, 'Je me sens bien', 'Utiliser quinze seringues PV/PF en un combat', 2, 1, 'pve_use15syringes'),
(24, 'Elle est où mon arme ?', 'Combattre un Élite sans utiliser d''attaque standard', 2, 1, 'pve_killelitewithoutattack'),
(25, 'Même pas peur !', 'Combattre un Élite sans équipement SAUF l''arme', 2, 1, 'pve_killelitewithoutstuff'),
(26, 'Le début de la richesse', '10000 Ralz en possession', 3, 0, 'money_10000ralz'),
(27, 'Besoin d''une banque ?', '50000 Ralz en possession', 3, 0, 'money_50000ralz'),
(28, 'Radin', '200000 Ralz en possession', 3, 0, 'money_200000ralz'),
(29, 'Économie abusive', '500000 Ralz en possession', 3, 0, 'money_500000ralz'),
(30, 'What else ?', '1000000 de Ralz en possession', 3, 0, 'money_1000000ralz'),
(31, 'Chauffe la carte !', 'Dépenser 5000 Ralz d''un coup', 3, 0, 'money_buy5000ralz'),
(32, 'Pas de remboursement', 'Dépenser 15000 Ralz d''un coup', 3, 0, 'money_buy15000ralz'),
(33, 'C''est un prêt de ma banque', 'Dépenser 50000 Ralz d''un coup', 3, 0, 'money_buy50000ralz'),
(34, 'Demain, sous un pont', 'Dépenser 200000 Ralz d''un coup', 3, 0, 'money_buy200000ralz'),
(35, 'Sans regret', 'Envoyer 100000 Ralz d''un coup à un joueur', 3, 1, 'money_send100000ralz'),
(36, 'C''est mieux assorti', 'Équiper un set complet', 4, 0, 'equip_fullset'),
(37, 'Un minimum de classe', 'Équiper une pièce légendaire', 4, 0, 'equip_epicpart'),
(38, 'Wouah !', 'Équiper deux pièces légendaires', 4, 0, 'equip_2epicparts'),
(39, 'C''est qui le papa ?!', 'Équiper un set légendaire complet', 4, 0, 'equip_fullepicset'),
(40, 'Magie magie, et vos idées...', 'Équiper une orbe (standard/passive)', 4, 0, 'equip_1orb'),
(41, 'Grosbill', 'Équiper quatre orbes (standards/passives)', 4, 0, 'equip_4orbs'),
(42, 'J''aime les chiffres', 'Équiper quatre orbes standards', 4, 0, 'equip_4standardorbs'),
(43, 'La malice', 'Équiper quatre orbes passives', 4, 0, 'equip_4passiveorbs'),
(44, 'Abyssal', 'Équiper une orbe maudite', 4, 1, 'equip_cursedorb'),
(45, 'Baston ?', 'Combattre un joueur', 5, 0, 'pvp_firstbattle'),
(46, 'Talent ou chance ?', 'Gagner contre un joueur', 5, 0, 'pvp_firstwin'),
(47, 'Aïe !', 'Perdre contre un joueur', 5, 0, 'pvp_firstloss'),
(48, 'Chaud comme la braise', 'Combattre dix joueurs', 5, 0, 'pvp_10battles'),
(49, 'Au suivant !', 'Gagner contre dix joueurs', 5, 0, 'pvp_10wins'),
(50, 'Le confort du sol', 'Perdre contre dix joueurs', 5, 0, 'pvp_10loses'),
(51, 'Appelez-moi Chuck', 'Gagner contre cinquante joueurs', 5, 0, 'pvp_50wins'),
(52, 'Appelez-moi un dentiste', 'Perdre contre cinquante joueurs', 5, 0, 'pvp_50loses'),
(53, 'C''est un honneur', 'Participer à une bataille', 5, 0, 'pvp_firstwar'),
(54, 'Une victoire, une !', 'Gagner une bataille', 5, 0, 'pvp_firstwarwin'),
(55, 'Frustré ?', 'Perdre une bataille', 5, 0, 'pvp_firstwarloss'),
(56, 'En groupe, ça poutre !', 'Gagner deux batailles', 5, 0, 'pvp_war2wins'),
(57, 'Bientôt au chômage', 'Perdre deux batailles', 5, 0, 'pvp_war2loses'),
(58, 'Les Dieux Exitians', 'Gagner trois batailles', 5, 0, 'pvp_war3wins'),
(59, 'Bientôt à la retraite', 'Perdre trois batailles', 5, 0, 'pvp_war3loses'),
(60, 'Confiance brisée', 'Combattre un joueur de son organisation', 5, 1, 'pvp_battlewithsameorga'),
(61, 'Sociabilité', 'Gagner un point de karma', 6, 0, 'rpg_firstkarma'),
(62, 'J''aime les gens', 'Remplir sa barre de karma', 6, 0, 'rpg_fullkarma'),
(63, '30M d''amis... Ou pas', 'Avoir gagné un total de cinquante points de karma', 6, 0, 'rpg_50karma'),
(64, 'Allez, viens', 'Avoir été soigné 200 fois à l''hôtel', 6, 0, 'rpg_200inntimes'),
(65, 'Bonnes marchandises', 'Avoir fait 150 achats au marché noir', 6, 0, 'rpg_150buytimes'),
(66, 'Tu veux me connaître ?', 'Renseigner son lien de fiche de présentation', 6, 1, 'rpg_introlink'),
(67, 'Déterminé', 'Atteindre 45 points dans une statistique', 6, 1, 'rpg_45pointsinstat'),
(68, 'Ca va faire mal', 'Passer son arme en grade SS', 6, 0, 'rpg_weaponSSgrade'),
(69, 'Abus de puissance', 'Passer son arme en grade X', 6, 0, 'rpg_weaponXgrade'),
(70, 'Besoin d''aide ?', 'Avoir réussi une quête', 6, 0, 'rpg_firstquest'),
(71, 'Ultime aventurier', 'Avoir réussi vingt quêtes', 6, 0, 'rpg_20quests'),
(72, 'M''oubliez pas !', 'Avoir participé à un event', 6, 0, 'rpg_firstevent'),
(73, 'I''m famous', 'Avoir participé à dix events', 6, 0, 'rpg_10events'),
(74, 'L''efficacité même', 'Terminer dans le top 10 d''un event', 6, 0, 'rpg_eventtop10'),
(75, 'Attention aux chevilles', 'Terminer premier dans un event', 6, 0, 'rpg_eventrank1'),
(76, 'Conservateur', 'Remplir son casier de banque', 6, 0, 'rpg_warehousefull');

--
-- Contenu de la table `rpg_achievements_categories`
--

INSERT IGNORE INTO `rpg_achievements_categories` (`id`, `name`) VALUES
(1, 'Leveling'),
(2, 'PVE'),
(3, 'Argent'),
(4, 'Equipements'),
(5, 'PVP'),
(6, 'Système RPG');

--
-- Contenu de la table `rpg_armor_parts`
--

INSERT IGNORE INTO `rpg_armor_parts` (`id`, `player_id`, `name`, `type`, `part_id`) VALUES
(145, 16, 'Tunique en coton', 'clothes', 1),
(146, 16, 'Gants en coton', 'gloves', 1),
(189, 23, 'Gants en coton', 'gloves', 1),
(197, 15, 'Veste en cuir renforcée', 'clothes', 3),
(198, 15, 'Pantalon en cuir renforcé', 'leggings', 3),
(199, 15, 'Gants en cuir renforcé', 'gloves', 3),
(240, 15, 'Bottes en cuir renforcé', 'shoes', 3),
(241, 24, 'Veste en cuir renforcée', 'clothes', 3),
(242, 24, 'Pantalon en cuir renforcé', 'leggings', 3),
(243, 24, 'Gants en cuir renforcé', 'gloves', 3),
(244, 24, 'Bottes en cuir renforcé', 'shoes', 3),
(256, 17, 'Pantalon en cuir renforcé', 'leggings', 3),
(257, 17, 'Gants en cuir renforcé', 'gloves', 3),
(262, 17, 'Veste en cuir renforcée', 'clothes', 3),
(264, 17, 'Bottes en cuir renforcé', 'shoes', 3),
(271, 25, 'Veste en cuir renforcée', 'clothes', 3),
(272, 25, 'Pantalon en cuir renforcé', 'leggings', 3),
(273, 25, 'Gants en cuir renforcé', 'gloves', 3),
(274, 25, 'Bottes en cuir renforcé', 'shoes', 3),
(275, 26, 'Tunique en coton', 'clothes', 1),
(276, 26, 'Bas en coton', 'leggings', 1),
(277, 26, 'Gants en coton', 'gloves', 1),
(278, 26, 'Bottes en coton', 'shoes', 1),
(279, 28, 'Cape en cuir', 'clothes', 2),
(280, 28, 'Pantalon en cuir', 'leggings', 2),
(281, 28, 'Gants en cuir', 'gloves', 2),
(282, 28, 'Bottes en cuir', 'shoes', 2),
(309, 18, 'Plastron léger', 'clothes', 4),
(310, 18, 'Pantalon souple', 'leggings', 4),
(311, 18, 'Bracelet en bronze', 'gloves', 4),
(312, 18, 'Bottes légères', 'shoes', 4),
(345, 34, 'Cape en cuir', 'clothes', 2),
(346, 34, 'Pantalon en cuir', 'leggings', 2),
(347, 34, 'Gants en cuir', 'gloves', 2),
(348, 34, 'Bottes en cuir', 'shoes', 2),
(349, 12, 'Gants de l''Avalanche', 'gloves', 9),
(351, 12, 'Armure de l''Avalanche', 'clothes', 9),
(352, 12, 'Pantalon de l''Avalanche', 'leggings', 9),
(353, 12, 'Bottes de l''Avalanche', 'shoes', 9),
(354, 1, 'Gants de l''Avalanche', 'gloves', 9),
(355, 1, 'Bottes de l''Avalanche', 'shoes', 9),
(356, 1, 'Pantalon de l''Avalanche', 'leggings', 9),
(357, 1, 'Armure de l''Avalanche', 'clothes', 9),
(378, 40, 'Cape en cuir', 'clothes', 2),
(379, 40, 'Pantalon en cuir', 'leggings', 2),
(380, 40, 'Gants en cuir', 'gloves', 2),
(381, 40, 'Bottes en cuir', 'shoes', 2),
(382, 39, 'Veste en cuir renforcée', 'clothes', 3),
(383, 39, 'Pantalon en cuir renforcé', 'leggings', 3),
(384, 39, 'Gants en cuir renforcé', 'gloves', 3),
(385, 39, 'Bottes en cuir renforcé', 'shoes', 3),
(387, 11, 'Bas en mailles', 'leggings', 5),
(388, 11, 'Gants lourds', 'gloves', 5),
(389, 11, 'Bottes lourdes', 'shoes', 5),
(390, 11, 'Plastron lourd', 'clothes', 5),
(391, 20, 'Bottes lourdes', 'shoes', 5),
(392, 20, 'Gants lourds', 'gloves', 5),
(393, 20, 'Bas en mailles', 'leggings', 5),
(394, 20, 'Plastron lourd', 'clothes', 5),
(420, 29, 'Gants de l''Avalanche', 'gloves', 9),
(422, 29, 'Bottes de l''Avalanche', 'shoes', 9),
(426, 29, 'Armure de l''Avalanche', 'clothes', 9),
(431, 42, 'Cape en cuir', 'clothes', 2),
(432, 42, 'Pantalon en cuir', 'leggings', 2),
(433, 42, 'Gants en cuir', 'gloves', 2),
(434, 42, 'Bottes en cuir', 'shoes', 2),
(439, 47, 'Cape en cuir', 'clothes', 2),
(440, 47, 'Pantalon en cuir', 'leggings', 2),
(441, 47, 'Gants en cuir', 'gloves', 2),
(442, 47, 'Bottes en cuir', 'shoes', 2),
(450, 29, 'Pantalon de l''Avalanche', 'leggings', 9),
(472, 50, 'Cape en cuir', 'clothes', 2),
(474, 50, 'Gants en cuir', 'gloves', 2),
(475, 50, 'Bottes en cuir', 'shoes', 2),
(477, 50, 'Pantalon en cuir', 'leggings', 2),
(502, 49, 'Gants de la Tempête', 'gloves', 8),
(508, 49, 'Pantalon à plaques', 'leggings', 6),
(509, 49, 'Bottes d''acier', 'shoes', 6),
(510, 49, 'Armure en acier', 'clothes', 6),
(511, 37, 'Gants de la Tempête', 'gloves', 8),
(512, 37, 'Bottes de la Tempête', 'shoes', 8),
(513, 37, 'Pantalon de la Tempête', 'leggings', 8),
(514, 37, 'Armure de la Tempête', 'clothes', 8);

--
-- Contenu de la table `rpg_battle_areas`
--

INSERT IGNORE INTO `rpg_battle_areas` (`id`, `name`, `desc`, `level`, `bgm`, `background`) VALUES
(1, 'Les côtes de l''est', 'On trouve plusieurs monstres sur ces côtes.', 1, 'Zone01', 'cotes.jpg'),
(2, 'Le désert blanc', 'De la neige à perte de vue.<br>Les monstres aimant le froid arpentent ce désert blanc.', 9, 'Zone02', 'desert blanc.jpg'),
(3, 'Le désert aride', 'Seule la sécheresse règne dans ce désert.<br>Certains monstres y ont trouvé refuge.', 17, 'Zone03', 'desert aride.jpg'),
(4, 'Les mines de Termorr', 'De vieilles mines abandonnées.<br>Qui sait ce qui s''y cache...', 25, 'Mines', 'mines.jpg');

--
-- Contenu de la table `rpg_battle_areas_monsters`
--

INSERT IGNORE INTO `rpg_battle_areas_monsters` (`id`, `area_part_id`, `monster_id`, `encounter_rate`) VALUES
(7, 1, 3, 100),
(8, 1, 7, 100),
(9, 1, 8, 100),
(10, 1, 9, 100),
(11, 2, 10, 100),
(12, 2, 11, 100),
(13, 2, 12, 100),
(14, 2, 13, 100),
(15, 3, 14, 100),
(16, 3, 15, 100),
(17, 3, 16, 100),
(18, 3, 17, 100),
(19, 4, 18, 100),
(20, 4, 19, 100),
(21, 4, 20, 100),
(22, 4, 21, 100),
(23, 4, 22, 5),
(24, 8, 23, 100),
(25, 8, 24, 100),
(26, 8, 25, 100),
(27, 8, 26, 100),
(28, 7, 27, 100),
(29, 7, 28, 100),
(30, 7, 29, 100),
(31, 7, 30, 100),
(32, 6, 31, 100),
(33, 6, 32, 100),
(34, 6, 33, 100),
(35, 6, 34, 100),
(36, 5, 35, 100),
(37, 5, 36, 100),
(38, 5, 37, 100),
(39, 5, 38, 100),
(40, 5, 39, 5),
(41, 12, 40, 100),
(42, 12, 41, 100),
(43, 12, 42, 100),
(44, 12, 43, 100),
(45, 11, 44, 100),
(46, 11, 45, 100),
(47, 11, 46, 100),
(48, 11, 47, 100),
(49, 10, 48, 100),
(50, 10, 49, 100),
(51, 10, 50, 100),
(52, 10, 51, 100),
(53, 9, 52, 100),
(54, 9, 53, 100),
(55, 9, 54, 100),
(56, 9, 55, 100),
(57, 9, 2, 5),
(58, 13, 56, 100),
(59, 13, 57, 100),
(60, 13, 58, 100),
(61, 13, 59, 100),
(62, 14, 60, 100),
(63, 14, 61, 100),
(64, 14, 62, 100),
(65, 14, 63, 100),
(66, 15, 64, 100),
(67, 15, 65, 100),
(68, 15, 66, 100),
(69, 15, 67, 100),
(70, 16, 68, 100),
(71, 16, 69, 100),
(72, 16, 70, 100),
(73, 16, 71, 100),
(74, 16, 72, 5),
(75, 1, 6, 0.5),
(76, 2, 6, 0.5),
(77, 3, 6, 0.5),
(78, 4, 6, 0.5),
(79, 5, 6, 0.5),
(80, 6, 6, 0.5),
(81, 7, 6, 0.5),
(82, 8, 6, 0.5),
(83, 9, 6, 0.5),
(84, 10, 6, 0.5),
(85, 11, 6, 0.5),
(86, 12, 6, 0.5),
(87, 13, 6, 0.5),
(88, 14, 6, 0.5),
(89, 15, 6, 0.5),
(90, 16, 6, 0.5);

--
-- Contenu de la table `rpg_battle_areas_parts`
--

INSERT IGNORE INTO `rpg_battle_areas_parts` (`id`, `area_id`, `name`, `min_level`, `max_level`) VALUES
(1, 1, 'Verte-Plage', 1, 2),
(2, 1, 'Le Grand Sentier', 3, 4),
(3, 1, 'Les Epineuses', 5, 6),
(4, 1, 'Sombreforêt', 7, 8),
(5, 2, 'Le Grand Pic', 15, 16),
(6, 2, 'La Plaine Aux Miroirs', 13, 14),
(7, 2, 'Blanche-Vallée', 11, 12),
(8, 2, 'Le Col du Grand Froid', 9, 10),
(9, 3, 'La Plaine aux Mirages', 23, 24),
(10, 3, 'Le Couloir', 21, 22),
(11, 3, 'Les Grandes Dunes', 19, 20),
(12, 3, 'Chaude-Brise', 17, 18),
(13, 4, 'Entrée de la mine', 25, 26),
(14, 4, 'Les Galeries', 27, 28),
(15, 4, 'Zone d''exploitation', 29, 29),
(16, 4, 'Ruines Proethians', 30, 30);

--
-- Contenu de la table `rpg_blackmarket`
--

INSERT IGNORE INTO `rpg_blackmarket` (`id`, `item_id`, `category`, `place`) VALUES
(1, 1, 'syringes', 1),
(2, 2, 'syringes', 2),
(3, 1, 'sets', 1),
(4, 3, 'syringes', 3),
(5, 1, 'equips', 1),
(6, 2, 'equips', 2),
(7, 3, 'equips', 3),
(8, 4, 'equips', 4),
(9, 1, 'upgrades', 1),
(10, 2, 'upgrades', 2),
(11, 3, 'upgrades', 3),
(12, 4, 'upgrades', 4),
(13, 5, 'upgrades', 5),
(14, 4, 'syringes', 4),
(15, 5, 'syringes', 5),
(16, 6, 'syringes', 6),
(17, 2, 'sets', 2),
(18, 5, 'equips', 5),
(19, 6, 'equips', 6),
(20, 7, 'equips', 7),
(21, 8, 'equips', 8),
(22, 3, 'sets', 3),
(23, 4, 'sets', 4),
(24, 5, 'sets', 5),
(25, 6, 'sets', 6),
(26, 9, 'equips', 9),
(27, 10, 'equips', 10),
(28, 11, 'equips', 11),
(29, 12, 'equips', 12),
(30, 13, 'equips', 13),
(31, 14, 'equips', 14),
(32, 15, 'equips', 15),
(33, 16, 'equips', 16),
(34, 17, 'equips', 17),
(35, 18, 'equips', 18),
(36, 19, 'equips', 19),
(37, 20, 'equips', 20),
(38, 21, 'equips', 21),
(39, 22, 'equips', 22),
(40, 23, 'equips', 23),
(41, 24, 'equips', 24),
(42, 2, 'special', 1),
(43, 3, 'special', 2);

--
-- Contenu de la table `rpg_blackmarket_equips`
--

INSERT IGNORE INTO `rpg_blackmarket_equips` (`id`, `item_id`, `type`) VALUES
(1, 1, 'clothes'),
(3, 1, 'gloves'),
(2, 1, 'leggings'),
(4, 1, 'shoes'),
(5, 2, 'clothes'),
(7, 2, 'gloves'),
(6, 2, 'leggings'),
(8, 2, 'shoes'),
(9, 3, 'clothes'),
(11, 3, 'gloves'),
(10, 3, 'leggings'),
(12, 3, 'shoes'),
(13, 4, 'clothes'),
(15, 4, 'gloves'),
(14, 4, 'leggings'),
(16, 4, 'shoes'),
(17, 5, 'clothes'),
(19, 5, 'gloves'),
(18, 5, 'leggings'),
(20, 5, 'shoes'),
(21, 6, 'clothes'),
(23, 6, 'gloves'),
(22, 6, 'leggings'),
(24, 6, 'shoes');

--
-- Contenu de la table `rpg_clans`
--

INSERT IGNORE INTO `rpg_clans` (`id`, `name`, `desc`, `img`, `leader_id`, `pi`, `atk_level`, `def_level`, `spd_level`, `flux_level`, `res_level`, `pv_level`, `pf_level`) VALUES
(30, 'Les Beta-Testeurs', 'Voici le clan des beta-testeurs ! Amusons nous ! Faisons les fous ! Yahoo !!', 'de6088db0fc10961f306136850820488.jpg', 2, 0, 1, 2, 0, 1, 0, 1, 1);

--
-- Contenu de la table `rpg_clans_members`
--

INSERT IGNORE INTO `rpg_clans_members` (`clan_id`, `member_id`) VALUES
(30, 2),
(30, 55),
(30, 56),
(30, 58),
(30, 59),
(30, 61),
(30, 62),
(30, 64),
(30, 68),
(30, 69),
(30, 70),
(30, 73),
(30, 75),
(30, 78),
(30, 81),
(30, 84),
(30, 91),
(30, 94);

--
-- Contenu de la table `rpg_clothes`
--

INSERT IGNORE INTO `rpg_clothes` (`id`, `name`, `descr`, `price`, `pv`, `pf`, `atk`, `def`, `res`, `vit`, `flux`, `img`, `req_lvl`) VALUES
(1, 'Tunique en coton', 'PV/PF+3, Déf+3, Rés+3', 500, 3, 3, 0, 3, 3, 0, 0, '1er Set - Coton/Tunique en coton.png', 1),
(2, 'Cape en cuir', 'PV/PF+5, Déf+5, Rés+5', 850, 5, 5, 0, 5, 5, 0, 0, '2e Set - Cuir/Cape en cuir.png', 5),
(3, 'Veste en cuir renforcée', 'PV/PF+8, Déf+8, Rés+8', 1125, 8, 8, 0, 8, 8, 0, 0, '3e Set - Cuir renforcé/Veste en cuir renforcé.png', 10),
(4, 'Plastron léger', 'PV/PF+13, Déf+10, Rés+10', 1650, 13, 13, 0, 10, 10, 0, 0, '4e Set - Aventurier/Plastron léger.png', 15),
(5, 'Plastron lourd', 'PV/PF+20, Déf+11, Rés+11', 2200, 20, 20, 0, 11, 11, 0, 0, '5e Set - Expert/Plastron lourd.png', 20),
(6, 'Armure en acier', 'PV/PF+25, Déf+13, Rés+13', 3300, 25, 25, 0, 13, 13, 0, 0, '6e Set - Héros/Armure en acier.png', 25),
(7, 'Armure de la Brume', 'PV/PF+20, Déf+12, Rés+12, Vit+4', 2500, 20, 20, 0, 12, 12, 4, 0, 'LEGENDAIRE 1 - Brume/Armure de la Brume.png', 10),
(8, 'Armure de la Tempête', 'PV/PF+30, Déf+17, Rés+17, Vit+6', 4000, 30, 30, 0, 17, 17, 6, 0, 'LEGENDAIRE 2 - Tempête/Armure de la Tempête.png', 20),
(9, 'Armure de l''Avalanche', 'PV/PF+50, Déf+26, Rés+26', 5500, 50, 50, 0, 26, 26, 0, 0, 'LEGENDAIRE 3 - Avalanche/Armure de l''Avalanche.png', 30);

--
-- Contenu de la table `rpg_gloves`
--

INSERT IGNORE INTO `rpg_gloves` (`id`, `name`, `descr`, `price`, `pv`, `pf`, `atk`, `def`, `res`, `vit`, `flux`, `img`, `req_lvl`) VALUES
(1, 'Gants en coton', 'Atq+5, Flux+5', 500, 0, 0, 5, 0, 0, 0, 5, '1er Set - Coton/Gants en coton.png', 1),
(2, 'Gants en cuir', 'Atq+9, Flux+9', 850, 0, 0, 9, 0, 0, 0, 9, '2e Set - Cuir/Gants en cuir.png', 5),
(3, 'Gants en cuir renforcé', 'Atq+16, Flux+16', 1125, 0, 0, 16, 0, 0, 0, 16, '3e Set - Cuir renforcé/Gants en cuir renforcé.png', 10),
(4, 'Bracelet en bronze', 'Atq+19, Flux+19', 1650, 0, 0, 19, 0, 0, 0, 19, '4e Set - Aventurier/Bracelet en bronze.png', 15),
(5, 'Gants lourds', 'Atq+22, Flux+22', 2200, 0, 0, 22, 0, 0, 0, 22, '5e Set - Expert/Gants lourds.png', 20),
(6, 'Gants d''acier', 'Atq+26, Flux+26', 3300, 0, 0, 26, 0, 0, 0, 26, '6e Set - Héros/Gants d''acier.png', 25),
(7, 'Gants de la Brume', 'Atk+23, Flux+23, Vit+2', 2500, 0, 0, 23, 0, 0, 2, 23, 'LEGENDAIRE 1 - Brume/Gants de la Brume.png', 10),
(8, 'Gants de la Tempête', 'Atq+34, Flux+34, Vit+6', 4000, 0, 0, 34, 0, 0, 6, 34, 'LEGENDAIRE 2 - Tempête/Gants de la Tempête.png', 20),
(9, 'Gants de l''Avalanche', 'Atq+52, Flux+52', 5500, 0, 0, 52, 0, 0, 0, 52, 'LEGENDAIRE 3 - Avalanche/Gants de l''Avalanche.png', 30);

--
-- Contenu de la table `rpg_inventories`
--

INSERT IGNORE INTO `rpg_inventories` (`id`, `player_id`, `slot`, `item_id`, `item_type`, `number`) VALUES
(2, 1, 1, 1, 'ralz', 1),
(282, 11, 1, 1, 'ralz', 1),
(283, 12, 1, 1, 'ralz', 1),
(336, 13, 1, 1, 'ralz', 1),
(358, 14, 1, 1, 'ralz', 1),
(367, 15, 1, 1, 'ralz', 1),
(390, 13, 2, 1, 'syringe', 10),
(391, 13, 3, 4, 'syringe', 10),
(393, 14, 3, 4, 'syringe', 14),
(397, 16, 1, 1, 'ralz', 1),
(400, 17, 1, 1, 'ralz', 1),
(402, 17, 3, 4, 'syringe', 9),
(418, 18, 1, 1, 'ralz', 1),
(424, 19, 1, 1, 'ralz', 1),
(425, 19, 2, 1, 'syringe', 10),
(426, 19, 3, 4, 'syringe', 10),
(438, 20, 1, 1, 'ralz', 1),
(463, 22, 1, 1, 'ralz', 1),
(464, 22, 2, 1, 'syringe', 10),
(465, 22, 3, 4, 'syringe', 10),
(484, 23, 1, 1, 'ralz', 1),
(486, 23, 3, 4, 'syringe', 10),
(488, 24, 1, 1, 'ralz', 1),
(508, 16, 2, 4, 'syringe', 2),
(509, 16, 3, 1, 'syringe', 3),
(636, 17, 2, 2, 'syringe', 5),
(654, 25, 1, 1, 'ralz', 1),
(656, 25, 3, 4, 'syringe', 9),
(736, 26, 1, 1, 'ralz', 1),
(737, 26, 2, 1, 'syringe', 6),
(738, 26, 3, 4, 'syringe', 10),
(749, 23, 2, 1, 'syringe', 1),
(759, 15, 2, 3, 'syringe', 3),
(760, 15, 3, 5, 'syringe', 3),
(812, 27, 1, 1, 'ralz', 1),
(813, 27, 2, 1, 'syringe', 10),
(814, 27, 3, 4, 'syringe', 10),
(821, 28, 1, 1, 'ralz', 1),
(823, 28, 3, 4, 'syringe', 7),
(897, 24, 2, 2, 'syringe', 4),
(899, 25, 2, 2, 'syringe', 9),
(937, 18, 7, 7, 'leggings', 1),
(953, 29, 1, 1, 'ralz', 1),
(957, 11, 3, 3, 'syringe', 38),
(969, 28, 5, 3, 'cloth', 1),
(970, 28, 6, 3, 'leggings', 1),
(971, 28, 7, 3, 'glove', 1),
(972, 28, 8, 3, 'shoe', 1),
(997, 18, 2, 2, 'syringe', 9),
(1010, 1, 2, 3, 'syringe', 28),
(1014, 30, 1, 1, 'ralz', 1),
(1015, 30, 2, 1, 'syringe', 10),
(1016, 30, 3, 4, 'syringe', 10),
(1061, 18, 3, 13, 'orb', 4),
(1062, 18, 4, 10, 'orb', 1),
(1063, 31, 1, 1, 'ralz', 1),
(1064, 31, 2, 1, 'syringe', 5),
(1065, 31, 3, 4, 'syringe', 6),
(1067, 32, 1, 1, 'ralz', 1),
(1068, 32, 2, 1, 'syringe', 9),
(1069, 32, 3, 4, 'syringe', 9),
(1081, 24, 3, 16, 'orb', 1),
(1082, 24, 4, 11, 'orb', 1),
(1086, 18, 5, 7, 'shoe', 1),
(1114, 18, 6, 7, 'orb', 1),
(1120, 18, 8, 1, 'orb', 1),
(1127, 1, 6, 6, 'syringe', 6),
(1131, 14, 2, 1, 'syringe', 6),
(1140, 20, 3, 2, 'orb', 1),
(1141, 33, 1, 1, 'ralz', 1),
(1142, 33, 2, 1, 'syringe', 10),
(1143, 33, 3, 4, 'syringe', 10),
(1157, 34, 1, 1, 'ralz', 1),
(1184, 34, 2, 2, 'syringe', 1),
(1226, 35, 1, 1, 'ralz', 1),
(1227, 35, 2, 1, 'syringe', 10),
(1228, 35, 3, 4, 'syringe', 10),
(1229, 36, 1, 1, 'ralz', 1),
(1230, 36, 2, 1, 'syringe', 10),
(1231, 36, 3, 4, 'syringe', 10),
(1232, 24, 5, 3, 'syringe', 40),
(1234, 34, 3, 3, 'syringe', 30),
(1235, 37, 1, 1, 'ralz', 1),
(1237, 37, 3, 4, 'syringe', 2),
(1259, 38, 1, 1, 'ralz', 1),
(1260, 38, 2, 1, 'syringe', 10),
(1261, 38, 3, 4, 'syringe', 10),
(1262, 39, 1, 1, 'ralz', 1),
(1279, 40, 1, 1, 'ralz', 1),
(1280, 40, 2, 1, 'syringe', 10),
(1281, 40, 3, 4, 'syringe', 10),
(1293, 40, 4, 30, 'orb', 1),
(1294, 40, 5, 15, 'orb', 1),
(1295, 40, 6, 3, 'orb', 1),
(1296, 40, 7, 6, 'orb', 1),
(1298, 40, 9, 12, 'orb', 1),
(1299, 40, 10, 9, 'orb', 2),
(1301, 40, 11, 2, 'syringe', 2),
(1321, 12, 2, 6, 'syringe', 10),
(1322, 12, 3, 3, 'syringe', 30),
(1344, 20, 5, 3, 'syringe', 13),
(1345, 20, 10, 5, 'syringe', 2),
(1347, 20, 4, 6, 'syringe', 20),
(1348, 20, 2, 8, 'shoe', 1),
(1349, 41, 1, 1, 'ralz', 1),
(1350, 41, 2, 1, 'syringe', 10),
(1351, 41, 3, 4, 'syringe', 10),
(1400, 29, 4, 3, 'syringe', 70),
(1401, 29, 3, 5, 'syringe', 60),
(1402, 29, 2, 2, 'syringe', 111),
(1411, 29, 5, 6, 'syringe', 93),
(1456, 42, 1, 1, 'ralz', 1),
(1457, 42, 2, 1, 'syringe', 7),
(1458, 42, 3, 4, 'syringe', 11),
(1459, 43, 1, 1, 'ralz', 1),
(1460, 43, 2, 1, 'syringe', 10),
(1461, 43, 3, 4, 'syringe', 10),
(1462, 44, 1, 1, 'ralz', 1),
(1463, 44, 2, 1, 'syringe', 10),
(1464, 44, 3, 4, 'syringe', 10),
(1465, 45, 1, 1, 'ralz', 1),
(1466, 45, 2, 1, 'syringe', 19),
(1467, 45, 3, 4, 'syringe', 10),
(1480, 46, 1, 1, 'ralz', 1),
(1481, 46, 2, 1, 'syringe', 8),
(1482, 46, 3, 4, 'syringe', 10),
(1483, 47, 1, 1, 'ralz', 1),
(1484, 47, 2, 1, 'syringe', 27),
(1485, 47, 3, 4, 'syringe', 108),
(1493, 48, 1, 1, 'ralz', 1),
(1494, 48, 2, 1, 'syringe', 8),
(1495, 48, 3, 4, 'syringe', 10),
(1496, 49, 1, 1, 'ralz', 1),
(1502, 29, 6, 6, 'orb', 1),
(1503, 29, 7, 30, 'orb', 1),
(1506, 47, 5, 5, 'syringe', 19),
(1524, 1, 3, 18, 'orb', 1),
(1525, 37, 4, 5, 'syringe', 10),
(1526, 12, 4, 12, 'orb', 1),
(1527, 12, 5, 6, 'orb', 1),
(1528, 12, 6, 9, 'orb', 1),
(1530, 47, 4, 2, 'syringe', 55),
(1574, 49, 4, 3, 'syringe', 20),
(1585, 50, 1, 1, 'ralz', 1),
(1587, 50, 3, 4, 'syringe', 7),
(1599, 50, 7, 9, 'glove', 1),
(1605, 50, 2, 1, 'syringe', 34),
(1613, 49, 5, 14, 'orb', 1),
(1641, 37, 2, 3, 'syringe', 6),
(1642, 49, 2, 6, 'syringe', 46),
(1643, 49, 6, 6, 'orb', 2),
(1655, 49, 8, 15, 'orb', 3),
(1657, 49, 10, 5, 'orb', 1),
(1658, 49, 9, 12, 'orb', 3),
(1659, 51, 1, 1, 'ralz', 1),
(1660, 51, 2, 1, 'syringe', 10),
(1661, 51, 3, 4, 'syringe', 10);

--
-- Contenu de la table `rpg_leggings`
--

INSERT IGNORE INTO `rpg_leggings` (`id`, `name`, `descr`, `price`, `pv`, `pf`, `atk`, `def`, `res`, `vit`, `flux`, `img`, `req_lvl`) VALUES
(1, 'Bas en coton', 'PV/PF+2, Déf+2, Rés+2', 500, 2, 2, 0, 2, 2, 0, 0, '1er Set - Coton/Bas en coton.png', 1),
(2, 'Pantalon en cuir', 'PV/PF+5, Déf+4, Rés+4', 850, 5, 5, 0, 4, 4, 0, 0, '2e Set - Cuir/Pantalon en cuir.png', 5),
(3, 'Pantalon en cuir renforcé', 'PV/PF+7, Déf+8, Rés+8', 1125, 7, 7, 0, 8, 8, 0, 0, '3e Set - Cuir renforcé/Pantalon en cuir renforcé.png', 10),
(4, 'Pantalon souple', 'PV/PF+12, Déf+9, Rés+9', 1650, 12, 12, 0, 9, 9, 0, 0, '4e Set - Aventurier/Pantalon souple.png', 15),
(5, 'Bas en mailles', 'PV/PF+20, Déf+11, Rés+11', 2200, 20, 20, 0, 11, 11, 0, 0, '5e Set - Expert/Bas en mailles.png', 20),
(6, 'Pantalon à plaques', 'PV/PF+25, Déf+13, Rés+13', 3300, 25, 25, 0, 13, 13, 0, 0, '6e Set - Héros/Pantalon à plaques.png', 25),
(7, 'Pantalon de la Brume', 'PV/PF+20, Déf+11, Rés+11, Vit+4', 2500, 20, 20, 0, 11, 11, 4, 0, 'LEGENDAIRE 1 - Brume/Pantalon de la Brume.png', 10),
(8, 'Pantalon de la Tempête', 'PV/PF+30, Déf+17, Rés+17, Vit+6', 4000, 30, 30, 0, 17, 17, 6, 0, 'LEGENDAIRE 2 - Tempête/Pantalon de la Tempête.png', 20),
(9, 'Pantalon de l''Avalanche', 'PF/PF+50, Déf+26, Rés+26', 5500, 50, 50, 0, 26, 26, 0, 0, 'LEGENDAIRE 3 - Avalanche/Pantalon de l''Avalanche.png', 30);

--
-- Contenu de la table `rpg_monsters`
--

INSERT IGNORE INTO `rpg_monsters` (`id`, `img`, `name`, `pv`, `pf`, `level`, `atk`, `def`, `res`, `spd`, `flux`, `bgm`, `behaviors`, `ralz`, `drops_number`) VALUES
(2, 'Cavalier_feu.png', 'Cavalier de feu [Elite]', 1000, 500, 24, 55, 45, 55, 45, 50, 'Elites', 'attack,skill', 1200, NULL),
(3, 'fille méduse.png', 'Fille méduse', 60, 0, 1, 5, 6, 6, 6, 5, NULL, 'attack', 21, NULL),
(6, 'usa-chan.png', 'Usa-chan', 50, 0, 1, 5, 5, 5, 5, 5, 'Usa', 'attack', 10000, 1),
(7, 'aulrane.png', 'Aulrane', 60, 0, 1, 5, 7, 4, 7, 5, NULL, 'attack', 28, NULL),
(8, 'boa.png', 'Boa', 75, 0, 2, 6, 8, 5, 6, 6, NULL, 'attack', 35, NULL),
(9, 'sirene3.png', 'Sirène', 70, 0, 2, 6, 5, 7, 8, 5, NULL, 'attack', 42, NULL),
(10, 'expérience n°92.png', 'Expérience n°92', 85, 0, 3, 7, 8, 6, 8, 5, NULL, 'attack', 41, NULL),
(11, 'griffon.png', 'Griffon', 90, 0, 3, 6, 7, 7, 9, 5, NULL, 'attack', 52, NULL),
(12, 'monstre.png', 'Monstre Griffu', 95, 0, 4, 8, 9, 7, 8, 5, NULL, 'attack', 58, NULL),
(13, 'requin meca.png', 'Requin Mécanique', 105, 0, 4, 10, 9, 5, 8, 5, NULL, 'attack', 64, NULL),
(14, 'fish.png', 'Pinnula', 125, 0, 5, 15, 20, 20, 16, 14, NULL, 'attack', 73, NULL),
(15, 'monstre marin.png', 'Scalodon', 130, 0, 5, 19, 16, 16, 20, 14, NULL, 'attack', 80, NULL),
(16, 'monster fish.png', 'Grande-gueule', 130, 0, 6, 22, 22, 16, 14, 14, NULL, 'attack', 90, NULL),
(17, 'requin.png', 'Requin', 145, 0, 6, 24, 20, 14, 16, 14, NULL, 'attack', 93, NULL),
(18, 'demon vert.png', 'Démon vert', 150, 0, 7, 18, 20, 25, 14, 14, NULL, 'attack', 101, NULL),
(19, 'insecte.png', 'Glossine à ailes violettes', 140, 0, 7, 16, 17, 22, 22, 14, NULL, 'attack', 113, NULL),
(20, 'loup garou.png', 'Loup Garou', 160, 0, 8, 24, 18, 18, 20, 14, NULL, 'attack', 126, NULL),
(21, 'trent.png', 'Trent', 170, 0, 8, 18, 24, 24, 14, 14, NULL, 'attack', 130, NULL),
(22, 'geant.png', 'Géant [Elite]', 320, 200, 8, 26, 26, 26, 14, 14, 'Elites', 'attack,skill', 250, NULL),
(23, 'belier.png', 'Bélier', 150, 0, 9, 24, 22, 18, 19, 14, NULL, 'attack', 143, NULL),
(24, 'gobelin.png', 'Gobelin', 165, 0, 9, 26, 16, 16, 25, 14, NULL, 'attack', 150, NULL),
(25, 'dino.png', 'Dino', 190, 0, 10, 34, 30, 25, 25, 21, NULL, 'attack', 160, NULL),
(26, 'loup.png', 'Loup des neiges', 185, 0, 10, 32, 22, 28, 32, 21, NULL, 'attack', 158, NULL),
(27, 'centaure1.png', 'Centaure', 195, 0, 11, 36, 30, 25, 26, 21, NULL, 'attack', 180, NULL),
(28, 'kobold.png', 'Skaven', 200, 0, 11, 36, 23, 23, 35, 21, NULL, 'attack', 182, NULL),
(29, 'lion des neiges.png', 'Lion des neiges', 210, 0, 12, 34, 22, 28, 36, 21, NULL, 'attack', 192, NULL),
(30, 'yeti.png', 'Yeti', 215, 0, 12, 38, 35, 26, 21, 21, NULL, 'attack', 200, NULL),
(31, 'minotaure.png', 'Minotaure', 235, 0, 13, 40, 38, 22, 23, 21, NULL, 'attack', 215, NULL),
(32, 'volant.png', 'Caucasian', 220, 0, 13, 30, 23, 34, 36, 21, NULL, 'attack', 218, NULL),
(33, 'ours cuirassé.png', 'Ours Cuirassé', 240, 0, 14, 36, 36, 28, 26, 21, NULL, 'attack', 222, NULL),
(34, 'Troll.png', 'Troll', 245, 0, 14, 42, 40, 21, 23, 21, NULL, 'attack', 227, NULL),
(35, 'experience n°123.png', 'Experience n°123', 250, 0, 15, 39, 24, 39, 39, 24, NULL, 'attack', 234, NULL),
(36, 'Loup des neiges.png', 'Bestial', 260, 0, 15, 39, 39, 39, 24, 24, NULL, 'attack', 241, NULL),
(37, 'dino cristal.png', 'Dinosaure de cristal', 270, 0, 16, 44, 28, 42, 30, 24, NULL, 'attack', 250, NULL),
(38, 'griffon2.png', 'Griffon Boréal', 265, 0, 16, 44, 28, 30, 42, 24, NULL, 'attack', 251, NULL),
(39, 'necroman.png', 'Necromant [Elite]', 600, 250, 16, 42, 34, 40, 34, 46, 'Elites', 'attack,skill', 650, NULL),
(40, 'chat garou.png', 'Chat garou', 280, 0, 17, 44, 32, 27, 44, 24, NULL, 'attack', 260, NULL),
(41, 'scorpion géant.png', 'Scorpion géant', 285, 0, 17, 48, 35, 28, 36, 24, NULL, 'attack', 265, NULL),
(42, 'gros noir.png', 'Gros noir', 290, 0, 18, 40, 50, 30, 30, 24, NULL, 'attack', 271, NULL),
(43, 'spectre.png', 'Spectre', 310, 0, 18, 50, 40, 24, 36, 24, NULL, 'attack', 280, NULL),
(44, 'dino2.png', 'Dino des sables', 300, 0, 19, 49, 32, 28, 44, 24, NULL, 'attack', 290, NULL),
(45, 'Faucon-Guerrier.png', 'Faucon Guerrier', 315, 0, 19, 39, 34, 34, 46, 24, NULL, 'attack', 288, NULL),
(46, 'rhino.png', 'Rhino', 320, 0, 20, 45, 55, 38, 30, 27, NULL, 'attack', 302, NULL),
(47, 'monstre volant.png', 'Monstre volant', 305, 0, 20, 45, 40, 38, 45, 27, NULL, 'attack', 308, NULL),
(48, 'chat.png', 'Chat', 325, 0, 21, 47, 40, 40, 44, 27, NULL, 'attack', 320, NULL),
(49, 'snake.png', 'Snake', 315, 0, 21, 52, 35, 35, 49, 27, NULL, 'attack', 321, NULL),
(50, 'demoniste.png', 'Démoniste', 330, 0, 22, 55, 35, 50, 34, 27, NULL, 'attack', 333, NULL),
(51, 'lion renard.png', 'Lion Renard', 345, 0, 22, 62, 32, 35, 45, 27, NULL, 'attack', 340, NULL),
(52, 'expérience n°79.png', 'Expérience n°79', 350, 0, 23, 50, 40, 47, 40, 27, NULL, 'attack', 356, NULL),
(53, 'gargouille.png', 'Gargouille', 362, 0, 23, 52, 30, 45, 50, 27, NULL, 'attack', 360, NULL),
(54, 'demon.png', 'Démon', 360, 0, 24, 53, 45, 45, 37, 27, NULL, 'attack', 372, NULL),
(55, 'gorgone.png', 'Gorgone', 365, 0, 24, 60, 40, 30, 50, 27, NULL, 'attack', 380, NULL),
(56, 'zombie.png', 'Zombie', 380, 0, 25, 65, 42, 42, 50, 31, NULL, 'attack', 400, NULL),
(57, 'squelette.png', 'Squelette', 400, 0, 25, 65, 55, 34, 45, 31, NULL, 'attack', 408, NULL),
(58, 'joker.png', 'Joker', 390, 0, 26, 65, 34, 55, 48, 31, NULL, 'attack', 415, NULL),
(59, 'lion de pierre.png', 'Lion de pierre', 430, 0, 26, 55, 65, 42, 40, 31, NULL, 'attack', 421, NULL),
(60, 'troll2.png', 'Troll', 400, 0, 27, 70, 59, 31, 45, 31, NULL, 'attack', 430, NULL),
(61, 'monster.png', 'Monstre', 415, 0, 27, 62, 45, 43, 55, 31, NULL, 'attack', 436, NULL),
(62, 'homme lezard.png', 'Homme lézard', 420, 0, 28, 55, 51, 51, 51, 31, NULL, 'attack', 444, NULL),
(63, 'homme chauve souris.png', 'Homme chauve-souris', 400, 0, 28, 60, 44, 44, 60, 31, NULL, 'attack', 440, NULL),
(64, 'Femme_Dmone.png', 'Femme démon', 440, 0, 29, 66, 55, 40, 50, 31, NULL, 'attack', 450, NULL),
(65, 'ghost.png', 'Ghost', 420, 0, 29, 60, 40, 56, 55, 31, NULL, 'attack', 456, NULL),
(66, 'cyclop.png', 'Cyclope', 420, 0, 29, 70, 60, 41, 40, 31, NULL, 'attack', 454, NULL),
(67, 'golem.png', 'Golem', 420, 0, 29, 61, 70, 40, 40, 31, NULL, 'attack', 453, NULL),
(68, 'spectre2.png', 'Spectre', 450, 0, 30, 60, 50, 65, 39, 31, NULL, 'attack', 470, NULL),
(69, 'loup metal.png', 'Loup Métal', 450, 0, 30, 71, 40, 38, 65, 31, NULL, 'attack', 475, NULL),
(70, 'chimere.png', 'Chimère', 450, 0, 30, 55, 53, 53, 53, 31, NULL, 'attack', 474, NULL),
(71, 'gargouille2.png', 'Gargouille', 450, 0, 30, 60, 51, 51, 52, 31, NULL, 'attack', 473, NULL),
(72, 'dark knight.png', 'Chevalier Noir [Elite]', 1200, 500, 30, 65, 65, 65, 65, 65, 'Elites', 'attack,skill', 2000, NULL),
(75, 'minai_troll.png', 'Troll des Montagnes', 6000, 600, 20, 52, 52, 42, 42, 32, 'Event', 'attack,skill', 3000, NULL),
(76, 'public.png', 'Public mécontent', 50, 0, 1, 5, 5, 5, 5, 5, NULL, 'attack', 0, NULL);

--
-- Contenu de la table `rpg_monsters_drops`
--

INSERT IGNORE INTO `rpg_monsters_drops` (`monster_id`, `area_part_id`, `item_type`, `item_id`, `rate`) VALUES
(2, 9, 'cloth', 8, 30),
(2, 9, 'gloves', 8, 30),
(2, 9, 'leggings', 8, 30),
(2, 9, 'shoes', 8, 30),
(6, 1, 'orb', 1, 100),
(6, 1, 'orb', 4, 100),
(6, 1, 'orb', 7, 100),
(6, 1, 'orb', 10, 100),
(6, 1, 'orb', 13, 100),
(6, 1, 'orb', 16, 100),
(6, 1, 'orb', 28, 100),
(6, 2, 'orb', 1, 100),
(6, 2, 'orb', 4, 100),
(6, 2, 'orb', 7, 100),
(6, 2, 'orb', 10, 100),
(6, 2, 'orb', 13, 100),
(6, 2, 'orb', 16, 100),
(6, 2, 'orb', 28, 100),
(6, 3, 'orb', 1, 100),
(6, 3, 'orb', 4, 100),
(6, 3, 'orb', 7, 100),
(6, 3, 'orb', 10, 100),
(6, 3, 'orb', 13, 100),
(6, 3, 'orb', 16, 100),
(6, 3, 'orb', 28, 100),
(6, 4, 'orb', 1, 100),
(6, 4, 'orb', 4, 100),
(6, 4, 'orb', 7, 100),
(6, 4, 'orb', 10, 100),
(6, 4, 'orb', 13, 100),
(6, 4, 'orb', 16, 100),
(6, 4, 'orb', 28, 100),
(6, 5, 'orb', 2, 100),
(6, 5, 'orb', 5, 100),
(6, 5, 'orb', 8, 100),
(6, 5, 'orb', 11, 100),
(6, 5, 'orb', 14, 100),
(6, 5, 'orb', 17, 100),
(6, 5, 'orb', 29, 100),
(6, 6, 'orb', 2, 100),
(6, 6, 'orb', 5, 100),
(6, 6, 'orb', 8, 100),
(6, 6, 'orb', 11, 100),
(6, 6, 'orb', 14, 100),
(6, 6, 'orb', 17, 100),
(6, 6, 'orb', 29, 100),
(6, 7, 'orb', 2, 100),
(6, 7, 'orb', 5, 100),
(6, 7, 'orb', 8, 100),
(6, 7, 'orb', 11, 100),
(6, 7, 'orb', 14, 100),
(6, 7, 'orb', 17, 100),
(6, 7, 'orb', 29, 100),
(6, 8, 'orb', 2, 100),
(6, 8, 'orb', 5, 100),
(6, 8, 'orb', 8, 100),
(6, 8, 'orb', 11, 100),
(6, 8, 'orb', 14, 100),
(6, 8, 'orb', 17, 100),
(6, 8, 'orb', 29, 100),
(6, 9, 'orb', 3, 100),
(6, 9, 'orb', 6, 100),
(6, 9, 'orb', 9, 100),
(6, 9, 'orb', 12, 100),
(6, 9, 'orb', 15, 100),
(6, 9, 'orb', 18, 100),
(6, 9, 'orb', 30, 100),
(6, 10, 'orb', 3, 100),
(6, 10, 'orb', 6, 100),
(6, 10, 'orb', 9, 100),
(6, 10, 'orb', 12, 100),
(6, 10, 'orb', 15, 100),
(6, 10, 'orb', 18, 100),
(6, 10, 'orb', 30, 100),
(6, 11, 'orb', 3, 100),
(6, 11, 'orb', 6, 100),
(6, 11, 'orb', 9, 100),
(6, 11, 'orb', 12, 100),
(6, 11, 'orb', 15, 100),
(6, 11, 'orb', 18, 100),
(6, 11, 'orb', 30, 100),
(6, 12, 'orb', 3, 100),
(6, 12, 'orb', 6, 100),
(6, 12, 'orb', 9, 100),
(6, 12, 'orb', 12, 100),
(6, 12, 'orb', 15, 100),
(6, 12, 'orb', 18, 100),
(6, 12, 'orb', 30, 100),
(6, 13, 'orb', 3, 100),
(6, 13, 'orb', 6, 100),
(6, 13, 'orb', 9, 100),
(6, 13, 'orb', 12, 100),
(6, 13, 'orb', 15, 100),
(6, 13, 'orb', 18, 100),
(6, 13, 'orb', 30, 100),
(6, 14, 'orb', 3, 100),
(6, 14, 'orb', 6, 100),
(6, 14, 'orb', 9, 100),
(6, 14, 'orb', 12, 100),
(6, 14, 'orb', 15, 100),
(6, 14, 'orb', 18, 100),
(6, 14, 'orb', 30, 100),
(6, 15, 'orb', 3, 100),
(6, 15, 'orb', 6, 100),
(6, 15, 'orb', 9, 100),
(6, 15, 'orb', 12, 100),
(6, 15, 'orb', 15, 100),
(6, 15, 'orb', 18, 100),
(6, 15, 'orb', 30, 100),
(6, 16, 'orb', 3, 100),
(6, 16, 'orb', 6, 100),
(6, 16, 'orb', 9, 100),
(6, 16, 'orb', 12, 100),
(6, 16, 'orb', 15, 100),
(6, 16, 'orb', 18, 100),
(6, 16, 'orb', 30, 100),
(39, 5, 'cloth', 7, 50),
(39, 5, 'gloves', 7, 50),
(39, 5, 'leggings', 7, 50),
(39, 5, 'shoes', 7, 50),
(72, 16, 'cloth', 9, 10),
(72, 16, 'gloves', 9, 10),
(72, 16, 'leggings', 9, 10),
(72, 16, 'shoes', 9, 10),
(72, 16, 'special', 1, 0.5);

--
-- Contenu de la table `rpg_monsters_skills`
--

INSERT IGNORE INTO `rpg_monsters_skills` (`id`, `skill_type`, `skill_name`, `skill_element`, `monster_id`) VALUES
(1, 'counter', 'Mur de feu', 'fire', 2),
(6, 'curse', 'Incinération', 'fire', 2),
(7, 'power', 'Ecrasement', 'earth', 22),
(8, 'curse', 'Force obscure', 'darkness', 39),
(9, 'power', 'Epée des ténèbres', 'darkness', 72),
(10, 'absorb', 'Trou Noir', 'none', 72),
(11, 'protection', 'Garde Puissante', 'earth', 75);

--
-- Contenu de la table `rpg_monster_books`
--

INSERT IGNORE INTO `rpg_monster_books` (`player_id`, `monster_id`, `area_part_id`, `encounters`, `wins`, `loses`) VALUES
(1, 68, 16, 4, 4, 0),
(1, 69, 16, 8, 8, 0),
(1, 70, 16, 1, 1, 0),
(1, 71, 16, 5, 5, 0),
(1, 72, 16, 1, 1, 0),
(12, 68, 16, 1, 1, 0),
(12, 71, 16, 1, 1, 0),
(37, 2, 9, 20, 18, 2),
(37, 6, 9, 1, 1, 0),
(37, 35, 5, 16, 16, 0),
(37, 36, 5, 20, 20, 0),
(37, 37, 5, 22, 22, 0),
(37, 38, 5, 20, 20, 0),
(37, 39, 5, 7, 7, 0),
(37, 40, 12, 2, 2, 0),
(37, 41, 12, 1, 1, 0),
(37, 42, 12, 3, 3, 0),
(37, 43, 12, 1, 1, 0),
(37, 44, 11, 5, 5, 0),
(37, 45, 11, 5, 5, 0),
(37, 46, 11, 5, 5, 0),
(37, 47, 11, 5, 5, 0),
(37, 48, 10, 3, 3, 0),
(37, 49, 10, 1, 1, 0),
(37, 50, 10, 1, 1, 0),
(37, 51, 10, 1, 1, 0),
(37, 52, 9, 107, 107, 0),
(37, 53, 9, 91, 91, 0),
(37, 54, 9, 94, 94, 0),
(37, 55, 9, 90, 90, 0),
(37, 56, 13, 3, 3, 0),
(37, 57, 13, 3, 3, 0),
(37, 58, 13, 1, 1, 0),
(37, 59, 13, 3, 3, 0),
(37, 60, 14, 1, 1, 0),
(37, 61, 14, 2, 2, 0),
(37, 62, 14, 3, 3, 0),
(37, 63, 14, 2, 2, 0),
(37, 64, 15, 5, 5, 0),
(37, 65, 15, 1, 1, 0),
(37, 66, 15, 4, 4, 0),
(37, 67, 15, 1, 1, 0),
(37, 68, 16, 14, 14, 0),
(37, 69, 16, 9, 9, 0),
(37, 70, 16, 6, 6, 0),
(37, 71, 16, 12, 12, 0),
(37, 72, 16, 1, 1, 0),
(49, 2, 9, 13, 11, 2),
(49, 3, 1, 2, 2, 0),
(49, 6, 9, 5, 5, 0),
(49, 6, 13, 4, 4, 0),
(49, 7, 1, 2, 2, 0),
(49, 8, 1, 2, 2, 0),
(49, 9, 1, 1, 1, 0),
(49, 10, 2, 1, 1, 0),
(49, 11, 2, 3, 3, 0),
(49, 12, 2, 1, 1, 0),
(49, 13, 2, 1, 1, 0),
(49, 14, 3, 2, 2, 0),
(49, 15, 3, 1, 1, 0),
(49, 16, 3, 2, 2, 0),
(49, 17, 3, 1, 1, 0),
(49, 18, 4, 14, 14, 0),
(49, 19, 4, 12, 12, 0),
(49, 20, 4, 14, 14, 0),
(49, 21, 4, 11, 11, 0),
(49, 22, 4, 1, 1, 0),
(49, 23, 8, 6, 6, 0),
(49, 24, 8, 4, 4, 0),
(49, 25, 8, 6, 6, 0),
(49, 26, 8, 2, 2, 0),
(49, 27, 7, 1, 1, 0),
(49, 28, 7, 2, 2, 0),
(49, 29, 7, 1, 1, 0),
(49, 30, 7, 2, 2, 0),
(49, 31, 6, 1, 1, 0),
(49, 32, 6, 4, 4, 0),
(49, 33, 6, 1, 1, 0),
(49, 34, 6, 2, 2, 0),
(49, 35, 5, 2, 2, 0),
(49, 36, 5, 2, 2, 0),
(49, 37, 5, 1, 1, 0),
(49, 38, 5, 1, 1, 0),
(49, 39, 5, 1, 1, 0),
(49, 40, 12, 2, 2, 0),
(49, 41, 12, 1, 1, 0),
(49, 42, 12, 3, 3, 0),
(49, 43, 12, 1, 1, 0),
(49, 44, 11, 1, 1, 0),
(49, 45, 11, 2, 2, 0),
(49, 46, 11, 2, 2, 0),
(49, 47, 11, 1, 1, 0),
(49, 48, 10, 1, 1, 0),
(49, 49, 10, 2, 2, 0),
(49, 50, 10, 1, 1, 0),
(49, 51, 10, 1, 1, 0),
(49, 52, 9, 76, 76, 0),
(49, 53, 9, 93, 93, 0),
(49, 54, 9, 77, 77, 0),
(49, 55, 9, 92, 90, 6),
(49, 56, 13, 81, 80, 2),
(49, 57, 13, 75, 73, 3),
(49, 58, 13, 91, 91, 2),
(49, 59, 13, 79, 79, 1),
(49, 61, 14, 1, 1, 0),
(49, 68, 16, 1, 1, 0),
(49, 69, 16, 1, 1, 0),
(49, 70, 16, 2, 2, 0),
(49, 71, 16, 4, 3, 1),
(50, 11, 2, 1, 1, 0),
(50, 17, 3, 1, 1, 0),
(50, 18, 4, 4, 4, 0),
(50, 19, 4, 4, 4, 0),
(50, 20, 4, 6, 6, 0),
(50, 21, 4, 2, 2, 0),
(50, 24, 8, 1, 1, 0),
(50, 25, 8, 2, 1, 1),
(50, 26, 8, 3, 3, 0);

--
-- Contenu de la table `rpg_orbs`
--

INSERT IGNORE INTO `rpg_orbs` (`id`, `name`, `descr`, `price`, `level`, `type`, `img`, `attack`, `defense`, `resistance`, `speed`, `flux`, `pv`, `pf`, `effect`, `trig`, `size`) VALUES
(1, 'Orbe Attaque', 'Niveau 1 : Attaque + 2', 5000, 1, 0, 'OrbeATK.png', 2, 0, 0, 0, 0, 0, 0, NULL, NULL, 1),
(2, 'Orbe Attaque', 'Niveau 2 : Attaque + 4', 10000, 2, 0, 'OrbeATK.png', 4, 0, 0, 0, 0, 0, 0, NULL, NULL, 1),
(3, 'Orbe Attaque', 'Niveau 3 : Attaque + 6', 20000, 3, 0, 'OrbeATK.png', 6, 0, 0, 0, 0, 0, 0, NULL, NULL, 1),
(4, 'Orbe Défense', 'Niveau 1 : Défense + 2', 5000, 1, 1, 'OrbeDEF.png', 0, 2, 0, 0, 0, 0, 0, NULL, NULL, 1),
(5, 'Orbe Défense', 'Niveau 2 : Défense + 4', 10000, 2, 1, 'OrbeDEF.png', 0, 4, 0, 0, 0, 0, 0, NULL, NULL, 1),
(6, 'Orbe Défense', 'Niveau 3 : Défense +6', 20000, 3, 1, 'OrbeDEF.png', 0, 6, 0, 0, 0, 0, 0, NULL, NULL, 1),
(7, 'Orbe Vitesse', 'Niveau 1 : Vitesse + 2', 5000, 1, 2, 'OrbeVIT.png', 0, 0, 0, 2, 0, 0, 0, NULL, NULL, 1),
(8, 'Orbe Vitesse', 'Niveau 2 : Vitesse + 4', 10000, 2, 2, 'OrbeVIT.png', 0, 0, 0, 4, 0, 0, 0, NULL, NULL, 1),
(9, 'Orbe Vitesse', 'Niveau 3 : Vitesse + 6', 20000, 3, 2, 'OrbeVIT.png', 0, 0, 0, 6, 0, 0, 0, NULL, NULL, 1),
(10, 'Orbe Flux', 'Niveau 1 : Flux + 2', 5000, 1, 3, 'OrbeFLUX.png', 0, 0, 0, 0, 2, 0, 0, NULL, NULL, 1),
(11, 'Orbe Flux', 'Niveau 2 : Flux + 4', 10000, 2, 3, 'OrbeFLUX.png', 0, 0, 0, 0, 4, 0, 0, NULL, NULL, 1),
(12, 'Orbe Flux', 'Niveau 3 : Flux + 6', 20000, 3, 3, 'OrbeFLUX.png', 0, 0, 0, 0, 6, 0, 0, NULL, NULL, 1),
(13, 'Orbe PV', 'Niveau 1 : PV + 5%', 5000, 1, 4, 'OrbePV.png', 0, 0, 0, 0, 0, 0.05, 0, NULL, NULL, 1),
(14, 'Orbe PV', 'Niveau 2 : PV + 10%', 10000, 2, 4, 'OrbePV.png', 0, 0, 0, 0, 0, 0.1, 0, NULL, NULL, 1),
(15, 'Orbe PV', 'Niveau 3 : PV + 15%', 20000, 3, 4, 'OrbePV.png', 0, 0, 0, 0, 0, 0.15, 0, NULL, NULL, 1),
(16, 'Orbe PF', 'Niveau 1 : PF + 5%', 5000, 1, 5, 'OrbePF.png', 0, 0, 0, 0, 0, 0, 0.05, NULL, NULL, 1),
(17, 'Orbe PF', 'Niveau 2 : PF + 10%', 10000, 2, 5, 'OrbePF.png', 0, 0, 0, 0, 0, 0, 0.1, NULL, NULL, 1),
(18, 'Orbe PF', 'Niveau 3 : PF + 15%', 20000, 3, 5, 'OrbePF.png', 0, 0, 0, 0, 0, 0, 0.15, NULL, NULL, 1),
(19, 'Fortune', 'Empêche les coups critiques adverses.<br><em>Activation : Toujours</em>', 0, 1, 0, 'OrbePASSIVE.png', 0, 0, 0, 0, 0, 0, 0, 'no_critical', 'battle_start', 1),
(20, 'Second Souffle', 'Ressuscite avec le montant de vie perdu.<br><em>Activation : PV = 0</em>', 0, 1, 0, 'OrbePASSIVE.png', 0, 0, 0, 0, 0, 0, 0, 'rebirth', 'pv_0', 1),
(21, 'Achèvement', 'Tue l''ennemi instantanément.<br><em>Activation : PV ennemi <= 3%</em>', 0, 1, 0, 'OrbePASSIVE.png', 0, 0, 0, 0, 0, 0, 0, 'kill', 'opponent_pv_3', 1),
(22, 'Equité', 'Neutralise toutes les orbes.<br><em>Activation : Toujours</em>', 0, 1, 0, 'OrbeMAUDITE.png', 0, 0, 0, 0, 0, 0, 0, 'no_orbs', 'battle_start', 4),
(23, 'Attaque +', '+1% d''attaque tous les 1% de PV perdus.<br><em>Activation : PV <= 25%</em>', 0, 1, 0, 'OrbePASSIVE.png', 0, 0, 0, 0, 0, 0, 0, 'attack+', 'pv_quarter', 1),
(24, 'Défense +', '+1% de défense tous les 1% de PV perdus.<br><em>Activation : PV <= 25%</em>', 0, 1, 0, 'OrbePASSIVE.png', 0, 0, 0, 0, 0, 0, 0, 'defense+', 'pv_quarter', 1),
(25, 'Vitesse +', '+1% de vitesse tous les 1% de PV perdus.<br><em>Activation : PV <= 25%</em>', 0, 1, 0, 'OrbePASSIVE.png', 0, 0, 0, 0, 0, 0, 0, 'speed+', 'pv_quarter', 1),
(26, 'Flux +', '+1% de flux tous les 1% de PV perdus.<br><em>Activation : PV <= 25%</em>', 0, 1, 0, 'OrbePASSIVE.png', 0, 0, 0, 0, 0, 0, 0, 'flux+', 'pv_quarter', 1),
(27, 'Berserk', '+1% de critique tous les 2% de PV perdus.<br><em>Activation : PV <= 25%</em>', 0, 1, 0, 'OrbePASSIVE.png', 0, 0, 0, 0, 0, 0, 0, 'berserk', 'pv_quarter', 1),
(28, 'Orbe Résistance', 'Niveau 1 : Résistance + 2', 5000, 1, 0, 'OrbeRES.png', 0, 0, 2, 0, 0, 0, 0, NULL, NULL, 1),
(29, 'Orbe Résistance', 'Niveau 2 : Résistance + 4', 10000, 2, 0, 'OrbeRES.png', 0, 0, 4, 0, 0, 0, 0, NULL, NULL, 1),
(30, 'Orbe Résistance', 'Niveau 3 : Résistance + 6', 20000, 3, 0, 'OrbeRES.png', 0, 0, 6, 0, 0, 0, 0, NULL, NULL, 1),
(31, 'Résistance +', '+1% de résistance tous les 1% de PV perdus.<br><em>Activation : PV <= 25%</em>', 0, 1, 0, 'OrbePASSIVE.png', 0, 0, 0, 0, 0, 0, 0, 'resistance+', 'pv_quarter', 1);

--
-- Contenu de la table `rpg_organisations`
--

INSERT IGNORE INTO `rpg_organisations` (`id`, `name`) VALUES
(5, 'Citoyen'),
(4, 'Conseil'),
(6, 'Déesse'),
(3, 'Eclypse'),
(1, 'Empire'),
(2, 'Révolutionnaires');

--
-- Contenu de la table `rpg_players`
--

INSERT IGNORE INTO `rpg_players` (`id`, `gender`, `level`, `leader`, `pv`, `pf`, `xp`, `karma`, `bgm`, `energy`, `max_energy_bonus`, `inc_energy_bonus`, `total_battles`, `honor`, `atk_points`, `def_points`, `spd_points`, `flux_points`, `res_points`, `ralz`, `orb1`, `orb2`, `orb3`, `orb4`, `organisation_id`, `clan_id`, `cloth_name`, `leggings_name`, `gloves_name`, `shoes_name`, `skill_1`, `skill_2`, `skill_3`, `skill_4`, `skill_1_name`, `skill_2_name`, `skill_3_name`, `skill_4_name`, `skill_1_element`, `skill_2_element`, `skill_3_element`, `skill_4_element`, `skill_1_subskill`, `skill_2_subskill`, `skill_3_subskill`, `skill_4_subskill`, `enable_sound`, `enable_animations`, `enable_alpha`, `enable_hd`, `introduction_link`, `salary_multiplier`, `enable_salary_level_multiplier`) VALUES
(1, 'M', 30, 0, 430, 616, 218, 0, NULL, 30, 0, 0, 2251, 2, 35, 0, 0, 35, 20, 609725, 3, 12, 18, 30, 5, 30, 'Plastron en Titanium', 'Bas en Titanium', 'Bracelets en Titanium', 'Bottes en Titanium', 'power', 'arcana', 'regen', 'wrath', 'Ondes de choc', 'Rayon blaster', 'Nanomachines', 'Skyzophrénie', 'wind', 'light', 'none', 'darkness', 'counter', 'absorb', 'illusion', 'focus', 0, 1, 1, 1, 'http://exitium-rpg.com/viewtopic.php?f=8&amp;t=53', 1, 1);

--
-- Contenu de la table `rpg_players_achievements`
--

INSERT IGNORE INTO `rpg_players_achievements` (`player_id`, `achievement_id`, `unlocked`) VALUES
(1, 1, 1),
(1, 2, 1),
(1, 3, 1),
(1, 4, 1),
(1, 5, 1),
(1, 6, 1),
(1, 8, 1),
(1, 9, 1),
(1, 11, 1),
(1, 12, 1),
(1, 17, 1),
(1, 26, 1),
(1, 27, 1),
(1, 28, 1),
(1, 29, 1),
(1, 30, 1),
(1, 31, 1),
(1, 32, 1),
(1, 33, 1),
(1, 35, 1),
(1, 36, 1),
(1, 37, 1),
(1, 38, 1),
(1, 39, 1),
(1, 40, 1),
(1, 41, 1),
(1, 42, 1),
(1, 64, 1),
(1, 66, 1),
(1, 68, 1);

--
-- Contenu de la table `rpg_players_stats`
--

INSERT IGNORE INTO `rpg_players_stats` (`id`, `player_id`, `max_ralz_own`, `max_ralz_buy`, `max_ralz_send`, `pve_total_battles`, `pve_total_wins`, `pve_total_loses`, `pve_total_runs`, `pvp_total_battles`, `pvp_total_wins`, `pvp_total_loses`, `pvp_total_draws`, `war_total_wins`, `war_total_loses`, `karma_points`, `inn_times`, `buy_times`, `quests_number`, `event_times`, `event_best_rank`, `warehouse_max_slots`) VALUES
(1, 1, 1038340, 100000, 150000, 589, 589, 0, 0, 0, 0, 0, 0, 0, 0, 0, 376, 13, 0, 0, 0, 12);

--
-- Contenu de la table `rpg_ralz`
--

INSERT IGNORE INTO `rpg_ralz` (`id`, `name`, `desc`, `img`) VALUES
(1, 'Ralz', 'Valeur : ', 'Ralz.png');

--
-- Contenu de la table `rpg_sets`
--

INSERT IGNORE INTO `rpg_sets` (`id`, `name`, `descr`, `price`, `cloth_id`, `leggings_id`, `gloves_id`, `shoes_id`, `pv`, `pf`, `atk`, `def`, `res`, `vit`, `flux`) VALUES
(1, 'Set - Coton [Niveau 1]', 'PV+5, PF+5, Atq+5, Déf+5, Rés+5, Vit+5, Flux+5', 1750, 1, 1, 1, 1, 0, 0, 0, 0, 0, 0, 0),
(2, 'Set - Cuir [Niveau 5]', 'PV+10, PF+10, Atq+9, Déf+9, Rés+9, Vit+9, Flux+9', 3000, 2, 2, 2, 2, 0, 0, 0, 0, 0, 0, 0),
(3, 'Set - Cuir renforcé [Niveau 10]', 'PV+15, PF+15, Atq+16, Déf+16, Rés+16, Vit+16, Flux+16', 4000, 3, 3, 3, 3, 0, 0, 0, 0, 0, 0, 0),
(4, 'Set - Aventurier [Niveau 15]', 'PV+25, PF+25, Atq+19, Déf+19, Rés+19, Vit+19, Flux+19', 6000, 4, 4, 4, 4, 0, 0, 0, 0, 0, 0, 0),
(5, 'Set - Expert [Niveau 20]', 'PV+40, PF+40, Atq+22, Déf+22, Rés+22, Vit+22, Flux+22', 8200, 5, 5, 5, 5, 0, 0, 0, 0, 0, 0, 0),
(6, 'Set - Héros [Niveau 25]', 'PV+50, PF+50, Atq+26, Déf+26, Rés+26, Vit+26, Flux+26', 12500, 6, 6, 6, 6, 0, 0, 0, 0, 0, 0, 0),
(7, 'LEGENDAIRE - Brume', 'PV+40, PF+40, Atq+23, Déf+23, Rés+23, Vit+35, Flux+23', 9500, 7, 7, 7, 7, 0, 0, 0, 0, 0, 0, 0),
(8, 'LEGENDAIRE - Tempête', 'PV+60, PF+60, Atq+34, Déf+34, Rés+34, Vit+52, Flux+34', 15000, 8, 8, 8, 8, 0, 0, 0, 0, 0, 0, 0),
(9, 'LEGENDAIRE - Avalanche', 'PV+100, PF+100, Atq+52, Déf+52, Rés+52, Vit+52, Flux+52', 20000, 9, 9, 9, 9, 0, 0, 0, 0, 0, 0, 0);

--
-- Contenu de la table `rpg_shoes`
--

INSERT IGNORE INTO `rpg_shoes` (`id`, `name`, `descr`, `price`, `pv`, `pf`, `atk`, `def`, `res`, `vit`, `flux`, `img`, `req_lvl`) VALUES
(1, 'Bottes en coton', 'Vit+5', 500, 0, 0, 0, 0, 0, 5, 0, '1er Set - Coton/Bottes en coton.png', 1),
(2, 'Bottes en cuir', 'Vit+9', 850, 0, 0, 0, 0, 0, 9, 0, '2e Set - Cuir/Bottes en cuir.png', 5),
(3, 'Bottes en cuir renforcé', 'Vit+16', 1125, 0, 0, 0, 0, 0, 8, 0, '3e Set - Cuir renforcé/Bottes en cuir renforcé.png', 10),
(4, 'Bottes légères', 'Vit+19', 1650, 0, 0, 0, 0, 0, 19, 0, '4e Set - Aventurier/Bottes légères.png', 15),
(5, 'Bottes lourdes', 'Vit+22', 2200, 0, 0, 0, 0, 0, 22, 0, '5e Set - Expert/Bottes lourdes.png', 20),
(6, 'Bottes d''acier', 'Vit+26', 3300, 0, 0, 0, 0, 0, 26, 0, '6e Set - Héros/Bottes d''acier.png', 25),
(7, 'Bottes de la Brume', 'Vit+25', 2500, 0, 0, 0, 0, 0, 25, 0, 'LEGENDAIRE 1 - Brume/Bottes de la Brume.png', 10),
(8, 'Bottes de la Tempête', 'Vit+34', 4000, 0, 0, 0, 0, 0, 34, 0, 'LEGENDAIRE 2 - Tempête/Bottes de la Tempête.png', 20),
(9, 'Bottes de l''Avalanche', 'Vit+52', 5500, 0, 0, 0, 0, 0, 52, 0, 'LEGENDAIRE 3 - Avalanche/Bottes de l''Avalanche.png', 30);

--
-- Contenu de la table `rpg_specials`
--

INSERT IGNORE INTO `rpg_specials` (`id`, `name`, `descr`, `img`, `price`, `effect`) VALUES
(1, 'Cristal Magique', 'Augmente le grade de l''arme une fois.', 'cristal_magique.png', 100000, 'upgrade_weapon'),
(2, 'Parchemin ancien', 'Réinitialise les points de stats une fois.', 'parchemin_stats.png', 100000, 'reset_points'),
(3, 'Pierre d''amnésie', 'Réinitialise les skills une fois.', 'pierre_skills.png', 40000, 'reset_skills'),
(4, 'Pilule énergisante', 'Energie max + 5, Récupération d''énergie + 1.', 'capsule.png', 0, 'up_energy');

--
-- Contenu de la table `rpg_syringes`
--

INSERT IGNORE INTO `rpg_syringes` (`id`, `name`, `descr`, `price`, `img`, `usable_outside_battle`, `pv`, `max_pv`, `pf`, `max_pf`, `atk`, `def`, `vit`, `flux`, `res`) VALUES
(1, 'Seringue [PV] niveau 1', 'Rend 50 PV', 50, 'SeringuePV1.png', 1, 50, 0, 0, 0, 0, 0, 0, 0, 0),
(2, 'Seringue [PV] niveau 2', 'Rend 150 PV', 120, 'SeringuePV1.png', 1, 150, 0, 0, 0, 0, 0, 0, 0, 0),
(3, 'Seringue [PV] niveau 3', 'Rend 300 PV', 200, 'SeringuePV1.png', 1, 300, 0, 0, 0, 0, 0, 0, 0, 0),
(4, 'Seringue [PF] niveau 1', 'Rend 50 PF', 50, 'SeringuePF1.png', 1, 0, 0, 50, 0, 0, 0, 0, 0, 0),
(5, 'Seringue [PF] niveau 2', 'Rend 150 PF', 120, 'SeringuePF1.png', 1, 0, 0, 150, 0, 0, 0, 0, 0, 0),
(6, 'Seringue [PF] niveau 3', 'Rend 300 PF', 200, 'SeringuePF1.png', 1, 0, 0, 300, 0, 0, 0, 0, 0, 0),
(7, 'Seringue [PV] niveau 4', 'Rend 500 PV', 350, 'SeringuePV1.png', 1, 500, 0, 0, 0, 0, 0, 0, 0, 0);

--
-- Contenu de la table `rpg_upgrades`
--

INSERT IGNORE INTO `rpg_upgrades` (`id`, `grade`, `success_rate`, `price`) VALUES
(1, 'C', 80, 1000),
(2, 'B', 60, 2200),
(3, 'A', 40, 3800),
(4, 'S', 20, 5000),
(5, 'SS', 10, 6500);

--
-- Contenu de la table `rpg_users_players`
--

INSERT IGNORE INTO `rpg_users_players` (`user_id`, `player_id`) VALUES
(2, 1);

--
-- Contenu de la table `rpg_warehouse`
--

INSERT IGNORE INTO `rpg_warehouse` (`player_id`, `slot`, `item_type`, `item_id`, `number`) VALUES
(1, 0, 'ralz', 1, 14002),
(1, 1, 'shoe', 9, 1),
(1, 2, 'glove', 9, 1),
(1, 3, 'cloth', 9, 1),
(1, 4, 'shoe', 9, 1),
(1, 5, 'orb', 1, 1),
(1, 6, 'orb', 8, 1),
(1, 7, 'orb', 9, 1),
(1, 8, 'orb', 15, 1),
(1, 9, 'orb', 18, 1),
(1, 10, 'orb', 30, 1),
(1, 11, 'orb', 12, 1),
(1, 12, 'orb', 6, 2);

--
-- Contenu de la table `rpg_weapons`
--

INSERT IGNORE INTO `rpg_weapons` (`id`, `player_id`, `name`, `grade`) VALUES
(1, 1, 'Epée laser &amp; Blaster', 'SS');

--
-- Contenu de la table `rpg_xp`
--

INSERT IGNORE INTO `rpg_xp` (`id`, `level`, `xp`) VALUES
(1, 1, 300),
(2, 2, 690),
(3, 3, 1170),
(4, 4, 1740),
(5, 5, 2400),
(6, 6, 3150),
(7, 7, 3990),
(8, 8, 4920),
(9, 9, 5940),
(10, 10, 7050),
(11, 11, 8250),
(12, 12, 9540),
(13, 13, 10920),
(14, 14, 12390),
(15, 15, 13950),
(16, 16, 15600),
(17, 17, 17340),
(18, 18, 19170),
(19, 19, 21090),
(20, 20, 23100),
(21, 21, 25200),
(22, 22, 27390),
(23, 23, 29670),
(24, 24, 32040),
(25, 25, 34500),
(26, 26, 37050),
(27, 27, 39690),
(28, 28, 42420),
(29, 29, 45240);
SET FOREIGN_KEY_CHECKS=1;
COMMIT;

/*!40101 SET CHARACTER_SET_CLIENT=@OLD_CHARACTER_SET_CLIENT */;
/*!40101 SET CHARACTER_SET_RESULTS=@OLD_CHARACTER_SET_RESULTS */;
/*!40101 SET COLLATION_CONNECTION=@OLD_COLLATION_CONNECTION */;
